rowid,kepid,kepoi_name,kepler_name,koi_disposition,koi_vet_stat,koi_vet_date,koi_pdisposition,koi_score,koi_fpflag_nt,koi_fpflag_ss,koi_fpflag_co,koi_fpflag_ec,koi_disp_prov,koi_comment,koi_period,koi_period_err1,koi_period_err2,koi_time0bk,koi_time0bk_err1,koi_time0bk_err2,koi_time0,koi_time0_err1,koi_time0_err2,koi_eccen,koi_eccen_err1,koi_eccen_err2,koi_longp,koi_longp_err1,koi_longp_err2,koi_impact,koi_impact_err1,koi_impact_err2,koi_duration,koi_duration_err1,koi_duration_err2,koi_ingress,koi_ingress_err1,koi_ingress_err2,koi_depth,koi_depth_err1,koi_depth_err2,koi_ror,koi_ror_err1,koi_ror_err2,koi_srho,koi_srho_err1,koi_srho_err2,koi_fittype,koi_prad,koi_prad_err1,koi_prad_err2,koi_sma,koi_sma_err1,koi_sma_err2,koi_incl,koi_incl_err1,koi_incl_err2,koi_teq,koi_teq_err1,koi_teq_err2,koi_insol,koi_insol_err1,koi_insol_err2,koi_dor,koi_dor_err1,koi_dor_err2,koi_limbdark_mod,koi_ldm_coeff4,koi_ldm_coeff3,koi_ldm_coeff2,koi_ldm_coeff1,koi_parm_prov,koi_max_sngle_ev,koi_max_mult_ev,koi_model_snr,koi_count,koi_num_transits,koi_tce_plnt_num,koi_tce_delivname,koi_quarters,koi_bin_oedp_sig,koi_trans_mod,koi_model_dof,koi_model_chisq,koi_datalink_dvr,koi_datalink_dvs,koi_steff,koi_steff_err1,koi_steff_err2,koi_slogg,koi_slogg_err1,koi_slogg_err2,koi_smet,koi_smet_err1,koi_smet_err2,koi_srad,koi_srad_err1,koi_srad_err2,koi_smass,koi_smass_err1,koi_smass_err2,koi_sage,koi_sage_err1,koi_sage_err2,koi_sparprov,ra,dec,koi_kepmag,koi_gmag,koi_rmag,koi_imag,koi_zmag,koi_jmag,koi_hmag,koi_kmag,koi_fwm_stat_sig,koi_fwm_sra,koi_fwm_sra_err,koi_fwm_sdec,koi_fwm_sdec_err,koi_fwm_srao,koi_fwm_srao_err,koi_fwm_sdeco,koi_fwm_sdeco_err,koi_fwm_prao,koi_fwm_prao_err,koi_fwm_pdeco,koi_fwm_pdeco_err,koi_dicco_mra,koi_dicco_mra_err,koi_dicco_mdec,koi_dicco_mdec_err,koi_dicco_msky,koi_dicco_msky_err,koi_dikco_mra,koi_dikco_mra_err,koi_dikco_mdec,koi_dikco_mdec_err,koi_dikco_msky,koi_dikco_msky_err,kepid_str,kepname,invrprs_bin_index,invrprs_bin_edges,rprs_bin_edges
6,10872983,K00756.01,Kepler-228 d,CONFIRMED,Done,2018-08-16,CANDIDATE,1.0,0,0,0,0,q1_q17_dr25_sup_koi,NO_COMMENT,11.09432054,2.036e-05,-2.036e-05,171.20116,0.00141,-0.00141,2455004.201,0.00141,-0.00141,0.0,,,,,,0.538,0.03,-0.428,4.5945,0.061,-0.061,,,,1517.5,24.2,-24.2,0.036779,0.005115,-0.001065,0.67324,0.33286,-0.38858,LS+MCMC,3.9,1.27,-0.42,0.0992,,,88.11,,,835.0,,,114.81,112.85,-36.7,16.36,8.1,-8.1,Claret (2011 A&A 529 75) ATLAS LS,0.0,0.0,0.2889,0.3511,q1_q17_dr25_koi,9.046456,55.204865,66.5,3,95.0,1.0,q1_q17_dr25_tce,01111101110111011000000000000000,0.0975,Mandel and Agol (2002 ApJ 580 171),,,010/010872/010872983/dv/kplr010872983-20160209194854_dvr.pdf,010/010872/010872983/dv/kplr010872983-001-20160209194854_dvs.pdf,6046.0,189.0,-232.0,4.486,0.054,-0.229,-0.08,0.25,-0.3,0.972,0.315,-0.105,1.053,0.135,-0.15,,,,q1_q17_dr25_stellar,296.28613,48.22467,15.714,16.234,15.677,15.492,15.441,14.528,14.113,14.132,,19.7524061,6.1e-06,48.22471,6.5e-05,-0.12,0.22,0.14,0.24,4e-05,0.00034,,,0.04,0.12,-0.07,0.11,0.08,0.13,-0.02,0.13,-0.08,0.1,0.08,0.1,kplr010872983,Kepler-228d,13,"(26, 31)","(0.03225806451612903, 0.038461538461538464)"
10,10910878,K00757.01,Kepler-229 c,CONFIRMED,Done,2018-08-16,CANDIDATE,1.0,0,0,0,0,q1_q17_dr25_sup_koi,NO_COMMENT,16.06864674,1.088e-05,-1.088e-05,173.621937,0.000517,-0.000517,2455006.622,0.000517,-0.000517,0.0,,,,,,0.052,0.262,-0.052,3.5347,0.0241,-0.0241,,,,4914.3,33.3,-33.3,0.062161,0.000913,-0.000428,3.6659,0.11507,-0.51226,LS+MCMC,5.76,0.22,-0.49,0.1158,,,89.92,,,600.0,,,30.75,4.46,-6.66,36.85,1.2,-1.2,Claret (2011 A&A 529 75) ATLAS LS,0.0,0.0,0.1451,0.582,q1_q17_dr25_koi,20.457163,137.44981,161.9,3,69.0,1.0,q1_q17_dr25_tce,11111110111011101000000000000000,0.1819,Mandel and Agol (2002 ApJ 580 171),,,010/010910/010910878/dv/kplr010910878-20160209194854_dvr.pdf,010/010910/010910878/dv/kplr010910878-001-20160209194854_dvs.pdf,5031.0,75.0,-83.0,4.485,0.083,-0.028,0.16,0.15,-0.15,0.848,0.033,-0.072,0.801,0.052,-0.03,,,,q1_q17_dr25_stellar,286.99948,48.37579,15.841,16.559,15.77,15.534,15.368,14.363,13.868,13.785,0.063,19.1332989,2.5e-06,48.375778,2.4e-05,0.033,0.091,-0.044,0.086,0.00026,0.00063,0.00049,0.00078,0.041,0.075,-0.015,0.073,0.044,0.075,0.005,0.075,0.03,0.082,0.031,0.081,kplr010910878,Kepler-229c,10,"(15, 18)","(0.05555555555555555, 0.06666666666666667)"
11,11446443,K00001.01,Kepler-1 b,CONFIRMED,Done,2018-08-16,CANDIDATE,0.811,0,0,0,0,q1_q17_dr25_sup_koi,CENT_SATURATED,2.470613377,2.7e-08,-2.7e-08,122.763305,8.7e-06,-8.7e-06,2454955.763,8.7e-06,-8.7e-06,0.0,,,,,,0.818,0.001,-0.001,1.74319,0.00107,-0.00107,,,,14231.0,4.2,-4.2,0.123871,5.1e-05,-7.1e-05,1.83538,0.00587,-0.00846,LS+MCMC,13.04,0.51,-0.51,0.0354,,,84.41,,,1339.0,,,761.46,106.21,-95.76,8.3977,0.0269,-0.0269,Claret (2011 A&A 529 75) ATLAS LS,0.0,0.0,0.2676,0.3928,q1_q17_dr25_koi,544.1701,6468.04,4304.3,1,432.0,1.0,q1_q17_dr25_tce,11111110111011101000000000000000,0.1522,Mandel and Agol (2002 ApJ 580 171),,,011/011446/011446443/dv/kplr011446443-20160209194854_dvr.pdf,011/011446/011446443/dv/kplr011446443-001-20160209194854_dvs.pdf,5820.0,78.0,-78.0,4.457,0.024,-0.024,-0.06,0.15,-0.15,0.964,0.038,-0.038,0.971,0.062,-0.056,,,,q1_q17_dr25_stellar,286.80847,49.316399,11.338,11.736,11.275,11.168,11.126,10.232,9.92,9.846,0.0,19.12056404,4.6e-08,49.31642961,4.9e-07,-0.0232,0.0016,0.1066,0.0018,-0.00012,0.00012,0.00078,0.00019,-0.009,0.068,-0.3,0.16,0.3,0.16,0.015,0.069,-0.27,0.17,0.27,0.17,kplr011446443,Kepler-1b,6,"(7, 9)","(0.1111111111111111, 0.14285714285714285)"
12,10666592,K00002.01,Kepler-2 b,CONFIRMED,Done,2018-08-16,CANDIDATE,1.0,0,1,0,0,q1_q17_dr25_sup_koi,MOD_SEC_DV---PLANET_OCCULT_DV---MOD_SEC_ALT---PLANET_OCCULT_ALT---HAS_SEC_TCE---CENT_SATURATED,2.204735417,4.3e-08,-4.3e-08,121.3585417,1.6e-05,-1.6e-05,2454954.359,1.6e-05,-1.6e-05,0.0,,,,,,0.224,0.159,-0.216,3.88864,0.00203,-0.00203,,,,6674.7,1.7,-1.7,0.075522,0.000298,-0.00035,0.37936,0.02846,-0.02633,LS+MCMC,16.1,0.81,-0.91,0.0376,,,87.21,,,2048.0,,,4148.92,651.59,-654.46,4.602,0.345,-0.345,Claret (2011 A&A 529 75) ATLAS LS,0.0,0.0,0.3168,0.2958,q1_q17_dr25_koi,232.27,3862.1846,5945.9,1,611.0,1.0,q1_q17_dr25_tce,11111111111111111000000000000000,0.0,Mandel and Agol (2002 ApJ 580 171),,,010/010666/010666592/dv/kplr010666592-20160209194854_dvr.pdf,010/010666/010666592/dv/kplr010666592-001-20160209194854_dvs.pdf,6440.0,76.0,-89.0,4.019,0.033,-0.027,0.14,0.15,-0.15,1.952,0.099,-0.11,1.449,0.07,-0.091,,,,q1_q17_dr25_stellar,292.24728,47.969521,10.463,10.935,10.49,,,9.555,9.344,9.334,,19.483163025,5.9e-08,47.96930831,6.3e-07,0.3986,0.0021,-0.7585,0.0023,-0.001754,3.8e-05,,,2.22,0.57,-3.29,0.5,3.97,0.7,2.02,0.69,-3.67,0.51,4.19,0.75,kplr010666592,Kepler-2b,9,"(12, 15)","(0.06666666666666667, 0.08333333333333333)"
13,6922244,K00010.01,Kepler-8 b,CONFIRMED,Done,2018-08-16,CANDIDATE,0.998,0,0,0,0,q1_q17_dr25_sup_koi,NO_COMMENT,3.522498429,1.98e-07,-1.98e-07,121.1194228,4.71e-05,-4.71e-05,2454954.119,4.71e-05,-4.71e-05,0.0,,,,,,0.631,0.007,-0.007,3.19843,0.00653,-0.00653,,,,9145.7,6.6,-6.6,0.092086,0.000141,-0.000177,0.65374,0.01481,-0.01458,LS+MCMC,14.59,1.11,-1.11,0.0473,,,85.2,,,1521.0,,,1264.67,307.23,-276.48,7.541,0.171,-0.171,Claret (2011 A&A 529 75) ATLAS LS,0.0,0.0,0.305,0.3201,q1_q17_dr25_koi,130.83832,1725.5824,1741.5,1,384.0,1.0,q1_q17_dr25_tce,11111111111111111000000000000000,0.6662,Mandel and Agol (2002 ApJ 580 171),,,006/006922/006922244/dv/kplr006922244-20160209194854_dvr.pdf,006/006922/006922244/dv/kplr006922244-001-20160209194854_dvs.pdf,6225.0,112.0,-137.0,4.169,0.055,-0.045,-0.04,0.15,-0.15,1.451,0.11,-0.11,1.132,0.108,-0.078,,,,q1_q17_dr25_stellar,281.28812,42.45108,13.563,13.886,13.511,13.424,13.413,12.576,12.324,12.293,0.0,18.75252746,2.2e-07,42.4510634,2.1e-06,-0.5515,0.0087,-0.0597,0.0075,1e-05,0.00017,0.00036,0.00021,0.014,0.067,-0.013,0.067,0.02,0.067,-0.028,0.067,0.176,0.068,0.178,0.068,kplr006922244,Kepler-8b,8,"(10, 12)","(0.08333333333333333, 0.1)"
14,10984090,K00112.02,Kepler-466 c,CONFIRMED,Done,2018-08-16,CANDIDATE,1.0,0,0,0,0,q1_q17_dr25_sup_koi,NO_COMMENT,3.709214104,6.536e-06,-6.536e-06,133.98318,0.00143,-0.00143,2454966.983,0.00143,-0.00143,0.0,,,,,,0.051,0.395,-0.051,2.6302,0.0427,-0.0427,,,,131.1,3.0,-3.0,0.010424,0.000318,-0.000147,1.77451,0.06493,-0.57483,LS+MCMC,1.16,0.17,-0.12,0.0465,,,89.73,,,1206.0,,,500.46,197.96,-130.54,10.888,0.398,-0.398,Claret (2011 A&A 529 75) ATLAS LS,0.0,0.0,0.2622,0.4035,q1_q17_dr25_koi,4.8657312,41.28873,50.6,2,352.0,2.0,q1_q17_dr25_tce,11111111111111111000000000000000,0.605,Mandel and Agol (2002 ApJ 580 171),,,010/010984/010984090/dv/kplr010984090-20160209194854_dvr.pdf,010/010984/010984090/dv/kplr010984090-002-20160209194854_dvs.pdf,5833.0,105.0,-117.0,4.407,0.085,-0.114,-0.04,0.15,-0.15,1.022,0.143,-0.107,0.974,0.066,-0.066,,,,q1_q17_dr25_stellar,295.64871,48.49556,12.772,13.169,12.74,12.602,12.564,11.698,11.402,11.367,0.009,19.709924,7.6e-06,48.495685,7.9e-05,0.36,0.27,0.45,0.28,-4.6e-05,3.4e-05,-5e-05,3.6e-05,0.24,0.16,-0.15,0.28,0.29,0.2,0.16,0.16,-0.13,0.27,0.21,0.21,kplr010984090,Kepler-466c,20,"(93, 112)","(0.008928571428571428, 0.010752688172043012)"
19,10526549,K00746.01,Kepler-660 b,CONFIRMED,Done,2018-08-16,CANDIDATE,1.0,0,0,0,0,q1_q17_dr25_sup_koi,CENT_KIC_POS,9.27358173,1.037e-05,-1.037e-05,173.258155,0.000877,-0.000877,2455006.258,0.000877,-0.000877,0.0,,,,,,0.387,0.004,-0.386,3.2875,0.0309,-0.0309,,,,1288.3,16.8,-16.8,0.032563,0.003061,-0.00063,1.93557,0.52971,-0.14046,LS+MCMC,2.47,0.2,-0.24,0.0759,,,88.93,,,649.0,,,41.85,12.49,-11.7,20.65,5.6,-5.6,Claret (2011 A&A 529 75) ATLAS LS,0.0,0.0,0.1263,0.6019,q1_q17_dr25_koi,9.616924,71.48005,87.2,1,144.0,1.0,q1_q17_dr25_tce,11111111111111111000000000000000,0.0504,Mandel and Agol (2002 ApJ 580 171),,,010/010526/010526549/dv/kplr010526549-20160209194854_dvr.pdf,010/010526/010526549/dv/kplr010526549-001-20160209194854_dvs.pdf,4856.0,131.0,-146.0,4.583,0.065,-0.035,-0.3,0.3,-0.3,0.696,0.056,-0.068,0.676,0.088,-0.047,,,,q1_q17_dr25_stellar,288.13824,47.724449,15.302,16.111,15.24,14.955,14.765,13.672,13.12,13.033,0.037,19.2092154,5.3e-06,47.724506,4.6e-05,-0.05,0.19,0.2,0.16,0.00034,0.00024,0.00019,0.00022,-0.059,0.085,-0.008,0.073,0.059,0.085,0.042,0.084,0.344,0.081,0.346,0.081,kplr010526549,Kepler-660b,14,"(31, 37)","(0.02702702702702703, 0.03225806451612903)"
20,10583066,K00747.01,Kepler-661 b,CONFIRMED,Done,2018-08-16,CANDIDATE,1.0,0,0,0,0,q1_q17_dr25_sup_koi,CENT_KIC_POS,6.02930329,5.509e-06,-5.509e-06,171.602959,0.000713,-0.000713,2455004.603,0.000713,-0.000713,0.0,,,,,,0.258,0.196,-0.258,1.5821,0.0311,-0.0311,,,,1912.7,34.4,-34.4,0.038838,0.001021,-0.001203,13.09803,1.84066,-3.66782,LS+MCMC,2.85,0.26,-0.15,0.0585,,,89.5,,,678.0,,,50.04,16.4,-9.88,29.31,4.1,-4.1,Claret (2011 A&A 529 75) ATLAS LS,0.0,0.0,0.0628,0.6908,q1_q17_dr25_koi,6.876831,52.36939,65.4,1,215.0,1.0,q1_q17_dr25_tce,11111111111111111000000000000000,1.0,Mandel and Agol (2002 ApJ 580 171),,,010/010583/010583066/dv/kplr010583066-20160209194854_dvr.pdf,010/010583/010583066/dv/kplr010583066-001-20160209194854_dvs.pdf,4537.0,123.0,-123.0,4.648,0.02,-0.056,0.21,0.2,-0.3,0.672,0.062,-0.036,0.761,0.033,-0.067,,,,q1_q17_dr25_stellar,283.71088,47.86327,15.784,16.838,15.758,15.332,15.1,14.001,13.37,13.231,0.77,18.9140505,6.1e-06,47.863205,5.8e-05,-0.32,0.22,-0.24,0.21,-0.00017,0.00043,-0.0001,0.00044,0.11,0.11,0.01,0.12,0.11,0.11,-0.19,0.11,-0.24,0.12,0.3,0.1,kplr010583066,Kepler-661b,13,"(26, 31)","(0.03225806451612903, 0.038461538461538464)"
22,10601284,K00749.01,Kepler-226 c,CONFIRMED,Done,2018-08-16,CANDIDATE,1.0,0,0,0,0,q1_q17_dr25_sup_koi,NO_COMMENT,5.349553819,8.834e-06,-8.834e-06,171.80694,0.00127,-0.00127,2455004.807,0.00127,-0.00127,0.0,,,,,,0.092,0.369,-0.092,3.0278,0.0471,-0.0471,,,,831.0,14.8,-14.8,0.025706,0.000845,-0.000453,1.73782,0.00625,-0.73875,LS+MCMC,2.55,0.16,-0.24,0.0563,,,89.62,,,919.0,,,168.99,34.66,-38.48,13.8015,0.0496,-0.0496,Claret (2011 A&A 529 75) ATLAS LS,0.0,0.0,0.186,0.5256,q1_q17_dr25_koi,6.0370364,48.504196,60.6,3,247.0,1.0,q1_q17_dr25_tce,11111111111111111000000000000000,0.7722,Mandel and Agol (2002 ApJ 580 171),,,010/010601/010601284/dv/kplr010601284-20160209194854_dvr.pdf,010/010601/010601284/dv/kplr010601284-001-20160209194854_dvs.pdf,5185.0,85.0,-77.0,4.44,0.098,-0.045,0.16,0.15,-0.15,0.91,0.057,-0.086,0.831,0.058,-0.032,,,,q1_q17_dr25_stellar,292.37613,47.880989,15.416,15.988,15.363,15.172,15.093,14.114,13.724,13.633,0.002,19.4917224,9.3e-06,47.880883,8.4e-05,-0.71,0.34,-0.38,0.3,0.00055,0.00028,0.0003,0.00025,0.04,0.13,-0.02,0.12,0.04,0.13,-0.02,0.12,-0.03,0.12,0.04,0.12,kplr010601284,Kepler-226c,15,"(37, 45)","(0.022222222222222223, 0.02702702702702703)"
28,11460018,K00769.01,Kepler-671 b,CONFIRMED,Done,2018-08-16,CANDIDATE,1.0,0,0,0,0,q1_q17_dr25_sup_koi,NO_COMMENT,4.280963604,6.141e-06,-6.141e-06,171.89659,0.00115,-0.00115,2455004.897,0.00115,-0.00115,0.0,,,,,,0.424,0.112,-0.356,2.875,0.042,-0.042,,,,750.8,14.1,-14.1,0.025377,0.000141,-0.000935,1.24482,0.4541,-0.15577,LS+MCMC,2.3,0.58,-0.19,0.0503,,,87.72,,,1012.0,,,247.87,182.24,-63.32,10.64,3.9,-3.9,Claret (2011 A&A 529 75) ATLAS LS,0.0,0.0,0.2676,0.3928,q1_q17_dr25_koi,6.7006826,52.913242,61.8,1,311.0,1.0,q1_q17_dr25_tce,11111111111111111000000000000000,0.4302,Mandel and Agol (2002 ApJ 580 171),,,011/011460/011460018/dv/kplr011460018-20160209194854_dvr.pdf,011/011460/011460018/dv/kplr011460018-001-20160209194854_dvs.pdf,5644.0,152.0,-169.0,4.564,0.032,-0.168,-0.14,0.3,-0.3,0.831,0.207,-0.069,0.928,0.094,-0.115,,,,q1_q17_dr25_stellar,294.26581,49.314091,15.356,15.926,15.314,15.112,15.033,14.121,13.756,13.769,0.0,19.6177106,5.3e-06,49.314102,5.1e-05,-0.33,0.19,0.04,0.18,0.00073,0.00014,6e-05,0.00014,0.003,0.089,-0.065,0.088,0.066,0.088,-0.015,0.089,0.158,0.088,0.158,0.088,kplr011460018,Kepler-671b,15,"(37, 45)","(0.022222222222222223, 0.02702702702702703)"
33,10910878,K00757.02,Kepler-229 d,CONFIRMED,Done,2018-08-16,CANDIDATE,0.992,0,0,0,0,q1_q17_dr25_sup_koi,NO_COMMENT,41.19725502,9.345e-05,-9.345e-05,165.00404,0.00171,-0.00171,2454998.004,0.00171,-0.00171,0.0,,,,,,0.045,0.337,-0.045,4.6297,0.0633,-0.0633,,,,2213.9,45.5,-45.5,0.041693,0.00118,-0.000613,3.9471,0.11711,-0.98055,LS+MCMC,3.86,0.15,-0.33,0.217,,,89.96,,,439.0,,,8.76,1.27,-1.9,70.75,2.1,-2.1,Claret (2011 A&A 529 75) ATLAS LS,0.0,0.0,0.1451,0.582,q1_q17_dr25_koi,11.918161,37.877567,51.2,3,26.0,2.0,q1_q17_dr25_tce,11111110111011101000000000000000,0.1551,Mandel and Agol (2002 ApJ 580 171),,,010/010910/010910878/dv/kplr010910878-20160209194854_dvr.pdf,010/010910/010910878/dv/kplr010910878-002-20160209194854_dvs.pdf,5031.0,75.0,-83.0,4.485,0.083,-0.028,0.16,0.15,-0.15,0.848,0.033,-0.072,0.801,0.052,-0.03,,,,q1_q17_dr25_stellar,286.99948,48.37579,15.841,16.559,15.77,15.534,15.368,14.363,13.868,13.785,0.123,19.1332861,8.4e-06,48.37579,8e-05,-0.43,0.3,0.0,0.29,0.00111,0.00073,0.00012,0.00079,0.12,0.19,0.0,0.13,0.12,0.19,0.07,0.2,0.03,0.16,0.08,0.16,kplr010910878,Kepler-229d,12,"(22, 26)","(0.038461538461538464, 0.045454545454545456)"
36,11018648,K00759.01,Kepler-230 b,CONFIRMED,Done,2018-08-16,CANDIDATE,1.0,0,0,0,0,q1_q17_dr25_sup_koi,NO_COMMENT,32.62876672,5.801e-05,-5.801e-05,194.1019,0.00138,-0.00138,2455027.102,0.00138,-0.00138,0.0,,,,,,0.021,0.402,-0.021,4.7971,0.058,-0.058,,,,1804.8,25.4,-25.4,0.03852,0.000971,-0.000365,2.79093,0.07518,-0.76489,LS+MCMC,3.36,0.76,-0.33,0.1889,,,89.98,,,506.0,,,15.55,10.51,-4.18,53.95,1.5,-1.5,Claret (2011 A&A 529 75) ATLAS LS,0.0,0.0,0.2521,0.421,q1_q17_dr25_koi,14.0889,61.372303,80.0,2,34.0,1.0,q1_q17_dr25_tce,11111110111011101000000000000000,0.6386,Mandel and Agol (2002 ApJ 580 171),,,011/011018/011018648/dv/kplr011018648-20160209194854_dvr.pdf,011/011018/011018648/dv/kplr011018648-001-20160209194854_dvs.pdf,5586.0,152.0,-152.0,4.56,0.05,-0.15,-0.3,0.3,-0.3,0.798,0.181,-0.077,0.844,0.097,-0.078,,,,q1_q17_dr25_stellar,285.71854,48.505859,15.082,15.64,15.04,14.842,14.765,13.824,13.37,13.299,0.047,19.0478951,7.1e-06,48.505812,6.1e-05,-0.25,0.26,-0.17,0.22,0.00079,0.00045,-0.00016,0.00042,0.037,0.089,0.07,0.13,0.08,0.11,0.121,0.093,-0.09,0.12,0.15,0.11,kplr011018648,Kepler-230b,13,"(26, 31)","(0.03225806451612903, 0.038461538461538464)"
38,11138155,K00760.01,Kepler-1976 b,CONFIRMED,Done,2018-08-16,CANDIDATE,1.0,0,0,0,0,q1_q17_dr25_sup_koi,NO_COMMENT,4.959319244,5.15e-07,-5.15e-07,172.2585292,8.27e-05,-8.27e-05,2455005.259,8.27e-05,-8.27e-05,0.0,,,,,,0.831,0.016,-0.004,2.22739,0.0075,-0.0075,,,,9802.0,20.0,-20.0,0.103379,0.001245,-7.4e-05,1.46169,0.05503,-0.18338,LS+MCMC,12.21,1.96,-1.46,0.0565,,,86.15,,,1103.0,,,349.4,146.52,-93.21,12.386,0.466,-0.466,Claret (2011 A&A 529 75) ATLAS LS,0.0,0.0,0.2602,0.4096,q1_q17_dr25_koi,58.764744,670.4895,696.5,1,269.0,1.0,q1_q17_dr25_tce,11111111111111111000000000000000,0.0517,Mandel and Agol (2002 ApJ 580 171),,,011/011138/011138155/dv/kplr011138155-20160209194854_dvr.pdf,011/011138/011138155/dv/kplr011138155-001-20160209194854_dvs.pdf,5712.0,77.0,-77.0,4.359,0.11,-0.11,0.1,0.15,-0.15,1.082,0.173,-0.13,0.976,0.073,-0.055,,,,q1_q17_dr25_stellar,292.16705,48.727589,15.263,15.715,15.209,15.069,15.041,14.123,13.815,13.805,0.705,19.47780401,6.2e-07,48.7275662,5.6e-06,0.0,0.022,-0.086,0.02,0.00011,0.00052,-7e-05,0.00075,-0.018,0.067,0.012,0.067,0.022,0.067,-0.021,0.067,-0.077,0.068,0.08,0.068,kplr011138155,Kepler-1976b,8,"(10, 12)","(0.08333333333333333, 0.1)"
42,9579641,K00115.01,Kepler-105 b,CONFIRMED,Done,2018-08-16,CANDIDATE,1.0,0,0,0,0,q1_q17_dr25_sup_koi,NO_COMMENT,5.412203927,3.052e-06,-3.052e-06,133.143089,0.000468,-0.000468,2454966.143,0.000468,-0.000468,0.0,,,,,,0.787,0.005,-0.565,2.9472,0.024,-0.024,,,,601.6,4.0,-4.0,0.024775,6e-05,-0.001886,0.51087,1.25402,-0.00404,LS+MCMC,2.94,0.43,-0.38,0.0591,,,85.12,,,1093.0,,,337.68,137.29,-102.18,9.25,4.5,-4.5,Claret (2011 A&A 529 75) ATLAS LS,0.0,0.0,0.2676,0.3928,q1_q17_dr25_koi,46.475086,163.47614,166.7,3,244.0,1.0,q1_q17_dr25_tce,11111111111111111000000000000000,0.2265,Mandel and Agol (2002 ApJ 580 171),,,009/009579/009579641/dv/kplr009579641-20160209194854_dvr.pdf,009/009579/009579641/dv/kplr009579641-001-20160209194854_dvs.pdf,5779.0,104.0,-115.0,4.339,0.132,-0.108,-0.06,0.15,-0.15,1.087,0.157,-0.142,0.941,0.074,-0.054,,,,q1_q17_dr25_stellar,287.88733,46.276241,12.791,13.111,12.732,12.654,12.648,11.811,11.555,11.503,0.0,19.1924882,1.9e-06,46.276192,1.9e-05,0.007,0.07,-0.175,0.068,-5.2e-05,4.3e-05,-0.000137,4.2e-05,-0.03,0.079,0.08,0.11,0.08,0.11,-0.16,0.078,-0.18,0.13,0.24,0.11,kplr009579641,Kepler-105b,15,"(37, 45)","(0.022222222222222223, 0.02702702702702703)"
43,11304958,K00764.01,Kepler-667 b,CONFIRMED,Done,2018-08-16,CANDIDATE,0.998,0,0,0,0,q1_q17_dr25_sup_koi,NO_COMMENT,41.43958662,7.557e-05,-7.557e-05,208.93203,0.00142,-0.00142,2455041.932,0.00142,-0.00142,0.0,,,,,,0.355,0.04,-0.355,10.5989,0.088,-0.088,,,,2793.1,22.6,-22.6,0.048175,0.000284,-0.001083,0.28189,0.06167,-0.03545,LS+MCMC,5.5,1.57,-0.96,0.2288,,,89.31,,,516.0,,,16.72,14.66,-6.64,29.47,6.4,-6.4,Claret (2011 A&A 529 75) ATLAS LS,0.0,0.0,0.224,0.4695,q1_q17_dr25_koi,27.788597,124.52492,141.1,1,33.0,1.0,q1_q17_dr25_tce,11111111111111111000000000000000,0.4776,Mandel and Agol (2002 ApJ 580 171),,,011/011304/011304958/dv/kplr011304958-20160209194854_dvr.pdf,011/011304/011304958/dv/kplr011304958-001-20160209194854_dvs.pdf,5468.0,180.0,-164.0,4.367,0.153,-0.187,0.22,0.2,-0.3,1.046,0.297,-0.183,0.93,0.092,-0.074,,,,q1_q17_dr25_stellar,295.55505,49.017342,15.4,16.068,15.32,15.114,14.996,13.948,13.596,13.519,0.043,19.7036699,2.9e-06,49.017297,3.3e-05,0.0,0.1,-0.15,0.12,-0.00022,0.00032,-0.0004,0.0004,-0.029,0.082,-0.072,0.092,0.078,0.096,-0.049,0.083,-0.069,0.089,0.085,0.094,kplr011304958,Kepler-667b,11,"(18, 22)","(0.045454545454545456, 0.05555555555555555)"
45,11403044,K00766.01,Kepler-669 b,CONFIRMED,Done,2018-08-16,CANDIDATE,1.0,0,0,0,0,q1_q17_dr25_sup_koi,NO_COMMENT,4.125543472,3.133e-06,-3.133e-06,169.752585,0.000613,-0.000613,2455002.753,0.000613,-0.000613,0.0,,,,,,0.597,0.235,-0.367,3.1744,0.0362,-0.0362,,,,1487.3,13.3,-13.3,0.036796,0.00263,-0.001282,0.67162,0.43306,-0.44111,LS+MCMC,4.43,1.44,-0.51,0.0529,,,85.95,,,1243.0,,,565.35,542.47,-188.14,8.45,2.7,-2.7,Claret (2011 A&A 529 75) ATLAS LS,0.0,0.0,0.3024,0.3288,q1_q17_dr25_koi,9.387555,94.70979,128.6,1,323.0,1.0,q1_q17_dr25_tce,01111111111111111000000000000000,0.6043,Mandel and Agol (2002 ApJ 580 171),,,011/011403/011403044/dv/kplr011403044-20160209194854_dvr.pdf,011/011403/011403044/dv/kplr011403044-001-20160209194854_dvs.pdf,6174.0,173.0,-239.0,4.417,0.056,-0.21,0.1,0.2,-0.3,1.103,0.358,-0.128,1.162,0.158,-0.158,,,,q1_q17_dr25_stellar,291.93616,49.253979,15.506,15.977,15.453,15.305,15.253,14.38,14.083,14.198,0.431,19.4624133,3.5e-06,49.254001,3.4e-05,0.07,0.12,0.07,0.12,-0.00012,0.00017,-9e-05,0.00018,-0.034,0.071,0.009,0.071,0.035,0.071,-0.066,0.072,0.036,0.075,0.075,0.073,kplr011403044,Kepler-669b,13,"(26, 31)","(0.03225806451612903, 0.038461538461538464)"
46,11414511,K00767.01,Kepler-670 b,CONFIRMED,Done,2018-08-16,CANDIDATE,1.0,0,0,0,0,q1_q17_dr25_sup_koi,NO_COMMENT,2.816504904,1.65e-07,-1.65e-07,170.9676846,4.66e-05,-4.66e-05,2455003.968,4.66e-05,-4.66e-05,0.0,,,,,,0.105,0.264,-0.119,2.50587,0.00666,-0.00666,,,,16814.0,11.0,-11.0,0.117059,0.001834,-0.000297,2.09079,0.12997,-0.41666,LS+MCMC,12.21,1.62,-0.87,0.0383,,,89.37,,,1219.0,,,521.13,184.34,-97.95,9.571,0.595,-0.595,Claret (2011 A&A 529 75) ATLAS LS,0.0,0.0,0.2291,0.4603,q1_q17_dr25_koi,104.64681,1328.3038,1406.8,1,474.0,1.0,q1_q17_dr25_tce,11111111111111111000000000000000,0.7998,Mandel and Agol (2002 ApJ 580 171),,,011/011414/011414511/dv/kplr011414511-20160209194854_dvr.pdf,011/011414/011414511/dv/kplr011414511-001-20160209194854_dvs.pdf,5532.0,74.0,-83.0,4.452,0.063,-0.108,0.14,0.15,-0.15,0.955,0.127,-0.068,0.941,0.053,-0.047,,,,q1_q17_dr25_stellar,297.01547,49.225288,15.052,15.636,14.988,14.802,14.685,13.732,13.393,13.315,0.0,19.8010403,2.2e-07,49.2253781,2.6e-06,0.3386,0.0076,0.317,0.0093,-0.00034,0.00064,0.00069,0.00097,-0.024,0.067,-0.007,0.067,0.025,0.067,0.032,0.069,0.159,0.068,0.162,0.069,kplr011414511,Kepler-670b,7,"(9, 10)","(0.1, 0.1111111111111111)"
49,12366084,K00787.01,Kepler-232 b,CONFIRMED,Done,2018-08-16,CANDIDATE,1.0,0,0,0,0,q1_q17_dr25_sup_koi,NO_COMMENT,4.431238488,6.106e-06,-6.106e-06,171.015,0.00111,-0.00111,2455004.015,0.00111,-0.00111,0.0,,,,,,0.405,0.041,-0.405,3.15,0.0423,-0.0423,,,,1010.9,15.2,-15.2,0.02933,0.000228,-0.000889,1.01996,0.37117,-0.07443,LS+MCMC,3.25,0.47,-0.25,0.0529,,,87.72,,,1104.0,,,351.23,135.26,-68.33,10.19,3.7,-3.7,Claret (2011 A&A 529 75) ATLAS LS,0.0,0.0,0.2555,0.4191,q1_q17_dr25_koi,6.815371,58.259056,71.1,3,302.0,1.0,q1_q17_dr25_tce,11111111111111111000000000000000,0.52,Mandel and Agol (2002 ApJ 580 171),,,012/012366/012366084/dv/kplr012366084-20160209194854_dvr.pdf,012/012366/012366084/dv/kplr012366084-001-20160209194854_dvs.pdf,5714.0,77.0,-77.0,4.428,0.063,-0.117,0.16,0.15,-0.15,1.015,0.148,-0.079,1.007,0.056,-0.062,,,,q1_q17_dr25_stellar,295.81616,51.121738,15.367,15.912,15.311,15.133,15.081,14.179,13.799,13.765,0.016,19.7210781,6.2e-06,51.121966,6e-05,0.03,0.21,0.82,0.21,0.0005,0.00022,-0.0001,0.00023,-0.097,0.099,0.03,0.11,0.1,0.11,-0.045,0.096,0.06,0.1,0.07,0.11,kplr012366084,Kepler-232b,14,"(31, 37)","(0.02702702702702703, 0.03225806451612903)"
52,8395660,K00116.01,Kepler-106 c,CONFIRMED,Done,2018-08-16,CANDIDATE,1.0,0,0,0,0,q1_q17_dr25_sup_koi,NO_COMMENT,13.57078281,1.585e-05,-1.585e-05,136.279194,0.000957,-0.000957,2454969.279,0.000957,-0.000957,0.0,,,,,,0.866,0.015,-0.621,3.3539,0.0489,-0.0489,,,,511.7,6.3,-6.3,0.023908,0.000413,-0.002627,0.49865,2.55354,-0.08697,LS+MCMC,2.64,0.4,-0.27,0.1096,,,87.07,,,785.0,,,89.61,38.12,-22.92,16.93,7.9,-7.9,Claret (2011 A&A 529 75) ATLAS LS,0.0,0.0,0.2676,0.3928,q1_q17_dr25_koi,18.771214,76.76887,88.4,4,101.0,1.0,q1_q17_dr25_tce,11111111111111111000000000000000,0.6645,Mandel and Agol (2002 ApJ 580 171),,,008/008395/008395660/dv/kplr008395660-20160209194854_dvr.pdf,008/008395/008395660/dv/kplr008395660-001-20160209194854_dvs.pdf,5854.0,105.0,-117.0,4.406,0.09,-0.11,-0.12,0.15,-0.15,1.012,0.154,-0.103,0.951,0.07,-0.063,,,,q1_q17_dr25_stellar,300.86398,44.337551,12.882,13.293,12.85,12.706,12.646,11.752,11.494,11.431,0.044,20.0576138,4.9e-06,44.337549,4.4e-05,0.61,0.19,0.0,0.16,-4.4e-05,9.8e-05,0.000108,8.3e-05,0.26,0.13,0.02,0.15,0.26,0.13,0.37,0.13,0.19,0.15,0.41,0.13,kplr008395660,Kepler-106c,15,"(37, 45)","(0.022222222222222223, 0.02702702702702703)"
58,11812062,K00776.01,Kepler-673 b,CONFIRMED,Done,2018-08-16,CANDIDATE,1.0,0,0,0,0,q1_q17_dr25_sup_koi,NO_COMMENT,3.728732147,9.36e-07,-9.36e-07,171.793255,0.000195,-0.000195,2455004.793,0.000195,-0.000195,0.0,,,,,,0.558,0.13,-0.149,2.683,0.035,-0.035,,,,5226.5,18.5,-18.5,0.068178,0.002209,-0.001842,1.24118,0.40267,-0.40433,LS+MCMC,6.02,1.22,-0.52,0.0455,,,86.7,,,1023.0,,,258.34,162.58,-65.21,9.7,3.1,-3.1,Claret (2011 A&A 529 75) ATLAS LS,0.0,0.0,0.2396,0.4415,q1_q17_dr25_koi,28.264866,360.1958,345.2,1,357.0,1.0,q1_q17_dr25_tce,11111111111111111000000000000000,0.6769,Mandel and Agol (2002 ApJ 580 171),,,011/011812/011812062/dv/kplr011812062-20160209194854_dvr.pdf,011/011812/011812062/dv/kplr011812062-001-20160209194854_dvs.pdf,5497.0,166.0,-149.0,4.577,0.034,-0.136,-0.1,0.3,-0.3,0.809,0.164,-0.07,0.907,0.074,-0.102,,,,q1_q17_dr25_stellar,290.78574,50.054119,15.523,16.107,15.461,15.273,15.177,14.179,13.825,13.669,0.0,19.3857191,1.2e-06,50.05406,1.2e-05,0.083,0.04,-0.217,0.044,0.00057,0.00029,-0.00136,0.00039,-0.072,0.068,0.041,0.069,0.083,0.068,0.033,0.07,-0.117,0.071,0.122,0.071,kplr011812062,Kepler-673b,10,"(15, 18)","(0.05555555555555555, 0.06666666666666667)"
62,11918099,K00780.01,Kepler-675 b,CONFIRMED,Done,2018-08-16,CANDIDATE,1.0,0,0,0,0,q1_q17_dr25_sup_koi,NO_COMMENT,2.337437946,1.951e-06,-1.951e-06,171.761982,0.000659,-0.000659,2455004.762,0.000659,-0.000659,0.0,,,,,,0.28,0.189,-0.28,1.9982,0.0271,-0.0271,,,,971.2,13.7,-13.7,0.027998,0.00072,-0.000665,2.41093,0.35848,-0.6637,LS+MCMC,2.34,0.17,-0.09,0.0325,,,88.19,,,1070.0,,,311.16,69.46,-40.17,8.86,1.3,-1.3,Claret (2011 A&A 529 75) ATLAS LS,0.0,0.0,0.1496,0.5746,q1_q17_dr25_koi,6.0310416,63.58795,82.4,2,578.0,1.0,q1_q17_dr25_tce,11111111111111111000000000000000,0.6818,Mandel and Agol (2002 ApJ 580 171),,,011/011918/011918099/dv/kplr011918099-20160209194854_dvr.pdf,011/011918/011918099/dv/kplr011918099-001-20160209194854_dvs.pdf,5005.0,79.0,-79.0,4.595,0.012,-0.064,0.14,0.15,-0.15,0.765,0.055,-0.028,0.85,0.025,-0.054,,,,q1_q17_dr25_stellar,293.83331,50.23035,15.334,16.11,15.283,15.001,14.882,13.81,13.3,13.195,0.0,19.5888925,5.9e-06,50.230226,6e-05,0.16,0.2,-0.45,0.22,6e-05,0.00018,0.00045,0.0002,0.027,0.082,0.05,0.11,0.061,0.091,0.357,0.077,0.2,0.077,0.41,0.077,kplr011918099,Kepler-675b,14,"(31, 37)","(0.02702702702702703, 0.03225806451612903)"
65,11923270,K00781.01,Kepler-676 b,CONFIRMED,Done,2018-08-16,CANDIDATE,1.0,0,0,0,0,q1_q17_dr25_sup_koi,CENT_KIC_POS,11.59822233,1.407e-05,-1.407e-05,180.395376,0.000923,-0.000923,2455013.395,0.000923,-0.000923,0.0,,,,,,0.679,0.187,-0.47,2.5237,0.052,-0.052,,,,2804.5,46.3,-46.3,0.051287,0.005219,-0.003254,3.14915,3.9658,-0.02771,LS+MCMC,2.65,0.21,-0.29,0.0798,,,88.62,,,396.0,,,5.82,1.49,-1.63,28.2,11.8,-11.8,Claret (2011 A&A 529 75) ATLAS LS,0.0,0.0,0.3872,0.3156,q1_q17_dr25_koi,11.461336,62.376225,71.0,1,115.0,1.0,q1_q17_dr25_tce,11111111111111111000000000000000,0.6552,Mandel and Agol (2002 ApJ 580 171),,,011/011923/011923270/dv/kplr011923270-20160209194854_dvr.pdf,011/011923/011923270/dv/kplr011923270-001-20160209194854_dvs.pdf,3688.0,73.0,-91.0,4.79,0.05,-0.045,0.0,0.15,-0.15,0.473,0.037,-0.051,0.503,0.035,-0.053,,,,q1_q17_dr25_stellar,296.22195,50.28722,15.937,17.501,16.14,15.267,14.795,13.474,12.813,12.628,0.178,19.7481495,5.9e-06,50.287475,6.2e-05,0.63,0.2,0.92,0.22,-0.00029,0.00064,0.0006,0.00077,0.059,0.094,-0.03,0.082,0.066,0.095,0.29,0.11,0.628,0.08,0.69,0.086,kplr011923270,Kepler-676b,11,"(18, 22)","(0.045454545454545456, 0.05555555555555555)"
66,11960862,K00782.01,Kepler-677 b,CONFIRMED,Done,2018-08-16,CANDIDATE,1.0,0,0,0,0,q1_q17_dr25_sup_koi,NO_COMMENT,6.575315881,3.726e-06,-3.726e-06,173.634044,0.000455,-0.000455,2455006.634,0.000455,-0.000455,0.0,,,,,,0.39,0.065,-0.306,4.3084,0.0306,-0.0306,,,,2793.3,14.9,-14.9,0.049152,0.001988,-0.000599,0.64392,0.16753,-0.07305,LS+MCMC,5.31,1.5,-0.81,0.067,,,88.03,,,1015.0,,,251.38,209.1,-91.63,11.37,3.0,-3.0,Claret (2011 A&A 529 75) ATLAS LS,0.0,0.0,0.2965,0.3342,q1_q17_dr25_koi,20.537346,210.22159,221.1,1,205.0,1.0,q1_q17_dr25_tce,11111111111111111000000000000000,0.5611,Mandel and Agol (2002 ApJ 580 171),,,011/011960/011960862/dv/kplr011960862-20160209194854_dvr.pdf,011/011960/011960862/dv/kplr011960862-001-20160209194854_dvs.pdf,5992.0,162.0,-180.0,4.415,0.105,-0.195,-0.32,0.3,-0.3,0.989,0.28,-0.151,0.927,0.129,-0.097,,,,q1_q17_dr25_stellar,290.09805,50.321609,15.312,15.797,15.275,15.104,15.03,14.071,13.793,13.686,0.013,19.3398711,1.8e-06,50.321582,1.8e-05,0.016,0.062,-0.099,0.064,0.00044,0.00019,-7e-05,0.00023,-0.033,0.069,-0.04,0.075,0.052,0.072,-0.009,0.071,-0.181,0.075,0.181,0.075,kplr011960862,Kepler-677b,11,"(18, 22)","(0.045454545454545456, 0.05555555555555555)"
67,12020329,K00783.01,Kepler-678 b,CONFIRMED,Done,2018-08-16,CANDIDATE,1.0,0,0,0,0,q1_q17_dr25_sup_koi,NO_COMMENT,7.275040844,4.677e-06,-4.677e-06,169.994217,0.000507,-0.000507,2455002.994,0.000507,-0.000507,0.0,,,,,,0.547,0.052,-0.229,7.5377,0.0681,-0.0681,,,,3001.0,11.5,-11.5,0.051358,5.8e-05,-0.002091,0.10578,0.04676,-0.01238,LS+MCMC,4.86,1.05,-0.37,0.0732,,,85.29,,,833.0,,,113.64,75.31,-28.97,6.66,2.9,-2.9,Claret (2011 A&A 529 75) ATLAS LS,0.0,0.0,0.224,0.4695,q1_q17_dr25_koi,24.639503,234.95987,312.1,1,188.0,1.0,q1_q17_dr25_tce,11111111111111111000000000000000,0.1322,Mandel and Agol (2002 ApJ 580 171),,,012/012020/012020329/dv/kplr012020329-20160209194854_dvr.pdf,012/012020/012020329/dv/kplr012020329-001-20160209194854_dvs.pdf,5485.0,164.0,-180.0,4.556,0.028,-0.161,0.21,0.2,-0.3,0.867,0.187,-0.067,0.986,0.065,-0.115,,,,q1_q17_dr25_stellar,295.45529,50.49456,15.08,15.69,14.996,14.819,14.745,13.732,13.402,13.26,0.0,19.6970261,1.1e-06,50.49465,1.2e-05,0.234,0.037,0.323,0.042,0.00066,0.00014,0.00064,0.00019,-0.054,0.069,-0.065,0.068,0.085,0.069,0.008,0.069,-0.134,0.069,0.134,0.069,kplr012020329,Kepler-678b,11,"(18, 22)","(0.045454545454545456, 0.05555555555555555)"
71,8395660,K00116.02,Kepler-106 e,CONFIRMED,Done,2018-08-16,CANDIDATE,0.998,0,0,0,0,q1_q17_dr25_sup_koi,NO_COMMENT,43.84439721,9.613e-05,-9.613e-05,151.93538,0.00192,-0.00192,2454984.935,0.00192,-0.00192,0.0,,,,,,0.852,0.039,-0.585,6.802,0.119,-0.119,,,,615.2,7.7,-7.7,0.025934,2.7e-05,-0.003042,0.22039,0.94589,-0.07087,LS+MCMC,2.87,0.43,-0.3,0.2395,,,88.27,,,531.0,,,18.77,7.98,-4.8,28.2,13.4,-13.4,Claret (2011 A&A 529 75) ATLAS LS,0.0,0.0,0.2676,0.3928,q1_q17_dr25_koi,16.554466,65.59482,83.7,4,29.0,2.0,q1_q17_dr25_tce,11111111111111111000000000000000,0.9647,Mandel and Agol (2002 ApJ 580 171),,,008/008395/008395660/dv/kplr008395660-20160209194854_dvr.pdf,008/008395/008395660/dv/kplr008395660-002-20160209194854_dvs.pdf,5854.0,105.0,-117.0,4.406,0.09,-0.11,-0.12,0.15,-0.15,1.012,0.154,-0.103,0.951,0.07,-0.063,,,,q1_q17_dr25_stellar,300.86398,44.337551,12.882,13.293,12.85,12.706,12.646,11.752,11.494,11.431,0.012,20.057603,5.8e-06,44.337553,5e-05,0.19,0.22,0.01,0.18,0.0002,0.00014,0.00012,0.00011,0.12,0.22,-0.2,0.18,0.23,0.21,0.21,0.24,-0.03,0.17,0.22,0.24,kplr008395660,Kepler-106e,15,"(37, 45)","(0.022222222222222223, 0.02702702702702703)"
74,3342970,K00800.01,Kepler-234 b,CONFIRMED,Done,2018-08-16,CANDIDATE,1.0,0,0,0,0,q1_q17_dr25_sup_koi,NO_COMMENT,2.711504086,3.8e-06,-3.8e-06,170.03417,0.00111,-0.00111,2455003.034,0.00111,-0.00111,0.0,,,,,,0.023,0.405,-0.023,3.0099,0.0423,-0.0423,,,,837.5,14.5,-14.5,0.026533,0.000651,-0.000276,0.91618,0.03683,-0.26031,LS+MCMC,3.12,1.02,-0.34,0.0401,,,89.81,,,1420.0,,,960.79,931.74,-309.76,7.088,0.285,-0.285,Claret (2011 A&A 529 75) ATLAS LS,0.0,0.0,0.3024,0.3288,q1_q17_dr25_koi,6.3430967,48.726124,64.5,2,494.0,1.0,q1_q17_dr25_tce,11111111111111111000000000000000,0.228,Mandel and Agol (2002 ApJ 580 171),,,003/003342/003342970/dv/kplr003342970-20160209194854_dvr.pdf,003/003342/003342970/dv/kplr003342970-001-20160209194854_dvs.pdf,6214.0,174.0,-239.0,4.442,0.054,-0.216,0.07,0.25,-0.3,1.076,0.353,-0.118,1.169,0.141,-0.173,,,,q1_q17_dr25_stellar,291.65353,38.494659,15.541,16.007,15.483,15.341,15.262,14.387,14.104,14.065,0.0,19.4435779,6.4e-06,38.494748,6.7e-05,0.42,0.27,0.32,0.24,-0.00037,0.00022,-0.0003,0.0002,-0.02,0.11,0.05,0.1,0.05,0.11,0.02,0.11,0.1,0.1,0.104,0.099,kplr003342970,Kepler-234b,15,"(37, 45)","(0.022222222222222223, 0.02702702702702703)"
75,3342970,K00800.02,Kepler-234 c,CONFIRMED,Done,2018-08-16,CANDIDATE,1.0,0,0,0,0,q1_q17_dr25_sup_koi,NO_COMMENT,7.21203748,1.553e-05,-1.553e-05,172.81782,0.00163,-0.00163,2455005.818,0.00163,-0.00163,0.0,,,,,,0.012,0.394,-0.012,4.0491,0.058,-0.058,,,,950.4,19.5,-19.5,0.028255,0.000702,-0.000335,0.99867,0.04965,-0.26684,LS+MCMC,3.32,1.09,-0.36,0.077,,,89.95,,,1025.0,,,260.58,252.7,-84.01,14.003,0.696,-0.696,Claret (2011 A&A 529 75) ATLAS LS,0.0,0.0,0.3024,0.3288,q1_q17_dr25_koi,6.1683164,40.04205,51.5,2,165.0,2.0,q1_q17_dr25_tce,11111111111111111000000000000000,0.3431,Mandel and Agol (2002 ApJ 580 171),,,003/003342/003342970/dv/kplr003342970-20160209194854_dvr.pdf,003/003342/003342970/dv/kplr003342970-002-20160209194854_dvs.pdf,6214.0,174.0,-239.0,4.442,0.054,-0.216,0.07,0.25,-0.3,1.076,0.353,-0.118,1.169,0.141,-0.173,,,,q1_q17_dr25_stellar,291.65353,38.494659,15.541,16.007,15.483,15.341,15.262,14.387,14.104,14.065,0.0,19.4435697,7.6e-06,38.494886,8.1e-05,0.07,0.32,0.81,0.29,-0.00011,0.00031,-0.00083,0.00029,0.05,0.16,0.07,0.14,0.09,0.16,0.07,0.16,0.19,0.14,0.2,0.14,kplr003342970,Kepler-234c,14,"(31, 37)","(0.02702702702702703, 0.03225806451612903)"
79,12644822,K00791.01,Kepler-682 b,CONFIRMED,Done,2018-08-16,CANDIDATE,1.0,0,0,0,0,q1_q17_dr25_sup_koi,NO_COMMENT,12.611904345,6.65e-06,-6.65e-06,180.892284,0.000413,-0.000413,2455013.892,0.000413,-0.000413,0.0,,,,,,0.55,0.065,-0.128,5.1497,0.0592,-0.0592,,,,6105.6,27.6,-27.6,0.073758,0.000434,-0.001812,0.61222,0.17192,-0.09156,LS+MCMC,7.4,2.2,-0.73,0.1058,,,88.17,,,753.0,,,76.15,66.33,-21.39,17.27,4.8,-4.8,Claret (2011 A&A 529 75) ATLAS LS,0.0,0.0,0.2622,0.4035,q1_q17_dr25_koi,31.536423,207.6196,277.2,1,104.0,1.0,q1_q17_dr25_tce,11111111111111111000000000000000,0.0586,Mandel and Agol (2002 ApJ 580 171),,,012/012644/012644822/dv/kplr012644822-20160209194854_dvr.pdf,012/012644/012644822/dv/kplr012644822-001-20160209194854_dvs.pdf,5795.0,156.0,-173.0,4.508,0.039,-0.208,-0.02,0.25,-0.3,0.919,0.273,-0.091,0.992,0.112,-0.112,,,,q1_q17_dr25_stellar,289.11221,51.737381,15.14,15.659,15.072,14.918,14.825,13.942,13.546,13.478,0.0,19.2741411,1.4e-06,51.737685,1.2e-05,-0.232,0.046,1.099,0.044,0.00117,0.0005,0.00148,0.00072,-0.065,0.069,-0.058,0.072,0.087,0.07,-0.033,0.069,-0.017,0.074,0.037,0.07,kplr012644822,Kepler-682b,9,"(12, 15)","(0.06666666666666667, 0.08333333333333333)"
83,3114167,K00795.01,Kepler-684 b,CONFIRMED,Done,2018-08-16,CANDIDATE,1.0,0,0,0,0,q1_q17_dr25_sup_koi,NO_COMMENT,6.770300385,9.537e-06,-9.537e-06,170.57662,0.00108,-0.00108,2455003.577,0.00108,-0.00108,0.0,,,,,,0.838,0.083,-0.589,2.0844,0.0454,-0.0454,,,,1304.0,29.7,-29.7,0.037414,0.002226,-0.003905,1.45164,5.69767,-0.25139,LS+MCMC,2.77,0.46,-0.15,0.064,,,86.84,,,812.0,,,102.87,53.88,-21.24,15.21,7.5,-7.5,Claret (2011 A&A 529 75) ATLAS LS,0.0,0.0,0.308,0.3117,q1_q17_dr25_koi,6.5691905,43.840405,50.8,1,200.0,1.0,q1_q17_dr25_tce,11111111111111111000000000000000,0.9274,Mandel and Agol (2002 ApJ 580 171),,,003/003114/003114167/dv/kplr003114167-20160209194854_dvr.pdf,003/003114/003114167/dv/kplr003114167-001-20160209194854_dvs.pdf,5653.0,166.0,-166.0,4.656,0.028,-0.112,-0.84,0.3,-0.3,0.679,0.112,-0.037,0.767,0.058,-0.071,,,,q1_q17_dr25_stellar,290.87051,38.273628,15.591,16.126,15.562,15.362,15.258,14.318,13.91,13.828,0.005,19.3913608,6.1e-06,38.273428,7.3e-05,-0.31,0.26,-0.73,0.26,0.0002,0.00035,0.00057,0.00037,0.09,0.11,0.065,0.089,0.11,0.11,0.05,0.11,-0.018,0.096,0.05,0.11,kplr003114167,Kepler-684b,13,"(26, 31)","(0.03225806451612903, 0.038461538461538464)"
90,4275191,K00813.01,Kepler-688 b,CONFIRMED,Done,2018-08-16,CANDIDATE,1.0,0,0,0,0,q1_q17_dr25_sup_koi,NO_COMMENT,3.895936525,7.71e-07,-7.71e-07,170.527552,0.000157,-0.000157,2455003.528,0.000157,-0.000157,0.0,,,,,,0.524,0.069,-0.237,2.3111,0.0302,-0.0302,,,,8544.8,29.5,-29.5,0.08689,0.000424,-0.00262,2.31292,1.0659,-0.20597,LS+MCMC,7.34,1.53,-0.65,0.046,,,87.56,,,1005.0,,,241.62,155.31,-64.19,12.29,5.7,-5.7,Claret (2011 A&A 529 75) ATLAS LS,0.0,0.0,0.2521,0.421,q1_q17_dr25_koi,35.58241,375.5263,370.8,1,275.0,1.0,q1_q17_dr25_tce,11111011101110111000000000000000,0.1164,Mandel and Agol (2002 ApJ 580 171),,,004/004275/004275191/dv/kplr004275191-20160209194854_dvr.pdf,004/004275/004275191/dv/kplr004275191-001-20160209194854_dvs.pdf,5557.0,167.0,-167.0,4.592,0.034,-0.136,-0.3,0.3,-0.3,0.774,0.161,-0.069,0.866,0.082,-0.1,,,,q1_q17_dr25_stellar,294.65524,39.308361,15.725,16.318,15.676,15.471,15.299,14.364,13.969,13.924,0.0,19.6436833,1e-06,39.308328,1.1e-05,0.026,0.042,-0.115,0.041,0.00211,0.00075,-0.00111,0.00092,-0.246,0.076,0.238,0.088,0.342,0.094,-0.01,0.068,-0.012,0.069,0.016,0.069,kplr004275191,Kepler-688b,9,"(12, 15)","(0.06666666666666667, 0.08333333333333333)"
92,3351888,K00801.01,Kepler-685 b,CONFIRMED,Done,2018-08-16,CANDIDATE,1.0,0,0,0,0,q1_q17_dr25_sup_koi,NO_COMMENT,1.625522174,1.58e-07,-1.58e-07,170.8266564,7.61e-05,-7.61e-05,2455003.827,7.61e-05,-7.61e-05,0.0,,,,,,0.076,0.022,-0.076,2.38963,0.00338,-0.00338,,,,7969.0,11.8,-11.8,0.080543,8.7e-05,-0.000115,1.28198,0.01033,-0.02721,LS+MCMC,9.73,1.41,-1.42,0.0265,,,89.22,,,1579.0,,,1467.41,576.36,-452.24,5.6364,0.0454,-0.0454,Claret (2011 A&A 529 75) ATLAS LS,0.0,0.0,0.224,0.4695,q1_q17_dr25_koi,43.135384,712.5235,799.7,1,657.0,1.0,q1_q17_dr25_tce,11111011101110111000000000000000,0.254,Mandel and Agol (2002 ApJ 580 171),,,003/003351/003351888/dv/kplr003351888-20160209194854_dvr.pdf,003/003351/003351888/dv/kplr003351888-001-20160209194854_dvs.pdf,5539.0,83.0,-74.0,4.322,0.137,-0.1,0.16,0.15,-0.15,1.106,0.161,-0.161,0.935,0.062,-0.043,,,,q1_q17_dr25_stellar,293.87192,38.422939,15.001,15.595,14.923,14.746,14.625,13.656,13.355,13.307,0.0,19.59146547,4.5e-07,38.4227927,5e-06,0.147,0.019,-0.53,0.018,-0.00134,0.00035,-0.00226,0.00042,0.01,0.068,0.195,0.067,0.195,0.067,-0.037,0.068,-0.01,0.069,0.038,0.068,kplr003351888,Kepler-685b,9,"(12, 15)","(0.06666666666666667, 0.08333333333333333)"
95,3641726,K00804.01,Kepler-1727 b,CONFIRMED,Done,2018-08-16,CANDIDATE,1.0,0,0,0,0,q1_q17_dr25_sup_koi,NO_COMMENT,9.02930689,1.648e-05,-1.648e-05,177.20422,0.00142,-0.00142,2455010.204,0.00142,-0.00142,0.0,,,,,,0.024,0.401,-0.024,3.1449,0.0528,-0.0528,,,,1019.8,21.9,-21.9,0.028718,0.000882,-0.000544,2.66613,0.14652,-0.80614,LS+MCMC,2.57,0.44,-0.26,0.0796,,,89.94,,,757.0,,,77.75,43.01,-22.28,22.57,1.2,-1.2,Claret (2011 A&A 529 75) ATLAS LS,0.0,0.0,0.2043,0.4966,q1_q17_dr25_koi,7.610865,47.37303,53.9,1,146.0,1.0,q1_q17_dr25_tce,11111111111111111000000000000000,0.894,Mandel and Agol (2002 ApJ 580 171),,,003/003641/003641726/dv/kplr003641726-20160209194854_dvr.pdf,003/003641/003641726/dv/kplr003641726-001-20160209194854_dvs.pdf,5349.0,167.0,-167.0,4.526,0.063,-0.108,-0.12,0.3,-0.3,0.82,0.141,-0.082,0.824,0.096,-0.078,,,,q1_q17_dr25_stellar,290.33362,38.72823,15.387,16.037,15.302,15.108,14.931,13.931,13.479,13.429,0.097,19.3555667,6.6e-06,38.728308,7.6e-05,-0.36,0.28,0.28,0.27,-0.00038,0.00028,-6e-05,0.00029,0.23,0.12,0.18,0.15,0.29,0.14,-0.08,0.13,0.29,0.13,0.3,0.13,kplr003641726,Kepler-1727b,14,"(31, 37)","(0.02702702702702703, 0.03225806451612903)"
97,3832474,K00806.01,Kepler-30 d,CONFIRMED,Done,2018-08-16,CANDIDATE,1.0,0,0,0,0,q1_q17_dr25_sup_koi,NO_COMMENT,143.2063047,0.0002348,-0.0002348,154.23552,0.0013,-0.0013,2454987.236,0.0013,-0.0013,0.0,,,,,,0.379,0.073,-0.273,8.9302,0.0961,-0.0961,,,,10566.0,82.4,-82.4,0.094044,0.004216,-0.00141,1.83449,0.46578,-0.07427,LS+MCMC,8.9,0.82,-0.38,0.5336,,,89.83,,,308.0,,,2.14,0.59,-0.35,125.8,31.9,-31.9,Claret (2011 A&A 529 75) ATLAS LS,0.0,0.0,0.224,0.4695,q1_q17_dr25_koi,45.13809,115.57215,138.8,5,9.0,2.0,q1_q17_dr25_tce,11111111111111111000000000000000,-1.0,Mandel and Agol (2002 ApJ 580 171),,,003/003832/003832474/dv/kplr003832474-20160209194854_dvr.pdf,003/003832/003832474/dv/kplr003832474-002-20160209194854_dvs.pdf,5485.0,98.0,-120.0,4.556,0.014,-0.081,0.21,0.15,-0.2,0.867,0.079,-0.037,0.986,0.035,-0.082,,,,q1_q17_dr25_stellar,285.28363,38.947281,15.403,16.048,15.349,15.126,15.017,13.997,13.618,13.581,0.081,19.0189038,1.7e-06,38.947157,2e-05,-0.232,0.072,-0.442,0.074,-0.0003,0.003,0.0009,0.0038,-0.031,0.074,-0.042,0.074,0.052,0.074,0.031,0.073,-0.032,0.076,0.044,0.075,kplr003832474,Kepler-30d,8,"(10, 12)","(0.08333333333333333, 0.1)"
99,3832474,K00806.02,Kepler-30 c,CONFIRMED,Done,2018-08-16,CANDIDATE,0.745,0,0,0,0,q1_q17_dr25_sup_koi,NO_COMMENT,60.32494216,3.207e-05,-3.207e-05,243.892578,0.000423,-0.000423,2455076.893,0.000423,-0.000423,0.0,,,,,,0.224,0.067,-0.146,6.6188,0.0327,-0.0327,,,,20280.0,64.0,-64.0,0.128744,0.000241,-0.001016,2.37656,0.17842,-0.09479,LS+MCMC,12.19,1.11,-0.52,0.2998,,,89.83,,,411.0,,,6.77,1.89,-1.09,77.04,5.8,-5.8,Claret (2011 A&A 529 75) ATLAS LS,0.0,0.0,0.224,0.4695,q1_q17_dr25_koi,88.82677,323.38303,347.2,5,22.0,1.0,q1_q17_dr25_tce,11111111111111111000000000000000,0.0005,Mandel and Agol (2002 ApJ 580 171),,,003/003832/003832474/dv/kplr003832474-20160209194854_dvr.pdf,003/003832/003832474/dv/kplr003832474-001-20160209194854_dvs.pdf,5485.0,98.0,-120.0,4.556,0.014,-0.081,0.21,0.15,-0.2,0.867,0.079,-0.037,0.986,0.035,-0.082,,,,q1_q17_dr25_stellar,285.28363,38.947281,15.403,16.048,15.349,15.126,15.017,13.997,13.618,13.581,0.051,19.01890178,6.6e-07,38.9471811,7.8e-06,-0.316,0.028,-0.356,0.028,0.0011,0.0047,0.0,0.006,-0.01,0.068,0.012,0.067,0.016,0.067,0.065,0.068,0.042,0.069,0.078,0.068,kplr003832474,Kepler-30c,6,"(7, 9)","(0.1111111111111111, 0.14285714285714285)"
103,3935914,K00809.01,Kepler-686 b,CONFIRMED,Done,2018-08-16,CANDIDATE,1.0,0,0,0,0,q1_q17_dr25_sup_koi,NO_COMMENT,1.594745374,1.13e-07,-1.13e-07,170.6483505,5.79e-05,-5.79e-05,2455003.648,5.79e-05,-5.79e-05,0.0,,,,,,0.514,0.022,-0.037,1.9604,0.0106,-0.0106,,,,15044.0,20.3,-20.3,0.115879,0.000387,-0.000621,1.77544,0.11793,-0.09168,LS+MCMC,11.3,3.09,-1.33,0.0258,,,85.25,,,1539.0,,,1329.42,1067.75,-412.98,6.203,0.412,-0.412,Claret (2011 A&A 529 75) ATLAS LS,0.0,0.0,0.2965,0.3342,q1_q17_dr25_koi,62.03516,1015.921,1009.3,1,762.0,1.0,q1_q17_dr25_tce,01101111111111111000000000000000,1.0,Mandel and Agol (2002 ApJ 580 171),,,003/003935/003935914/dv/kplr003935914-20160209194854_dvr.pdf,003/003935/003935914/dv/kplr003935914-001-20160209194854_dvs.pdf,5934.0,160.0,-178.0,4.491,0.065,-0.195,-0.38,0.3,-0.3,0.893,0.244,-0.105,0.901,0.11,-0.09,,,,q1_q17_dr25_stellar,285.21381,39.027481,15.53,16.028,15.49,15.316,15.2,14.35,13.941,13.917,0.0,19.0142466,2.6e-07,39.0273461,3.2e-06,-0.31,0.011,-0.482,0.011,-0.0009,0.001,0.0006,0.0013,0.009,0.067,-0.004,0.067,0.01,0.067,0.024,0.068,0.013,0.068,0.027,0.068,kplr003935914,Kepler-686b,7,"(9, 10)","(0.1, 0.1111111111111111)"
104,3940418,K00810.01,Kepler-1728 b,CONFIRMED,Done,2018-08-16,CANDIDATE,1.0,0,0,0,0,q1_q17_dr25_sup_koi,NO_COMMENT,4.783002698,5.432e-06,-5.432e-06,170.508434,0.000943,-0.000943,2455003.508,0.000943,-0.000943,0.0,,,,,,0.003,0.425,-0.003,2.335,0.0332,-0.0332,,,,1008.7,16.6,-16.6,0.028315,0.000881,-0.000366,3.45234,0.13866,-0.96665,LS+MCMC,2.5,0.34,-0.19,0.0535,,,89.99,,,886.0,,,145.48,66.39,-35.12,16.102,0.647,-0.647,Claret (2011 A&A 529 75) ATLAS LS,0.0,0.0,0.186,0.5256,q1_q17_dr25_koi,7.252221,57.638233,70.6,1,281.0,1.0,q1_q17_dr25_tce,11111111111111111000000000000000,0.5746,Mandel and Agol (2002 ApJ 580 171),,,003/003940/003940418/dv/kplr003940418-20160209194854_dvr.pdf,003/003940/003940418/dv/kplr003940418-001-20160209194854_dvs.pdf,5170.0,155.0,-155.0,4.574,0.026,-0.097,0.18,0.2,-0.3,0.807,0.111,-0.06,0.891,0.053,-0.084,,,,q1_q17_dr25_stellar,287.09399,39.060719,15.119,15.847,15.037,14.808,14.681,13.643,13.232,13.203,0.282,19.1396047,4.9e-06,39.060762,6.3e-05,0.2,0.21,0.15,0.23,-0.00022,0.00022,2e-05,0.00024,0.034,0.092,0.001,0.095,0.034,0.093,0.058,0.089,0.239,0.095,0.25,0.1,kplr003940418,Kepler-1728b,14,"(31, 37)","(0.02702702702702703, 0.03225806451612903)"
105,4049131,K00811.01,Kepler-687 b,CONFIRMED,Done,2018-08-16,CANDIDATE,1.0,0,0,0,0,q1_q17_dr25_sup_koi,NO_COMMENT,20.50588921,3.206e-05,-3.206e-05,181.43428,0.00122,-0.00122,2455014.434,0.00122,-0.00122,0.0,,,,,,0.26,0.151,-0.26,4.0595,0.0481,-0.0481,,,,2105.5,31.0,-31.0,0.041039,0.000816,-0.000887,2.64998,0.37472,-0.46716,LS+MCMC,3.41,0.28,-0.31,0.1326,,,89.62,,,518.0,,,17.06,5.47,-4.61,38.91,5.5,-5.5,Claret (2011 A&A 529 75) ATLAS LS,0.0,0.0,0.153,0.5684,q1_q17_dr25_koi,12.827003,70.729904,78.5,1,69.0,1.0,q1_q17_dr25_tce,11111111111111111000000000000000,0.0106,Mandel and Agol (2002 ApJ 580 171),,,004/004049/004049131/dv/kplr004049131-20160209194854_dvr.pdf,004/004049/004049131/dv/kplr004049131-001-20160209194854_dvs.pdf,4905.0,148.0,-148.0,4.544,0.072,-0.044,-0.04,0.3,-0.3,0.761,0.063,-0.07,0.739,0.085,-0.054,,,,q1_q17_dr25_stellar,289.31543,39.153278,15.398,16.241,15.343,15.036,14.877,13.842,13.251,13.216,0.722,19.2876948,3.9e-06,39.153251,4.3e-05,-0.05,0.16,-0.1,0.15,0.00013,0.00038,0.0001,0.0004,-0.046,0.075,0.01,0.094,0.047,0.077,0.004,0.079,0.108,0.097,0.108,0.097,kplr004049131,Kepler-687b,12,"(22, 26)","(0.038461538461538464, 0.045454545454545456)"
106,4139816,K00812.01,Kepler-235 b,CONFIRMED,Done,2018-08-16,CANDIDATE,1.0,0,0,0,0,q1_q17_dr25_sup_koi,NO_COMMENT,3.340218842,3.177e-06,-3.177e-06,171.979062,0.00075,-0.00075,2455004.979,0.00075,-0.00075,0.0,,,,,,0.466,0.002,-0.437,1.9104,0.0318,-0.0318,,,,1632.6,26.6,-26.6,0.037683,0.003672,-0.000771,3.23586,1.59297,-0.03843,LS+MCMC,2.03,0.13,-0.17,0.0348,,,87.85,,,656.0,,,43.73,9.67,-9.92,12.4,6.1,-6.1,Claret (2011 A&A 529 75) ATLAS LS,0.0,0.0,0.4175,0.2365,q1_q17_dr25_koi,8.777286,58.181076,71.6,4,398.0,1.0,q1_q17_dr25_tce,11111111111111111000000000000000,0.4776,Mandel and Agol (2002 ApJ 580 171),,,004/004139/004139816/dv/kplr004139816-20160209194854_dvr.pdf,004/004139/004139816/dv/kplr004139816-001-20160209194854_dvs.pdf,3950.0,70.0,-86.0,4.754,0.042,-0.031,-0.46,0.15,-0.15,0.493,0.033,-0.04,0.502,0.031,-0.038,,,,q1_q17_dr25_stellar,286.07913,39.27832,15.954,17.187,15.978,15.425,15.103,13.952,13.278,13.116,0.058,19.0719273,4.8e-06,39.278333,6.2e-05,-0.59,0.2,0.05,0.22,0.00053,0.00036,-0.00013,0.00041,0.026,0.086,0.05,0.097,0.06,0.11,-0.15,0.092,-0.039,0.092,0.154,0.092,kplr004139816,Kepler-235b,13,"(26, 31)","(0.03225806451612903, 0.038461538461538464)"
109,10875245,K00117.02,Kepler-107 c,CONFIRMED,Done,2018-08-16,CANDIDATE,1.0,0,0,0,0,q1_q17_dr25_sup_koi,CENT_CROWDED,4.90144976,1.07e-05,-1.07e-05,138.60548,0.00175,-0.00175,2454971.605,0.00175,-0.00175,0.0,,,,,,0.529,0.021,-0.46,4.1654,0.0585,-0.0585,,,,140.7,2.9,-2.9,0.011136,0.001868,-0.00034,0.3709,0.1761,-0.25338,LS+MCMC,1.7,0.08,-0.05,0.0586,,,86.1,,,1262.0,,,598.74,84.12,-66.83,7.78,3.7,-3.7,Claret (2011 A&A 529 75) ATLAS LS,0.0,0.0,0.257,0.4213,q1_q17_dr25_koi,5.743281,33.185894,50.6,4,193.0,3.0,q1_q17_dr25_tce,11111101110111011000000000000000,0.0464,Mandel and Agol (2002 ApJ 580 171),,,010/010875/010875245/dv/kplr010875245-20160209194854_dvr.pdf,010/010875/010875245/dv/kplr010875245-003-20160209194854_dvs.pdf,5847.0,64.0,-75.0,4.191,0.02,-0.018,0.26,0.1,-0.1,1.402,0.063,-0.046,1.113,0.092,-0.05,,,,q1_q17_dr25_stellar,297.02826,48.208611,12.487,12.904,12.427,12.309,12.274,11.392,11.114,11.06,0.054,19.8018904,6.1e-06,48.208693,6.3e-05,0.26,0.22,0.3,0.23,-5.6e-05,3e-05,-1.2e-05,3.1e-05,-0.57,0.28,-0.15,0.69,0.59,0.22,-0.7,0.25,0.0,0.57,0.7,0.25,kplr010875245,Kepler-107c,19,"(78, 93)","(0.010752688172043012, 0.01282051282051282)"
112,5358624,K00830.01,Kepler-428 b,CONFIRMED,Done,2018-08-16,CANDIDATE,0.99,0,0,0,0,q1_q17_dr25_sup_koi,NO_COMMENT,3.525632539,1.5e-07,-1.5e-07,170.0479951,3.33e-05,-3.33e-05,2455003.048,3.33e-05,-3.33e-05,0.0,,,,,,0.12,0.006,-0.084,2.59959,0.00079,-0.00079,,,,22335.0,13.1,-13.1,0.13372,1.1e-05,-0.000289,2.43681,0.04544,-0.00048,LS+MCMC,11.58,0.9,-0.48,0.0431,,,89.41,,,975.0,,,213.12,50.79,-29.54,11.699,0.218,-0.218,Claret (2011 A&A 529 75) ATLAS LS,0.0,0.0,0.1914,0.5167,q1_q17_dr25_koi,162.61552,2078.4102,1996.7,1,382.0,1.0,q1_q17_dr25_tce,11111111111111111000000000000000,0.1434,Mandel and Agol (2002 ApJ 580 171),,,005/005358/005358624/dv/kplr005358624-20160209194854_dvr.pdf,005/005358/005358624/dv/kplr005358624-001-20160209194854_dvs.pdf,5150.0,82.0,-82.0,4.572,0.02,-0.064,0.08,0.15,-0.15,0.793,0.062,-0.033,0.855,0.035,-0.049,,,,q1_q17_dr25_stellar,290.58173,40.5774,15.224,15.961,15.142,14.908,14.758,13.767,13.295,13.234,0.0,19.37211855,1.5e-07,40.5773577,1.8e-06,0.1332,0.0063,-0.1522,0.0066,-0.00196,0.00083,0.006,0.0011,-0.01,0.067,-0.052,0.067,0.053,0.067,0.032,0.068,-0.231,0.07,0.233,0.07,kplr005358624,Kepler-428b,6,"(7, 9)","(0.1111111111111111, 0.14285714285714285)"
114,4664847,K00816.01,Kepler-690 b,CONFIRMED,Done,2018-08-16,CANDIDATE,1.0,0,0,0,0,q1_q17_dr25_sup_koi,NO_COMMENT,7.748094239,7.553e-06,-7.553e-06,174.997206,0.000765,-0.000765,2455007.997,0.000765,-0.000765,0.0,,,,,,0.517,0.237,-0.325,3.5957,0.043,-0.043,,,,2472.1,25.7,-25.7,0.046615,0.002645,-0.001294,1.06292,0.58099,-0.01477,LS+MCMC,5.52,1.7,-0.56,0.081,,,88.02,,,964.0,,,204.39,186.49,-63.82,15.0,4.1,-4.1,Claret (2011 A&A 529 75) ATLAS LS,0.0,0.0,0.2799,0.381,q1_q17_dr25_koi,13.618479,106.29421,113.2,1,133.0,1.0,q1_q17_dr25_tce,01111011101110111000000000000000,0.0761,Mandel and Agol (2002 ApJ 580 171),,,004/004664/004664847/dv/kplr004664847-20160209194854_dvr.pdf,004/004664/004664847/dv/kplr004664847-001-20160209194854_dvs.pdf,5973.0,169.0,-232.0,4.439,0.052,-0.221,0.36,0.1,-0.3,1.085,0.334,-0.111,1.181,0.121,-0.151,,,,q1_q17_dr25_stellar,294.4899,39.771439,15.67,16.254,15.609,15.42,15.327,14.412,14.113,14.106,0.097,19.6326625,3.4e-06,39.771406,3.9e-05,0.11,0.14,-0.12,0.14,0.00054,0.00038,-1e-05,0.00041,-0.089,0.083,0.077,0.073,0.117,0.079,0.082,0.096,0.137,0.082,0.159,0.098,kplr004664847,Kepler-690b,11,"(18, 22)","(0.045454545454545456, 0.05555555555555555)"
117,4913852,K00818.01,Kepler-691 b,CONFIRMED,Done,2018-08-16,CANDIDATE,1.0,0,0,0,0,q1_q17_dr25_sup_koi,CENT_KIC_POS,8.11437482,1.092e-05,-1.092e-05,176.33968,0.00107,-0.00107,2455009.34,0.00107,-0.00107,0.0,,,,,,0.573,0.0,-0.468,2.2736,0.0447,-0.0447,,,,1558.0,32.0,-32.0,0.037204,0.005948,-0.001531,3.76716,2.38541,-3.13735,LS+MCMC,2.1,0.14,-0.16,0.0649,,,88.61,,,460.0,,,10.55,2.46,-2.31,23.58,7.5,-7.5,Claret (2011 A&A 529 75) ATLAS LS,0.0,0.0,0.2964,0.4262,q1_q17_dr25_koi,6.7459397,45.585175,56.4,1,167.0,1.0,q1_q17_dr25_tce,11111111111111111000000000000000,0.1566,Mandel and Agol (2002 ApJ 580 171),,,004/004913/004913852/dv/kplr004913852-20160209194854_dvr.pdf,004/004913/004913852/dv/kplr004913852-001-20160209194854_dvs.pdf,3692.0,73.0,-83.0,4.753,0.032,-0.039,0.28,0.15,-0.15,0.517,0.035,-0.039,0.553,0.027,-0.044,,,,q1_q17_dr25_stellar,288.81201,40.033401,15.877,17.474,16.091,15.192,14.705,13.405,12.723,12.492,0.024,19.254116,6.6e-06,40.033178,7.4e-05,-0.74,0.27,-0.8,0.27,0.00033,0.00044,0.00054,0.00045,0.08,0.089,-0.018,0.087,0.082,0.089,-0.588,0.097,-0.517,0.095,0.78,0.1,kplr004913852,Kepler-691b,13,"(26, 31)","(0.03225806451612903, 0.038461538461538464)"
121,10875245,K00117.01,Kepler-107 e,CONFIRMED,Done,2018-08-16,CANDIDATE,0.992,0,0,0,0,q1_q17_dr25_sup_koi,NO_COMMENT,14.74914825,2.174e-05,-2.174e-05,138.77799,0.00118,-0.00118,2454971.778,0.00118,-0.00118,0.0,,,,,,0.173,0.262,-0.173,6.0995,0.044,-0.044,,,,430.2,4.2,-4.2,0.018864,0.000398,-0.000228,0.55575,0.03329,-0.14827,LS+MCMC,2.89,0.13,-0.1,0.1221,,,89.47,,,874.0,,,137.91,19.38,-15.39,18.56,1.1,-1.1,Claret (2011 A&A 529 75) ATLAS LS,0.0,0.0,0.257,0.4213,q1_q17_dr25_koi,11.163704,66.187065,107.4,4,72.0,1.0,q1_q17_dr25_tce,11111101110111011000000000000000,0.7875,Mandel and Agol (2002 ApJ 580 171),,,010/010875/010875245/dv/kplr010875245-20160209194854_dvr.pdf,010/010875/010875245/dv/kplr010875245-001-20160209194854_dvs.pdf,5847.0,64.0,-75.0,4.191,0.02,-0.018,0.26,0.1,-0.1,1.402,0.063,-0.046,1.113,0.092,-0.05,,,,q1_q17_dr25_stellar,297.02826,48.208611,12.487,12.904,12.427,12.309,12.274,11.392,11.114,11.06,0.0,19.8018775,3e-06,48.208594,3.1e-05,-0.21,0.11,-0.06,0.11,2.1e-05,4.7e-05,0.000114,4.9e-05,0.34,0.24,0.24,0.16,0.42,0.26,0.19,0.22,0.38,0.16,0.43,0.19,kplr010875245,Kepler-107e,16,"(45, 54)","(0.018518518518518517, 0.022222222222222223)"
125,5164255,K00824.01,Kepler-693 b,CONFIRMED,Done,2018-08-16,CANDIDATE,1.0,0,0,0,0,q1_q17_dr25_sup_koi,NO_COMMENT,15.37562369,1.017e-05,-1.017e-05,173.61402,0.000608,-0.000608,2455006.614,0.000608,-0.000608,0.0,,,,,,0.692,0.033,-0.066,3.3169,0.0645,-0.0645,,,,15337.0,114.0,-114.0,0.12103,0.001363,-0.00348,2.43887,0.53893,-0.3411,LS+MCMC,11.01,0.44,-0.82,0.1121,,,88.73,,,600.0,,,30.54,4.61,-5.99,31.24,6.9,-6.9,Claret (2011 A&A 529 75) ATLAS LS,0.0,0.0,0.1451,0.582,q1_q17_dr25_koi,33.115784,170.02856,166.0,1,50.0,1.0,q1_q17_dr25_tce,01000011011101110000000000000000,0.4872,Mandel and Agol (2002 ApJ 580 171),,,005/005164/005164255/dv/kplr005164255-20160209194854_dvr.pdf,005/005164/005164255/dv/kplr005164255-001-20160209194854_dvs.pdf,4986.0,79.0,-79.0,4.496,0.075,-0.025,0.16,0.15,-0.15,0.833,0.033,-0.062,0.793,0.054,-0.029,,,,q1_q17_dr25_stellar,283.25354,40.358189,16.422,17.227,16.367,16.077,15.879,14.877,14.359,14.178,0.006,18.8835605,1.9e-06,40.358188,2e-05,-0.39,0.079,-0.008,0.07,-0.0008,0.0047,-0.002,0.006,0.008,0.07,-0.034,0.07,0.035,0.07,-0.063,0.078,0.093,0.07,0.112,0.076,kplr005164255,Kepler-693b,6,"(7, 9)","(0.1111111111111111, 0.14285714285714285)"
128,5272878,K00826.01,Kepler-694 b,CONFIRMED,Done,2018-08-16,CANDIDATE,1.0,0,0,0,0,q1_q17_dr25_sup_koi,NO_COMMENT,6.365839713,8.06e-06,-8.06e-06,171.13575,0.001,-0.001,2455004.136,0.001,-0.001,0.0,,,,,,0.524,0.009,-0.46,2.9721,0.0408,-0.0408,,,,780.7,13.1,-13.1,0.026275,0.003895,-0.000741,1.41102,0.85067,-0.00449,LS+MCMC,2.44,0.6,-0.21,0.0659,,,87.92,,,914.0,,,165.33,121.73,-40.81,14.46,4.4,-4.4,Claret (2011 A&A 529 75) ATLAS LS,0.0,0.0,0.2711,0.3858,q1_q17_dr25_koi,7.331596,58.17086,70.8,1,216.0,1.0,q1_q17_dr25_tce,11111111111111111000000000000000,0.1852,Mandel and Agol (2002 ApJ 580 171),,,005/005272/005272878/dv/kplr005272878-20160209194854_dvr.pdf,005/005272/005272878/dv/kplr005272878-001-20160209194854_dvs.pdf,5776.0,155.0,-155.0,4.554,0.042,-0.168,-0.18,0.3,-0.3,0.849,0.212,-0.071,0.939,0.098,-0.109,,,,q1_q17_dr25_stellar,291.14951,40.420521,15.09,15.594,15.032,14.874,14.799,13.882,13.522,13.493,0.871,19.4099691,5.4e-06,40.420475,5.9e-05,0.07,0.22,-0.16,0.21,-1e-05,0.00018,-4e-05,0.00017,-0.025,0.081,0.042,0.084,0.049,0.083,-0.019,0.081,-0.131,0.084,0.133,0.084,kplr005272878,Kepler-694b,15,"(37, 45)","(0.022222222222222223, 0.02702702702702703)"
131,5651104,K00840.01,Kepler-695 b,CONFIRMED,Done,2018-08-16,CANDIDATE,1.0,0,0,0,0,q1_q17_dr25_sup_koi,CENT_KIC_POS,3.04033046,3.37e-07,-3.37e-07,169.9490106,8.86e-05,-8.86e-05,2455002.949,8.86e-05,-8.86e-05,0.0,,,,,,0.736,0.013,-0.024,1.8411,0.0168,-0.0168,,,,10859.0,25.8,-25.8,0.104023,0.00047,-0.001431,2.31195,0.22911,-0.15635,LS+MCMC,8.99,0.8,-0.99,0.0374,,,85.95,,,1021.0,,,257.29,86.59,-76.86,10.41,1.0,-1.0,Claret (2011 A&A 529 75) ATLAS LS,0.0,0.0,0.1611,0.5575,q1_q17_dr25_koi,50.342957,653.36066,568.2,1,440.0,1.0,q1_q17_dr25_tce,11111111111111111000000000000000,0.2726,Mandel and Agol (2002 ApJ 580 171),,,005/005651/005651104/dv/kplr005651104-20160209194854_dvr.pdf,005/005651/005651104/dv/kplr005651104-001-20160209194854_dvs.pdf,5035.0,151.0,-151.0,4.519,0.084,-0.063,-0.06,0.3,-0.3,0.791,0.071,-0.087,0.754,0.095,-0.055,,,,q1_q17_dr25_stellar,299.3161,40.82238,15.028,15.823,14.978,14.687,14.505,13.514,13.016,12.922,0.0,19.95441782,5.1e-07,40.8222841,5.1e-06,0.483,0.021,-0.345,0.019,-0.00348,0.00076,0.00219,0.00098,0.243,0.071,-0.509,0.087,0.564,0.09,-0.01,0.068,0.115,0.068,0.116,0.068,kplr005651104,Kepler-695b,8,"(10, 12)","(0.08333333333333333, 0.1)"
132,5792202,K00841.01,Kepler-27 b,CONFIRMED,Done,2018-08-16,CANDIDATE,1.0,0,0,0,0,q1_q17_dr25_sup_koi,CENT_KIC_POS,15.33528675,1.989e-05,-1.989e-05,174.00278,0.00103,-0.00103,2455007.003,0.00103,-0.00103,0.0,,,,,,0.773,0.006,-0.543,3.897,0.0771,-0.0771,,,,3081.4,39.0,-39.0,0.056,0.001045,-0.005222,0.81659,1.72145,-0.11075,LS+MCMC,5.0,0.49,-0.18,0.1179,,,87.95,,,610.0,,,32.67,9.96,-4.63,21.65,9.1,-9.1,Claret (2011 A&A 529 75) ATLAS LS,0.0,0.0,0.186,0.5256,q1_q17_dr25_koi,13.146613,84.09906,86.6,5,85.0,2.0,q1_q17_dr25_tce,11111111111111111000000000000000,0.0447,Mandel and Agol (2002 ApJ 580 171),,,005/005792/005792202/dv/kplr005792202-20160209194854_dvr.pdf,005/005792/005792202/dv/kplr005792202-002-20160209194854_dvs.pdf,5251.0,105.0,-105.0,4.581,0.01,-0.085,0.21,0.15,-0.15,0.817,0.08,-0.029,0.926,0.032,-0.064,,,,q1_q17_dr25_stellar,292.23676,41.08588,15.855,16.516,15.753,15.571,15.491,14.484,14.026,14.118,0.0,19.4824445,3.6e-06,41.085836,4e-05,-0.25,0.15,-0.16,0.14,0.00162,0.00055,0.00184,0.0006,-0.35,0.11,-0.35,0.11,0.49,0.13,-0.076,0.082,0.031,0.085,0.083,0.082,kplr005792202,Kepler-27b,11,"(18, 22)","(0.045454545454545456, 0.05555555555555555)"
134,5792202,K00841.02,Kepler-27 c,CONFIRMED,Done,2018-08-16,CANDIDATE,1.0,0,0,0,0,q1_q17_dr25_sup_koi,CENT_KIC_POS,31.33046135,3.977e-05,-3.977e-05,153.43031,0.00103,-0.00103,2454986.43,0.00103,-0.00103,0.0,,,,,,0.798,0.021,-0.043,5.176,0.102,-0.102,,,,5073.8,48.4,-48.4,0.072904,0.000828,-0.002069,0.70448,0.1695,-0.12164,LS+MCMC,6.5,0.64,-0.23,0.1898,,,88.62,,,481.0,,,12.61,3.84,-1.79,33.19,8.0,-8.0,Claret (2011 A&A 529 75) ATLAS LS,0.0,0.0,0.186,0.5256,q1_q17_dr25_koi,23.140947,110.02644,117.2,5,46.0,1.0,q1_q17_dr25_tce,11111111111111111000000000000000,0.4851,Mandel and Agol (2002 ApJ 580 171),,,005/005792/005792202/dv/kplr005792202-20160209194854_dvr.pdf,005/005792/005792202/dv/kplr005792202-001-20160209194854_dvs.pdf,5251.0,105.0,-105.0,4.581,0.01,-0.085,0.21,0.15,-0.15,0.817,0.08,-0.029,0.926,0.032,-0.064,,,,q1_q17_dr25_stellar,292.23676,41.08588,15.855,16.516,15.753,15.571,15.491,14.484,14.026,14.118,0.0,19.4824496,2.7e-06,41.085864,2.9e-05,-0.05,0.11,-0.06,0.1,0.00168,0.00088,0.0026,0.001,-0.25,0.1,-0.379,0.098,0.45,0.11,-0.081,0.079,-0.016,0.082,0.082,0.078,kplr005792202,Kepler-27c,9,"(12, 15)","(0.06666666666666667, 0.08333333333333333)"
138,5436502,K00834.01,Kepler-238 e,CONFIRMED,Done,2018-08-16,CANDIDATE,0.999,0,0,0,0,q1_q17_dr25_sup_koi,NO_COMMENT,23.65369415,1.748e-05,-1.748e-05,171.376107,0.000603,-0.000603,2455004.376,0.000603,-0.000603,0.0,,,,,,0.008,0.169,-0.008,8.2183,0.021,-0.021,,,,3341.8,13.2,-13.2,0.05219,0.000266,-9.8e-05,0.41907,0.00194,-0.02856,LS+MCMC,7.89,1.38,-1.52,0.1658,,,89.98,,,731.0,,,67.65,33.37,-26.59,23.142,0.107,-0.107,Claret (2011 A&A 529 75) ATLAS LS,0.0,0.0,0.257,0.4213,q1_q17_dr25_koi,33.295635,188.42673,266.3,5,57.0,1.0,q1_q17_dr25_tce,11111111111111111000000000000000,0.6436,Mandel and Agol (2002 ApJ 580 171),,,005/005436/005436502/dv/kplr005436502-20160209194854_dvr.pdf,005/005436/005436502/dv/kplr005436502-001-20160209194854_dvs.pdf,5739.0,114.0,-103.0,4.191,0.162,-0.108,0.3,0.1,-0.15,1.384,0.242,-0.266,1.083,0.1,-0.075,,,,q1_q17_dr25_stellar,287.89713,40.637821,15.084,15.6,15.003,14.862,14.768,13.894,13.545,13.512,0.032,19.1931416,1.3e-06,40.637849,1.4e-05,0.037,0.054,0.106,0.049,-6e-05,0.00025,-0.00023,0.00027,0.007,0.076,0.019,0.086,0.02,0.085,-0.034,0.078,0.061,0.094,0.07,0.09,kplr005436502,Kepler-238e,11,"(18, 22)","(0.045454545454545456, 0.05555555555555555)"
142,10875245,K00117.03,Kepler-107 b,CONFIRMED,Done,2018-08-16,CANDIDATE,0.995,0,0,0,0,q1_q17_dr25_sup_koi,NO_COMMENT,3.180027898,7.278e-06,-7.278e-06,133.49863,0.00181,-0.00181,2454966.499,0.00181,-0.00181,0.0,,,,,,0.196,0.242,-0.196,3.5797,0.0558,-0.0558,,,,120.3,2.7,-2.7,0.009989,0.000254,-0.000184,0.5756,0.0651,-0.14595,LS+MCMC,1.53,0.07,-0.05,0.0439,,,88.34,,,1458.0,,,1066.86,149.88,-119.09,6.751,0.764,-0.764,Claret (2011 A&A 529 75) ATLAS LS,0.0,0.0,0.257,0.4213,q1_q17_dr25_koi,5.307951,34.970474,50.4,4,323.0,2.0,q1_q17_dr25_tce,11111101110111011000000000000000,0.2045,Mandel and Agol (2002 ApJ 580 171),,,010/010875/010875245/dv/kplr010875245-20160209194854_dvr.pdf,010/010875/010875245/dv/kplr010875245-002-20160209194854_dvs.pdf,5847.0,64.0,-75.0,4.191,0.02,-0.018,0.26,0.1,-0.1,1.402,0.063,-0.046,1.113,0.092,-0.05,,,,q1_q17_dr25_stellar,297.02826,48.208611,12.487,12.904,12.427,12.309,12.274,11.392,11.114,11.06,0.307,19.8018763,5.9e-06,48.208621,6.2e-05,-0.25,0.21,0.04,0.22,1.1e-05,2.5e-05,2e-05,2.7e-05,0.12,0.25,-0.34,0.26,0.36,0.26,-0.02,0.25,-0.22,0.25,0.22,0.25,kplr010875245,Kepler-107b,20,"(93, 112)","(0.008928571428571428, 0.010752688172043012)"
150,6291653,K00850.01,Kepler-702 b,CONFIRMED,Done,2018-08-16,CANDIDATE,0.999,0,0,0,0,q1_q17_dr25_sup_koi,NO_COMMENT,10.526294577,1.783e-06,-1.783e-06,176.522462,0.000136,-0.000136,2455009.522,0.000136,-0.000136,0.0,,,,,,0.644,0.031,-0.045,2.5211,0.0257,-0.0257,,,,9768.0,26.4,-26.4,0.095143,0.000586,-0.00148,3.85261,0.52975,-0.41055,LS+MCMC,8.24,1.48,-0.8,0.088,,,88.69,,,713.0,,,61.16,34.56,-16.93,28.26,3.9,-3.9,Claret (2011 A&A 529 75) ATLAS LS,0.0,0.0,0.2434,0.4341,q1_q17_dr25_koi,58.01924,488.70584,482.3,1,129.0,1.0,q1_q17_dr25_tce,11111111111111111000000000000000,0.742,Mandel and Agol (2002 ApJ 580 171),,,006/006291/006291653/dv/kplr006291653-20160209194854_dvr.pdf,006/006291/006291653/dv/kplr006291653-001-20160209194854_dvs.pdf,5386.0,159.0,-159.0,4.553,0.056,-0.104,-0.2,0.3,-0.3,0.793,0.143,-0.077,0.82,0.096,-0.078,,,,q1_q17_dr25_stellar,293.87811,41.66177,15.305,15.956,15.263,15.026,14.903,13.968,13.532,13.492,0.0,19.59187627,7.2e-07,41.661736,8.6e-06,0.091,0.029,-0.122,0.031,-5e-05,0.00068,0.00075,0.00089,-0.012,0.067,-0.03,0.068,0.033,0.068,0.053,0.069,-0.17,0.068,0.178,0.068,kplr006291653,Kepler-702b,8,"(10, 12)","(0.08333333333333333, 0.1)"
151,6392727,K00851.01,Kepler-703 b,CONFIRMED,Done,2018-08-16,CANDIDATE,1.0,0,0,0,0,q1_q17_dr25_sup_koi,NO_COMMENT,4.583520948,4.18e-06,-4.18e-06,169.973972,0.000733,-0.000733,2455002.974,0.000733,-0.000733,0.0,,,,,,0.045,0.319,-0.045,2.7055,0.0321,-0.0321,,,,3812.1,44.5,-44.5,0.056287,0.001029,-0.000406,2.30111,0.04666,-0.51606,LS+MCMC,5.39,1.6,-0.53,0.0535,,,89.81,,,1038.0,,,274.98,239.18,-77.52,13.672,0.277,-0.277,Claret (2011 A&A 529 75) ATLAS LS,0.0,0.0,0.2676,0.3928,q1_q17_dr25_koi,18.698158,212.06973,99.5,1,297.0,1.0,q1_q17_dr25_tce,11111111111111111000000000000000,0.072,Mandel and Agol (2002 ApJ 580 171),,,006/006392/006392727/dv/kplr006392727-20160209194854_dvr.pdf,006/006392/006392727/dv/kplr006392727-001-20160209194854_dvs.pdf,5815.0,157.0,-175.0,4.54,0.038,-0.212,-0.12,0.3,-0.3,0.877,0.26,-0.087,0.973,0.105,-0.126,,,,q1_q17_dr25_stellar,299.18686,41.74268,15.287,15.847,15.235,15.047,14.929,13.981,13.644,13.62,0.012,19.9457993,1.6e-06,41.742703,1.7e-05,0.321,0.066,0.081,0.061,-0.00039,0.00033,-0.00028,0.00036,-0.03,0.069,-0.024,0.07,0.039,0.071,-0.072,0.074,-0.035,0.072,0.08,0.075,kplr006392727,Kepler-703b,11,"(18, 22)","(0.045454545454545456, 0.05555555555555555)"
153,6428700,K00853.01,Kepler-242 b,CONFIRMED,Done,2018-08-16,CANDIDATE,1.0,0,0,0,0,q1_q17_dr25_sup_koi,NO_COMMENT,8.20396958,1.488e-05,-1.488e-05,169.69138,0.00143,-0.00143,2455002.691,0.00143,-0.00143,0.0,,,,,,0.823,0.001,-0.58,2.9667,0.0529,-0.0529,,,,1024.4,21.2,-21.2,0.033372,0.002616,-0.004385,0.65082,2.14828,-0.05356,LS+MCMC,3.01,0.24,-0.3,0.0735,,,86.43,,,742.0,,,71.5,22.24,-20.23,13.23,6.2,-6.2,Claret (2011 A&A 529 75) ATLAS LS,0.0,0.0,0.1496,0.5746,q1_q17_dr25_koi,7.181467,44.777393,54.4,2,162.0,1.0,q1_q17_dr25_tce,11111111111111111000000000000000,0.5107,Mandel and Agol (2002 ApJ 580 171),,,006/006428/006428700/dv/kplr006428700-20160209194854_dvr.pdf,006/006428/006428700/dv/kplr006428700-001-20160209194854_dvs.pdf,5015.0,149.0,-149.0,4.499,0.09,-0.06,0.1,0.25,-0.3,0.826,0.066,-0.083,0.785,0.078,-0.056,,,,q1_q17_dr25_stellar,286.5657,41.808399,15.376,16.162,15.297,15.039,14.855,13.821,13.316,13.238,0.009,19.1043801,6.1e-06,41.808502,6.6e-05,0.0,0.25,0.37,0.24,2e-05,0.00025,-0.0004,0.00025,-0.085,0.09,0.13,0.11,0.15,0.11,-0.12,0.093,0.19,0.11,0.22,0.11,kplr006428700,Kepler-242b,13,"(26, 31)","(0.03225806451612903, 0.038461538461538464)"
156,5794379,K00842.01,Kepler-241 b,CONFIRMED,Done,2018-08-16,CANDIDATE,1.0,0,0,0,0,q1_q17_dr25_sup_koi,NO_COMMENT,12.71809866,2.324e-05,-2.324e-05,175.35526,0.00152,-0.00152,2455008.355,0.00152,-0.00152,0.0,,,,,,0.427,0.016,-0.427,3.0957,0.0562,-0.0562,,,,1149.4,24.5,-24.5,0.030871,0.000231,-0.001427,2.98907,1.29799,-0.15507,LS+MCMC,2.31,0.17,-0.22,0.0934,,,89.17,,,562.0,,,23.6,6.56,-6.6,29.5,12.8,-12.8,Claret (2011 A&A 529 75) ATLAS LS,0.0,0.0,0.1196,0.6106,q1_q17_dr25_koi,7.304412,42.002544,52.7,2,107.0,1.0,q1_q17_dr25_tce,11111111111111111000000000000000,0.8866,Mandel and Agol (2002 ApJ 580 171),,,005/005794/005794379/dv/kplr005794379-20160209194854_dvr.pdf,005/005794/005794379/dv/kplr005794379-001-20160209194854_dvs.pdf,4702.0,128.0,-142.0,4.592,0.058,-0.027,-0.22,0.3,-0.3,0.686,0.049,-0.067,0.67,0.081,-0.05,,,,q1_q17_dr25_stellar,292.91312,41.060921,15.389,16.296,15.349,15.001,14.741,13.608,13.064,12.881,0.832,19.5275413,8e-06,41.060999,8.7e-05,0.0,0.32,0.29,0.31,-0.00013,0.00037,-7e-05,0.00037,0.02,0.13,-0.16,0.12,0.16,0.12,-0.02,0.12,-0.02,0.11,0.03,0.12,kplr005794379,Kepler-241b,14,"(31, 37)","(0.02702702702702703, 0.03225806451612903)"
157,5794379,K00842.02,Kepler-241 c,CONFIRMED,Done,2018-08-16,CANDIDATE,0.999,0,0,0,0,q1_q17_dr25_sup_koi,NO_COMMENT,36.06588163,8.305e-05,-8.305e-05,198.58423,0.00172,-0.00172,2455031.584,0.00172,-0.00172,0.0,,,,,,0.26,0.145,-0.26,4.3246,0.0634,-0.0634,,,,1563.8,32.1,-32.1,0.035281,0.000778,-0.000796,3.78452,0.5797,-0.73166,LS+MCMC,2.64,0.19,-0.26,0.1871,,,89.77,,,397.0,,,5.88,1.64,-1.64,63.84,9.8,-9.8,Claret (2011 A&A 529 75) ATLAS LS,0.0,0.0,0.1196,0.6106,q1_q17_dr25_koi,10.347036,39.547905,51.7,2,38.0,2.0,q1_q17_dr25_tce,11111111111111111000000000000000,0.3424,Mandel and Agol (2002 ApJ 580 171),,,005/005794/005794379/dv/kplr005794379-20160209194854_dvr.pdf,005/005794/005794379/dv/kplr005794379-002-20160209194854_dvs.pdf,4702.0,128.0,-142.0,4.592,0.058,-0.027,-0.22,0.3,-0.3,0.686,0.049,-0.067,0.67,0.081,-0.05,,,,q1_q17_dr25_stellar,292.91312,41.060921,15.389,16.296,15.349,15.001,14.741,13.608,13.064,12.881,0.622,19.5275417,7.8e-06,41.060949,8.4e-05,0.02,0.32,0.1,0.3,-0.0002,0.00053,0.0002,0.00053,-0.05,0.13,-0.08,0.12,0.09,0.14,-0.1,0.11,0.08,0.12,0.13,0.11,kplr005794379,Kepler-241c,13,"(26, 31)","(0.03225806451612903, 0.038461538461538464)"
158,5881688,K00843.01,Kepler-696 b,CONFIRMED,Done,2018-08-16,CANDIDATE,1.0,0,0,0,0,q1_q17_dr25_sup_koi,NO_COMMENT,4.190425659,1.611e-06,-1.611e-06,171.44122,0.000306,-0.000306,2455004.441,0.000306,-0.000306,0.0,,,,,,0.458,0.004,-0.377,2.8589,0.0224,-0.0224,,,,2877.4,14.1,-14.1,0.050076,0.00173,-0.000957,1.28404,0.39973,-0.38192,LS+MCMC,6.21,2.05,-0.82,0.0535,,,87.52,,,1234.0,,,547.9,549.04,-194.78,10.6,3.3,-3.3,Claret (2011 A&A 529 75) ATLAS LS,0.0,0.0,0.2826,0.3729,q1_q17_dr25_koi,21.389048,245.59174,240.6,1,318.0,1.0,q1_q17_dr25_tce,11111111111111111000000000000000,0.2448,Mandel and Agol (2002 ApJ 580 171),,,005/005881/005881688/dv/kplr005881688-20160209194854_dvr.pdf,005/005881/005881688/dv/kplr005881688-001-20160209194854_dvs.pdf,6073.0,190.0,-232.0,4.392,0.072,-0.217,0.2,0.2,-0.3,1.135,0.375,-0.15,1.163,0.151,-0.151,,,,q1_q17_dr25_stellar,293.49661,41.137589,15.27,15.8,15.211,15.043,14.951,14.069,13.77,13.624,0.0,19.5664385,1.5e-06,41.13764,1.7e-05,-0.114,0.06,0.178,0.06,0.00026,0.0002,0.0017,0.00022,-0.033,0.069,-0.038,0.073,0.05,0.072,-0.091,0.07,0.163,0.074,0.186,0.074,kplr005881688,Kepler-696b,11,"(18, 22)","(0.045454545454545456, 0.05555555555555555)"
159,6022556,K00844.01,Kepler-697 b,CONFIRMED,Done,2018-08-16,CANDIDATE,1.0,0,0,0,0,q1_q17_dr25_sup_koi,NO_COMMENT,3.709870784,3.043e-06,-3.043e-06,171.987982,0.000638,-0.000638,2455004.988,0.000638,-0.000638,0.0,,,,,,0.023,0.323,-0.023,3.0694,0.0265,-0.0265,,,,2020.3,20.1,-20.1,0.040686,0.000711,-0.000254,1.22579,0.002,-0.30307,LS+MCMC,4.35,0.64,-0.28,0.0471,,,89.86,,,1151.0,,,415.1,163.27,-72.1,9.6255,0.0157,-0.0157,Claret (2011 A&A 529 75) ATLAS LS,0.0,0.0,0.2602,0.4096,q1_q17_dr25_koi,9.246548,88.43494,116.1,1,279.0,1.0,q1_q17_dr25_tce,11110111011101110000000000000000,0.1785,Mandel and Agol (2002 ApJ 580 171),,,006/006022/006022556/dv/kplr006022556-20160209194854_dvr.pdf,006/006022/006022556/dv/kplr006022556-001-20160209194854_dvs.pdf,5727.0,77.0,-85.0,4.463,0.04,-0.12,0.14,0.15,-0.15,0.978,0.146,-0.062,1.013,0.056,-0.062,,,,q1_q17_dr25_stellar,283.86441,41.346458,15.581,16.157,15.52,15.334,15.255,14.306,13.934,13.785,0.416,18.9242944,3.7e-06,41.346407,4e-05,0.04,0.15,-0.19,0.14,-0.00025,0.0003,8e-05,0.00031,0.019,0.076,0.05,0.074,0.054,0.074,-0.03,0.076,-0.136,0.074,0.139,0.074,kplr006022556,Kepler-697b,12,"(22, 26)","(0.038461538461538464, 0.045454545454545456)"
160,6032497,K00845.01,Kepler-698 b,CONFIRMED,Done,2018-08-16,CANDIDATE,1.0,0,0,0,0,q1_q17_dr25_sup_koi,NO_COMMENT,16.3297527,3.611e-05,-3.611e-05,177.29506,0.00181,-0.00181,2455010.295,0.00181,-0.00181,0.0,,,,,,0.791,0.091,-0.541,6.271,0.112,-0.112,,,,1187.5,18.1,-18.1,0.034822,0.002061,-0.003053,0.16717,0.40088,-0.0896,LS+MCMC,3.75,1.11,-0.47,0.1255,,,86.59,,,727.0,,,66.08,57.11,-21.98,13.31,6.4,-6.4,Claret (2011 A&A 529 75) ATLAS LS,0.0,0.0,0.2889,0.3511,q1_q17_dr25_koi,10.867014,63.15734,74.6,1,85.0,1.0,q1_q17_dr25_tce,11111111111111111000000000000000,0.4521,Mandel and Agol (2002 ApJ 580 171),,,006/006032/006032497/dv/kplr006032497-20160209194854_dvr.pdf,006/006032/006032497/dv/kplr006032497-001-20160209194854_dvs.pdf,5878.0,158.0,-193.0,4.444,0.084,-0.196,-0.06,0.3,-0.3,0.987,0.291,-0.125,0.989,0.127,-0.115,,,,q1_q17_dr25_stellar,288.51001,41.301769,15.447,15.988,15.407,15.215,15.143,14.255,13.87,13.799,0.0,19.2340093,5.2e-06,41.301751,4.7e-05,0.38,0.21,-0.07,0.17,0.00097,0.00025,0.00019,0.00021,-0.005,0.087,-0.118,0.094,0.118,0.094,0.164,0.1,-0.138,0.09,0.214,0.096,kplr006032497,Kepler-698b,13,"(26, 31)","(0.03225806451612903, 0.038461538461538464)"
161,6061119,K00846.01,Kepler-699 b,CONFIRMED,Done,2018-08-16,CANDIDATE,0.985,0,0,0,0,q1_q17_dr25_sup_koi,NO_COMMENT,27.807566216,4.747e-06,-4.747e-06,186.713552,0.000134,-0.000134,2455019.714,0.000134,-0.000134,0.0,,,,,,0.782,0.002,-0.003,4.21587,0.00935,-0.00935,,,,25391.0,47.3,-47.3,0.161479,0.000274,-0.000299,1.98053,0.02414,-0.02349,LS+MCMC,13.84,3.63,-1.21,0.1711,,,88.96,,,554.0,,,22.24,17.69,-5.87,43.26,0.527,-0.527,Claret (2011 A&A 529 75) ATLAS LS,0.0,0.0,0.2865,0.3556,q1_q17_dr25_koi,184.1626,739.8864,748.1,1,50.0,1.0,q1_q17_dr25_tce,11111111111111111000000000000000,0.7873,Mandel and Agol (2002 ApJ 580 171),,,006/006061/006061119/dv/kplr006061119-20160209194854_dvr.pdf,006/006061/006061119/dv/kplr006061119-001-20160209194854_dvs.pdf,5862.0,177.0,-177.0,4.584,0.044,-0.176,-0.52,0.3,-0.3,0.785,0.206,-0.069,0.865,0.088,-0.096,,,,q1_q17_dr25_stellar,296.88821,41.396091,15.482,16.014,15.449,15.254,15.124,14.236,13.744,13.672,0.0,19.79254186,4.8e-07,41.3960981,5.4e-06,-0.196,0.019,0.029,0.02,-0.0004,0.0034,-0.0023,0.0045,0.001,0.068,0.011,0.067,0.011,0.067,-0.012,0.069,0.022,0.067,0.025,0.068,kplr006061119,Kepler-699b,5,"(6, 7)","(0.14285714285714285, 0.16666666666666666)"
162,6191521,K00847.01,Kepler-700 b,CONFIRMED,Done,2018-08-16,CANDIDATE,0.942,0,0,0,0,q1_q17_dr25_sup_koi,NO_COMMENT,80.8723469,0.0001468,-0.0001468,203.895,0.00131,-0.00131,2455036.895,0.00131,-0.00131,0.0,,,,,,0.527,0.08,-0.309,11.195,0.13,-0.13,,,,3604.6,25.9,-25.9,0.056129,0.002618,-0.00156,0.37264,0.21395,-0.00475,LS+MCMC,7.59,1.24,-1.52,0.3577,,,89.4,,,452.0,,,9.88,4.3,-3.87,50.5,14.5,-14.5,Claret (2011 A&A 529 75) ATLAS LS,0.0,0.0,0.2286,0.4641,q1_q17_dr25_koi,39.125496,129.28693,160.9,1,17.0,1.0,q1_q17_dr25_tce,11111111111111111000000000000000,0.4468,Mandel and Agol (2002 ApJ 580 171),,,006/006191/006191521/dv/kplr006191521-20160209194854_dvr.pdf,006/006191/006191521/dv/kplr006191521-001-20160209194854_dvs.pdf,5510.0,82.0,-71.0,4.222,0.195,-0.105,0.16,0.15,-0.1,1.238,0.202,-0.247,0.932,0.066,-0.044,,,,q1_q17_dr25_stellar,287.1543,41.565788,15.201,15.739,15.166,14.97,14.863,13.935,13.585,13.569,0.403,19.1436181,2.1e-06,41.565793,2.6e-05,-0.076,0.085,0.009,0.094,-0.00023,0.0004,0.00016,0.00048,-0.044,0.074,-0.042,0.085,0.061,0.083,-0.218,0.079,-0.027,0.077,0.219,0.079,kplr006191521,Kepler-700b,11,"(18, 22)","(0.045454545454545456, 0.05555555555555555)"
164,3531558,K00118.01,Kepler-467 b,CONFIRMED,Done,2018-08-16,CANDIDATE,0.912,0,0,0,0,q1_q17_dr25_sup_koi,CENT_KIC_POS,24.99324319,6.127e-05,-6.127e-05,138.68167,0.00197,-0.00197,2454971.682,0.00197,-0.00197,0.0,,,,,,0.686,0.015,-0.505,5.9409,0.0669,-0.0669,,,,269.6,4.9,-4.9,0.015956,0.001773,-0.000951,0.42385,0.51873,-0.06335,LS+MCMC,2.29,0.12,-0.08,0.1651,,,88.37,,,712.0,,,60.88,10.13,-7.34,24.1,9.8,-9.8,Claret (2011 A&A 529 75) ATLAS LS,0.0,0.0,0.2678,0.3958,q1_q17_dr25_koi,10.750713,48.44607,62.0,1,53.0,1.0,q1_q17_dr25_tce,11111111111111111000000000000000,0.2311,Mandel and Agol (2002 ApJ 580 171),,,003/003531/003531558/dv/kplr003531558-20160209194854_dvr.pdf,003/003531/003531558/dv/kplr003531558-001-20160209194854_dvs.pdf,5718.0,85.0,-77.0,4.181,0.018,-0.016,0.0,0.15,-0.15,1.317,0.064,-0.048,0.961,0.082,-0.055,,,,q1_q17_dr25_stellar,287.36279,38.649601,12.377,12.801,12.337,12.195,12.134,11.274,10.961,10.897,0.001,19.1575299,5.6e-06,38.649549,7.9e-05,0.42,0.24,-0.18,0.28,-4.7e-05,6.2e-05,0.000151,7.5e-05,-0.14,0.16,0.44,0.23,0.46,0.21,0.13,0.18,0.8,0.23,0.81,0.23,kplr003531558,Kepler-467b,17,"(54, 65)","(0.015384615384615385, 0.018518518518518517)"
166,6863998,K00867.01,Kepler-709 b,CONFIRMED,Done,2018-08-16,CANDIDATE,1.0,0,0,0,0,q1_q17_dr25_sup_koi,NO_COMMENT,16.08518937,3.022e-05,-3.022e-05,180.28319,0.00145,-0.00145,2455013.283,0.00145,-0.00145,0.0,,,,,,0.867,0.011,-0.613,3.984,0.0875,-0.0875,,,,1442.4,26.7,-26.7,0.040767,0.000692,-0.005599,0.41177,2.08519,-0.04524,LS+MCMC,3.68,0.54,-0.36,0.1173,,,87.21,,,613.0,,,33.43,16.76,-9.37,17.79,8.2,-8.2,Claret (2011 A&A 529 75) ATLAS LS,0.0,0.0,0.1959,0.5086,q1_q17_dr25_koi,11.495781,56.866776,62.6,1,82.0,1.0,q1_q17_dr25_tce,11111111111111111000000000000000,0.0625,Mandel and Agol (2002 ApJ 580 171),,,006/006863/006863998/dv/kplr006863998-20160209194854_dvr.pdf,006/006863/006863998/dv/kplr006863998-001-20160209194854_dvs.pdf,5239.0,174.0,-158.0,4.523,0.06,-0.09,0.0,0.25,-0.3,0.826,0.122,-0.081,0.83,0.085,-0.07,,,,q1_q17_dr25_stellar,292.10519,42.380322,15.219,15.918,15.15,14.919,14.803,13.753,13.284,13.145,0.348,19.4736764,4.6e-06,42.380365,4.4e-05,-0.14,0.18,0.16,0.16,0.00022,0.00029,-0.00012,0.00027,-0.01,0.1,0.064,0.088,0.064,0.088,0.05,0.1,0.031,0.097,0.06,0.1,kplr006863998,Kepler-709b,12,"(22, 26)","(0.038461538461538464, 0.045454545454545456)"
168,6948054,K00869.01,Kepler-245 b,CONFIRMED,Done,2018-08-16,CANDIDATE,1.0,0,0,0,0,q1_q17_dr25_sup_koi,NO_COMMENT,7.49018305,1.181e-05,-1.181e-05,174.95037,0.00124,-0.00124,2455007.95,0.00124,-0.00124,0.0,,,,,,0.02,0.404,-0.02,2.7297,0.0424,-0.0424,,,,1123.6,22.7,-22.7,0.029843,0.001013,-0.000412,3.3941,0.20437,-0.91676,LS+MCMC,2.56,0.17,-0.12,0.0703,,,89.95,,,753.0,,,76.06,17.21,-12.63,21.59,1.3,-1.3,Claret (2011 A&A 529 75) ATLAS LS,0.0,0.0,0.153,0.5684,q1_q17_dr25_koi,8.483169,43.14732,53.0,4,178.0,1.0,q1_q17_dr25_tce,11111111111111111000000000000000,0.8739,Mandel and Agol (2002 ApJ 580 171),,,006/006948/006948054/dv/kplr006948054-20160209194854_dvr.pdf,006/006948/006948054/dv/kplr006948054-001-20160209194854_dvs.pdf,5103.0,101.0,-101.0,4.562,0.032,-0.052,0.04,0.15,-0.15,0.787,0.051,-0.039,0.823,0.041,-0.047,,,,q1_q17_dr25_stellar,291.63898,42.436321,15.599,16.312,15.541,15.293,15.162,14.121,13.688,13.639,0.139,19.4425998,6.3e-06,42.43633,6.5e-05,0.07,0.25,0.04,0.24,-8e-05,0.00028,0.00026,0.00027,0.05,0.14,-0.113,0.097,0.13,0.11,0.08,0.14,0.01,0.1,0.08,0.15,kplr006948054,Kepler-245b,14,"(31, 37)","(0.02702702702702703, 0.03225806451612903)"
172,6522242,K00855.01,Kepler-706 b,CONFIRMED,Done,2018-08-16,CANDIDATE,0.974,0,0,0,0,q1_q17_dr25_sup_koi,NO_COMMENT,41.408316686,6.58e-06,-6.58e-06,195.78745,0.000123,-0.000123,2455028.787,0.000123,-0.000123,0.0,,,,,,0.377,0.016,-0.029,5.0264,0.0136,-0.0136,,,,22839.0,31.4,-31.4,0.139516,0.000244,-0.000431,3.42177,0.10004,-0.09238,LS+MCMC,11.38,2.07,-1.04,0.2162,,,89.68,,,453.0,,,9.93,5.69,-2.57,67.69,2.0,-2.0,Claret (2011 A&A 529 75) ATLAS LS,0.0,0.0,0.2665,0.398,q1_q17_dr25_koi,217.32286,904.6437,907.8,1,33.0,1.0,q1_q17_dr25_tce,11111111111111111000000000000000,0.6138,Mandel and Agol (2002 ApJ 580 171),,,006/006522/006522242/dv/kplr006522242-20160209194854_dvr.pdf,006/006522/006522242/dv/kplr006522242-001-20160209194854_dvs.pdf,5522.0,165.0,-148.0,4.586,0.048,-0.112,-0.46,0.3,-0.3,0.747,0.136,-0.068,0.786,0.094,-0.07,,,,q1_q17_dr25_stellar,291.76041,41.944069,15.196,15.775,15.154,14.947,14.827,13.805,13.413,13.307,0.0,19.45068503,4.1e-07,41.9441057,4.1e-06,-0.36,0.016,0.128,0.015,0.0092,0.0019,-0.0027,0.0025,-0.027,0.067,0.006,0.067,0.028,0.067,-0.275,0.068,0.086,0.067,0.289,0.068,kplr006522242,Kepler-706b,6,"(7, 9)","(0.1111111111111111, 0.14285714285714285)"
174,6587280,K00857.01,Kepler-243 b,CONFIRMED,Done,2018-08-16,CANDIDATE,1.0,0,0,0,0,q1_q17_dr25_sup_koi,NO_COMMENT,5.715425977,7.779e-06,-7.779e-06,174.87931,0.0011,-0.0011,2455007.879,0.0011,-0.0011,0.0,,,,,,0.348,0.098,-0.347,2.5242,0.0418,-0.0418,,,,908.1,17.4,-17.4,0.027348,0.000448,-0.000922,2.71439,0.65582,-0.54376,LS+MCMC,2.47,0.37,-0.17,0.0611,,,88.81,,,850.0,,,123.03,60.12,-28.62,16.74,4.0,-4.0,Claret (2011 A&A 529 75) ATLAS LS,0.0,0.0,0.186,0.5256,q1_q17_dr25_koi,7.166417,48.613644,59.4,2,181.0,1.0,q1_q17_dr25_tce,11110111011101110000000000000000,0.6565,Mandel and Agol (2002 ApJ 580 171),,,006/006587/006587280/dv/kplr006587280-20160209194854_dvr.pdf,006/006587/006587280/dv/kplr006587280-001-20160209194854_dvs.pdf,5237.0,157.0,-157.0,4.572,0.028,-0.112,0.24,0.2,-0.3,0.826,0.124,-0.057,0.927,0.047,-0.095,,,,q1_q17_dr25_stellar,285.11047,42.033958,15.086,15.785,14.997,14.787,14.657,13.622,13.191,13.064,0.309,19.0073656,5.3e-06,42.03405,6e-05,0.01,0.21,0.32,0.21,9e-05,0.0002,-0.00014,0.0002,0.014,0.092,-0.08,0.11,0.08,0.11,0.03,0.11,-0.05,0.1,0.06,0.11,kplr006587280,Kepler-243b,15,"(37, 45)","(0.022222222222222223, 0.02702702702702703)"
175,9471974,K00119.01,Kepler-108 b,CONFIRMED,Done,2018-08-16,CANDIDATE,0.959,0,0,0,0,q1_q17_dr25_sup_koi,CENT_KIC_POS,49.18394185,2.475e-05,-2.475e-05,141.911924,0.000569,-0.000569,2454974.912,0.000569,-0.000569,0.0,,,,,,0.035,0.361,-0.035,11.3364,0.051,-0.051,,,,1646.2,5.4,-5.4,0.036501,0.000754,-0.000244,0.31666,0.00588,-0.07202,LS+MCMC,8.2,0.5,-0.55,0.2829,,,89.94,,,669.0,,,47.4,9.4,-8.38,34.34,0.638,-0.638,Claret (2011 A&A 529 75) ATLAS LS,0.0,0.0,0.257,0.4213,q1_q17_dr25_koi,61.598824,250.00006,355.7,2,29.0,1.0,q1_q17_dr25_tce,11111111111111111000000000000000,0.0115,Mandel and Agol (2002 ApJ 580 171),,,009/009471/009471974/dv/kplr009471974-20160209194854_dvr.pdf,009/009471/009471974/dv/kplr009471974-001-20160209194854_dvs.pdf,5626.0,89.0,-78.0,3.907,0.04,-0.036,0.36,0.1,-0.15,2.057,0.125,-0.138,1.247,0.082,-0.067,,,,q1_q17_dr25_stellar,294.55917,46.062328,12.654,13.127,12.528,12.452,12.313,11.43,11.065,10.983,0.0,19.63728842,9.7e-07,46.06203,1.9e-05,0.391,0.036,-1.081,0.07,0.000243,6.6e-05,-0.00188,0.00012,0.0,0.18,-0.01,0.51,0.01,0.43,0.44,0.11,-0.167,0.1,0.47,0.1,kplr009471974,Kepler-108b,13,"(26, 31)","(0.03225806451612903, 0.038461538461538464)"
181,6784235,K00863.01,Kepler-708 b,CONFIRMED,Done,2018-08-16,CANDIDATE,1.0,0,0,0,0,q1_q17_dr25_sup_koi,NO_COMMENT,3.167893418,3.869e-06,-3.869e-06,172.147959,0.000988,-0.000988,2455005.148,0.000988,-0.000988,0.0,,,,,,0.026,0.366,-0.026,2.1814,0.0324,-0.0324,,,,781.2,14.3,-14.3,0.025513,0.000588,-0.000292,2.78453,0.14181,-0.7097,LS+MCMC,2.62,0.78,-0.26,0.0426,,,89.87,,,1221.0,,,526.23,466.28,-150.76,11.389,0.58,-0.58,Claret (2011 A&A 529 75) ATLAS LS,0.0,0.0,0.2868,0.3588,q1_q17_dr25_koi,5.8711963,55.665585,64.8,1,430.0,1.0,q1_q17_dr25_tce,11111111111111111000000000000000,0.8648,Mandel and Agol (2002 ApJ 580 171),,,006/006784/006784235/dv/kplr006784235-20160209194854_dvr.pdf,006/006784/006784235/dv/kplr006784235-001-20160209194854_dvs.pdf,5895.0,164.0,-184.0,4.503,0.05,-0.2,-0.02,0.25,-0.3,0.94,0.282,-0.094,1.026,0.115,-0.14,,,,q1_q17_dr25_stellar,293.81647,42.212502,15.533,16.067,15.477,15.304,15.2,14.32,13.958,13.871,0.683,19.5877665,5.9e-06,42.212514,6.3e-05,0.1,0.24,0.05,0.23,-9e-05,0.00018,5e-05,0.00018,-0.003,0.093,-0.07,0.11,0.07,0.11,-0.039,0.092,0.06,0.11,0.07,0.11,kplr006784235,Kepler-708b,15,"(37, 45)","(0.022222222222222223, 0.02702702702702703)"
182,6849310,K00864.01,Kepler-244 b,CONFIRMED,Done,2018-08-16,CANDIDATE,1.0,0,0,0,0,q1_q17_dr25_sup_koi,NO_COMMENT,4.311780262,4.342e-06,-4.342e-06,173.576483,0.000848,-0.000848,2455006.576,0.000848,-0.000848,0.0,,,,,,0.196,0.221,-0.196,2.7251,0.0314,-0.0314,,,,1154.0,15.0,-15.0,0.030716,0.000643,-0.000431,1.86883,0.19721,-0.3888,LS+MCMC,3.11,0.39,-0.21,0.0511,,,89.08,,,1038.0,,,274.84,91.4,-49.59,12.25,1.3,-1.3,Claret (2011 A&A 529 75) ATLAS LS,0.0,0.0,0.224,0.4695,q1_q17_dr25_koi,7.6148076,68.72953,86.1,3,299.0,1.0,q1_q17_dr25_tce,01111111111111111000000000000000,0.2117,Mandel and Agol (2002 ApJ 580 171),,,006/006849/006849310/dv/kplr006849310-20160209194854_dvr.pdf,006/006849/006849310/dv/kplr006849310-001-20160209194854_dvs.pdf,5527.0,74.0,-83.0,4.484,0.04,-0.112,0.16,0.15,-0.15,0.927,0.115,-0.062,0.956,0.044,-0.059,,,,q1_q17_dr25_stellar,287.24268,42.301369,15.604,16.18,15.548,15.357,15.278,14.306,13.852,13.73,0.0,19.1495076,3.1e-06,42.301421,4.2e-05,-0.18,0.13,0.18,0.15,-0.00013,0.00015,-0.00085,0.00019,0.18,0.077,0.214,0.078,0.28,0.081,-0.065,0.076,0.242,0.082,0.25,0.079,kplr006849310,Kepler-244b,14,"(31, 37)","(0.02702702702702703, 0.03225806451612903)"
186,9471974,K00119.02,Kepler-108 c,CONFIRMED,Done,2018-08-16,CANDIDATE,0.987,0,0,0,0,q1_q17_dr25_sup_koi,NO_COMMENT,190.3200468,0.0005327,-0.0005327,312.68498,0.00147,-0.00147,2455145.685,0.00147,-0.00147,0.0,,,,,,0.812,0.048,-0.01,15.284,0.209,-0.209,,,,1141.7,8.5,-8.5,0.034654,0.000861,-0.000553,0.11866,0.17704,-0.02386,LS+MCMC,7.78,0.48,-0.52,0.6972,,,89.24,,,426.0,,,7.8,1.55,-1.38,61.0,30.3,-30.3,Claret (2011 A&A 529 75) ATLAS LS,0.0,0.0,0.257,0.4213,q1_q17_dr25_koi,45.91216,95.55217,139.3,2,7.0,2.0,q1_q17_dr25_tce,11111111111111111000000000000000,0.3816,Mandel and Agol (2002 ApJ 580 171),,,009/009471/009471974/dv/kplr009471974-20160209194854_dvr.pdf,009/009471/009471974/dv/kplr009471974-002-20160209194854_dvs.pdf,5626.0,89.0,-78.0,3.907,0.04,-0.036,0.36,0.1,-0.15,2.057,0.125,-0.138,1.247,0.082,-0.067,,,,q1_q17_dr25_stellar,294.55917,46.062328,12.654,13.127,12.528,12.452,12.313,11.43,11.065,10.983,0.0,19.6372855,2.7e-06,46.061957,5.4e-05,0.28,0.1,-1.34,0.19,0.00029,0.00012,-0.001,0.00023,0.39,0.26,-0.24,0.6,0.46,0.39,0.45,0.24,-0.14,0.37,0.47,0.25,kplr009471974,Kepler-108c,13,"(26, 31)","(0.03225806451612903, 0.038461538461538464)"
188,7366258,K00880.01,Kepler-82 b,CONFIRMED,Done,2018-08-16,CANDIDATE,1.0,0,0,0,0,q1_q17_dr25_sup_koi,NO_COMMENT,26.44439337,3.65e-05,-3.65e-05,194.12074,0.00108,-0.00108,2455027.121,0.00108,-0.00108,0.0,,,,,,0.03,0.355,-0.03,3.9783,0.0417,-0.0417,,,,1843.5,22.2,-22.2,0.038511,0.00088,-0.000357,3.96328,0.17855,-0.85611,LS+MCMC,3.91,0.43,-0.29,0.1687,,,89.97,,,562.0,,,23.54,7.96,-4.92,52.72,2.4,-2.4,Claret (2011 A&A 529 75) ATLAS LS,0.0,0.0,0.224,0.4695,q1_q17_dr25_koi,15.926126,67.97784,88.0,4,53.0,2.0,q1_q17_dr25_tce,11111111111111111000000000000000,0.5769,Mandel and Agol (2002 ApJ 580 171),,,007/007366/007366258/dv/kplr007366258-20160209194854_dvr.pdf,007/007366/007366258/dv/kplr007366258-002-20160209194854_dvs.pdf,5427.0,108.0,-108.0,4.463,0.064,-0.088,0.16,0.15,-0.15,0.929,0.104,-0.069,0.915,0.051,-0.051,,,,q1_q17_dr25_stellar,292.87338,42.966141,15.158,15.718,15.096,14.918,14.803,13.879,13.527,13.518,0.001,19.5248981,4.1e-06,42.966202,4.3e-05,0.22,0.16,0.22,0.15,0.00066,0.00033,0.00036,0.00035,-0.07,0.11,-0.053,0.096,0.09,0.11,-0.05,0.11,0.049,0.098,0.07,0.12,kplr007366258,Kepler-82b,13,"(26, 31)","(0.03225806451612903, 0.038461538461538464)"
189,7366258,K00880.02,Kepler-82 c,CONFIRMED,Done,2018-08-16,CANDIDATE,0.983,0,0,0,0,q1_q17_dr25_sup_koi,NO_COMMENT,51.53997972,5.613e-05,-5.613e-05,174.055011,0.00088,-0.00088,2455007.055,0.00088,-0.00088,0.0,,,,,,0.183,0.165,-0.183,6.3994,0.0438,-0.0438,,,,3644.3,23.9,-23.9,0.05435,0.000727,-0.000517,1.85679,0.10656,-0.30467,LS+MCMC,5.51,0.62,-0.41,0.2632,,,89.84,,,450.0,,,9.67,3.27,-2.02,63.88,3.7,-3.7,Claret (2011 A&A 529 75) ATLAS LS,0.0,0.0,0.224,0.4695,q1_q17_dr25_koi,28.79182,112.0813,155.5,4,28.0,1.0,q1_q17_dr25_tce,11111111111111111000000000000000,0.6609,Mandel and Agol (2002 ApJ 580 171),,,007/007366/007366258/dv/kplr007366258-20160209194854_dvr.pdf,007/007366/007366258/dv/kplr007366258-001-20160209194854_dvs.pdf,5427.0,108.0,-108.0,4.463,0.064,-0.088,0.16,0.15,-0.15,0.929,0.104,-0.069,0.915,0.051,-0.051,,,,q1_q17_dr25_stellar,292.87338,42.966141,15.158,15.718,15.096,14.918,14.803,13.879,13.527,13.518,0.0,19.5249027,2.3e-06,42.966195,2.4e-05,0.399,0.09,0.199,0.087,0.00063,0.00046,0.0008,0.00055,-0.078,0.074,-0.012,0.077,0.079,0.075,-0.033,0.073,0.087,0.077,0.093,0.077,kplr007366258,Kepler-82c,11,"(18, 22)","(0.045454545454545456, 0.05555555555555555)"
190,7366258,K00880.03,Kepler-82 e,CONFIRMED,Done,2018-08-16,CANDIDATE,1.0,0,0,0,0,q1_q17_dr25_sup_koi,NO_COMMENT,5.902245782,7.373e-06,-7.373e-06,136.78393,0.00101,-0.00101,2454969.784,0.00101,-0.00101,0.0,,,,,,0.209,0.165,-0.209,2.9003,0.0317,-0.0317,,,,702.3,12.8,-12.8,0.023909,0.000453,-0.000375,2.05923,0.20312,-0.36699,LS+MCMC,2.43,0.27,-0.18,0.0621,,,89.23,,,926.0,,,173.74,58.69,-36.35,15.59,1.5,-1.5,Claret (2011 A&A 529 75) ATLAS LS,0.0,0.0,0.224,0.4695,q1_q17_dr25_koi,6.7249837,43.151917,59.3,4,220.0,3.0,q1_q17_dr25_tce,11111111111111111000000000000000,0.1889,Mandel and Agol (2002 ApJ 580 171),,,007/007366/007366258/dv/kplr007366258-20160209194854_dvr.pdf,007/007366/007366258/dv/kplr007366258-003-20160209194854_dvs.pdf,5427.0,108.0,-108.0,4.463,0.064,-0.088,0.16,0.15,-0.15,0.929,0.104,-0.069,0.915,0.051,-0.051,,,,q1_q17_dr25_stellar,292.87338,42.966141,15.158,15.718,15.096,14.918,14.803,13.879,13.527,13.518,0.0,19.5248949,6.3e-06,42.966153,6.7e-05,0.09,0.25,0.05,0.24,0.00032,0.00017,0.00025,0.00016,0.02,0.29,0.0,0.15,0.02,0.3,0.07,0.29,0.1,0.16,0.12,0.28,kplr007366258,Kepler-82e,15,"(37, 45)","(0.022222222222222223, 0.02702702702702703)"
192,7373451,K00881.01,Kepler-712 b,CONFIRMED,Done,2018-08-16,CANDIDATE,1.0,0,0,0,0,q1_q17_dr25_sup_koi,NO_COMMENT,21.02250608,4.091e-05,-4.091e-05,207.67593,0.00148,-0.00148,2455040.676,0.00148,-0.00148,0.0,,,,,,0.036,0.36,-0.036,4.1072,0.0538,-0.0538,,,,1772.5,32.1,-32.1,0.037466,0.001051,-0.000476,2.85327,0.01498,-0.90164,LS+MCMC,3.07,0.21,-0.14,0.1378,,,89.95,,,521.0,,,17.48,4.16,-2.76,40.546,0.213,-0.213,Claret (2011 A&A 529 75) ATLAS LS,0.0,0.0,0.1611,0.5575,q1_q17_dr25_koi,9.148423,47.644684,62.4,2,67.0,1.0,q1_q17_dr25_tce,11111111111111111000000000000000,0.1875,Mandel and Agol (2002 ApJ 580 171),,,007/007373/007373451/dv/kplr007373451-20160209194854_dvr.pdf,007/007373/007373451/dv/kplr007373451-001-20160209194854_dvs.pdf,5067.0,102.0,-102.0,4.585,0.024,-0.048,-0.08,0.15,-0.15,0.75,0.052,-0.033,0.789,0.044,-0.044,,,,q1_q17_dr25_stellar,294.90973,42.935261,15.859,16.548,15.793,15.564,15.406,14.399,13.982,13.841,0.013,19.6606584,5.8e-06,42.935253,6.9e-05,0.36,0.23,-0.02,0.25,-0.0009,0.00044,-2e-05,0.00049,-0.153,0.091,0.21,0.15,0.26,0.14,-0.348,0.099,0.23,0.14,0.41,0.12,kplr007373451,Kepler-712b,13,"(26, 31)","(0.03225806451612903, 0.038461538461538464)"
194,6949607,K00870.01,Kepler-28 b,CONFIRMED,Done,2018-08-16,CANDIDATE,1.0,0,0,0,0,q1_q17_dr25_sup_koi,NO_COMMENT,5.912273234,7.039e-06,-7.039e-06,172.184012,0.00094,-0.00094,2455005.184,0.00094,-0.00094,0.0,,,,,,0.17,0.201,-0.17,2.3254,0.0296,-0.0296,,,,961.4,17.2,-17.2,0.027826,0.0006,-0.000407,4.13623,0.26753,-0.97657,LS+MCMC,1.73,0.09,-0.1,0.0537,,,89.51,,,585.0,,,27.72,5.15,-4.93,19.7,1.3,-1.3,Claret (2011 A&A 529 75) ATLAS LS,0.0,0.0,0.2589,0.4639,q1_q17_dr25_koi,8.0944605,55.492382,62.8,2,227.0,1.0,q1_q17_dr25_tce,11111111111111111000000000000000,0.3342,Mandel and Agol (2002 ApJ 580 171),,,006/006949/006949607/dv/kplr006949607-20160209194854_dvr.pdf,006/006949/006949607/dv/kplr006949607-001-20160209194854_dvs.pdf,4072.0,73.0,-81.0,4.696,0.023,-0.028,-0.18,0.15,-0.15,0.57,0.029,-0.032,0.586,0.029,-0.036,,,,q1_q17_dr25_stellar,292.13702,42.42942,15.036,15.99,14.976,14.628,14.447,13.334,12.767,12.719,,19.4757997,4.9e-06,42.429471,5.3e-05,-0.09,0.2,0.18,0.19,-1e-05,0.00018,,,0.066,0.089,0.09,0.1,0.113,0.099,0.013,0.089,0.34,0.11,0.34,0.11,kplr006949607,Kepler-28b,14,"(31, 37)","(0.02702702702702703, 0.03225806451612903)"
195,6949607,K00870.02,Kepler-28 c,CONFIRMED,Done,2018-08-16,CANDIDATE,1.0,0,0,0,0,q1_q17_dr25_sup_koi,NO_COMMENT,8.98581901,1.437e-05,-1.437e-05,175.68418,0.0012,-0.0012,2455008.684,0.0012,-0.0012,0.0,,,,,,0.008,0.387,-0.008,2.8606,0.0413,-0.0413,,,,881.3,18.5,-18.5,0.026527,0.00078,-0.000324,3.50489,0.04412,-1.05898,LS+MCMC,1.65,0.09,-0.09,0.0709,,,89.98,,,509.0,,,15.9,2.96,-2.83,24.64,0.31,-0.31,Claret (2011 A&A 529 75) ATLAS LS,0.0,0.0,0.2589,0.4639,q1_q17_dr25_koi,7.210981,42.23077,51.8,2,145.0,2.0,q1_q17_dr25_tce,11111111111111111000000000000000,0.5514,Mandel and Agol (2002 ApJ 580 171),,,006/006949/006949607/dv/kplr006949607-20160209194854_dvr.pdf,006/006949/006949607/dv/kplr006949607-002-20160209194854_dvs.pdf,4072.0,73.0,-81.0,4.696,0.023,-0.028,-0.18,0.15,-0.15,0.57,0.029,-0.032,0.586,0.029,-0.036,,,,q1_q17_dr25_stellar,292.13702,42.42942,15.036,15.99,14.976,14.628,14.447,13.334,12.767,12.719,,19.4758002,6.4e-06,42.429597,6.9e-05,-0.07,0.25,0.64,0.25,-3e-05,0.00021,,,-0.092,0.096,-0.02,0.11,0.095,0.097,-0.14,0.094,0.25,0.11,0.29,0.11,kplr006949607,Kepler-28c,15,"(37, 45)","(0.022222222222222223, 0.02702702702702703)"
198,7109675,K00872.01,Kepler-46 b,CONFIRMED,Done,2018-08-16,CANDIDATE,1.0,0,0,0,0,q1_q17_dr25_sup_koi,NO_COMMENT,33.60123371,1.767e-05,-1.767e-05,186.680343,0.000412,-0.000412,2455019.68,0.000412,-0.000412,0.0,,,,,,0.67,0.028,-0.073,4.4056,0.0578,-0.0578,,,,7425.9,33.2,-33.2,0.083298,0.00069,-0.002152,2.04292,0.44988,-0.25954,LS+MCMC,8.46,0.4,-0.5,0.1956,,,89.23,,,495.0,,,14.22,2.79,-2.41,49.6,10.9,-10.9,Claret (2011 A&A 529 75) ATLAS LS,0.0,0.0,0.1742,0.5484,q1_q17_dr25_koi,44.19851,173.7981,247.9,2,39.0,1.0,q1_q17_dr25_tce,11111111111111111000000000000000,0.644,Mandel and Agol (2002 ApJ 580 171),,,007/007109/007109675/dv/kplr007109675-20160209194854_dvr.pdf,007/007109/007109675/dv/kplr007109675-001-20160209194854_dvs.pdf,5149.0,113.0,-82.0,4.447,0.054,-0.036,0.42,0.05,-0.15,0.93,0.044,-0.055,0.882,0.04,-0.029,,,,q1_q17_dr25_stellar,289.26874,42.604172,15.262,15.921,15.203,14.98,14.868,13.814,13.436,13.347,0.33,19.284587,1.4e-06,42.604189,1.5e-05,0.146,0.055,0.069,0.052,0.00022,0.00097,0.0003,0.0013,0.007,0.071,-0.013,0.071,0.015,0.072,0.046,0.072,0.087,0.071,0.099,0.07,kplr007109675,Kepler-46b,9,"(12, 15)","(0.06666666666666667, 0.08333333333333333)"
201,7134976,K00874.01,Kepler-246 b,CONFIRMED,Done,2018-08-16,CANDIDATE,1.0,0,0,0,0,q1_q17_dr25_sup_koi,NO_COMMENT,4.601811819,6.168e-06,-6.168e-06,169.98108,0.00105,-0.00105,2455002.981,0.00105,-0.00105,0.0,,,,,,0.567,0.045,-0.448,2.2607,0.0367,-0.0367,,,,755.9,14.1,-14.1,0.02579,0.003772,-0.001175,2.109,1.53811,-0.15075,LS+MCMC,2.35,0.09,-0.18,0.0501,,,87.56,,,896.0,,,152.91,23.09,-30.96,13.32,4.9,-4.9,Claret (2011 A&A 529 75) ATLAS LS,0.0,0.0,0.1451,0.582,q1_q17_dr25_koi,6.6083684,52.078793,60.8,2,295.0,1.0,q1_q17_dr25_tce,11111111111111111000000000000000,0.3969,Mandel and Agol (2002 ApJ 580 171),,,007/007134/007134976/dv/kplr007134976-20160209194854_dvr.pdf,007/007134/007134976/dv/kplr007134976-001-20160209194854_dvs.pdf,4986.0,82.0,-82.0,4.496,0.08,-0.025,0.16,0.15,-0.15,0.833,0.032,-0.064,0.793,0.05,-0.029,,,,q1_q17_dr25_stellar,296.48343,42.663429,15.024,15.744,14.958,14.716,14.562,13.587,13.15,13.038,,19.7655601,4.6e-06,42.663323,5.5e-05,-0.08,0.18,-0.38,0.2,1e-05,0.00014,,,0.029,0.099,0.059,0.089,0.066,0.1,0.002,0.098,-0.034,0.09,0.034,0.09,kplr007134976,Kepler-246b,15,"(37, 45)","(0.022222222222222223, 0.02702702702702703)"
203,7135852,K00875.01,Kepler-1729 b,CONFIRMED,Done,2018-08-16,CANDIDATE,1.0,0,0,0,0,q1_q17_dr25_sup_koi,NO_COMMENT,4.220965778,2.584e-06,-2.584e-06,170.622433,0.000491,-0.000491,2455003.622,0.000491,-0.000491,0.0,,,,,,0.705,0.061,-0.311,3.0854,0.0645,-0.0645,,,,2260.0,17.9,-17.9,0.046401,0.003304,-0.002477,0.5702,0.61388,-0.18236,LS+MCMC,2.62,0.58,-0.58,0.0418,,,85.03,,,595.0,,,29.68,41.22,-16.05,8.13,2.9,-2.9,Claret (2011 A&A 529 75) ATLAS LS,0.0,0.0,0.3384,0.3803,q1_q17_dr25_koi,13.098274,134.46404,157.8,1,321.0,1.0,q1_q17_dr25_tce,11111111111111111000000000000000,0.6606,Mandel and Agol (2002 ApJ 580 171),,,007/007135/007135852/dv/kplr007135852-20160209194854_dvr.pdf,007/007135/007135852/dv/kplr007135852-001-20160209194854_dvs.pdf,3837.0,481.0,-259.0,4.747,0.105,-0.094,-0.06,0.15,-0.15,0.517,0.114,-0.114,0.544,0.114,-0.114,,,,q1_q17_dr25_stellar,296.69394,42.62611,15.692,16.782,15.619,15.225,14.974,13.855,13.277,13.102,0.0,19.7795965,2.2e-06,42.626153,2.4e-05,0.021,0.089,0.155,0.087,0.00021,0.00023,-0.00058,0.00025,-0.028,0.077,0.078,0.09,0.083,0.088,0.041,0.078,0.04,0.11,0.055,0.089,kplr007135852,Kepler-1729b,12,"(22, 26)","(0.038461538461538464, 0.045454545454545456)"
205,7287995,K00877.01,Kepler-81 b,CONFIRMED,Done,2018-08-16,CANDIDATE,1.0,0,0,0,0,q1_q17_dr25_sup_koi,NO_COMMENT,5.95489993,5.482e-06,-5.482e-06,170.955871,0.000734,-0.000734,2455003.956,0.000734,-0.000734,0.0,,,,,,0.327,0.084,-0.327,2.3892,0.0281,-0.0281,,,,1410.7,17.8,-17.8,0.033728,0.000418,-0.000974,3.48052,0.64136,-0.71582,LS+MCMC,2.33,0.1,-0.11,0.0554,,,89.0,,,635.0,,,38.52,6.66,-6.17,18.69,3.4,-3.4,Claret (2011 A&A 529 75) ATLAS LS,0.0,0.0,0.0853,0.6656,q1_q17_dr25_koi,10.906055,83.29438,87.2,3,226.0,1.0,q1_q17_dr25_tce,11111111111111111000000000000000,0.5468,Mandel and Agol (2002 ApJ 580 171),,,007/007287/007287995/dv/kplr007287995-20160209194854_dvr.pdf,007/007287/007287995/dv/kplr007287995-001-20160209194854_dvs.pdf,4261.0,85.0,-85.0,4.641,0.027,-0.02,-0.06,0.15,-0.15,0.633,0.026,-0.029,0.64,0.035,-0.029,,,,q1_q17_dr25_stellar,293.63696,42.82497,15.019,16.121,14.965,14.547,14.322,13.168,12.577,12.392,0.129,19.5757978,3.3e-06,42.82486,3.4e-05,0.02,0.13,-0.4,0.12,-0.00016,0.00019,0.00014,0.00019,0.049,0.082,-0.04,0.1,0.066,0.083,0.027,0.078,-0.33,0.1,0.33,0.1,kplr007287995,Kepler-81b,13,"(26, 31)","(0.03225806451612903, 0.038461538461538464)"
206,7287995,K00877.02,Kepler-81 c,CONFIRMED,Done,2018-08-16,CANDIDATE,1.0,0,0,0,0,q1_q17_dr25_sup_koi,NO_COMMENT,12.03987488,1.825e-05,-1.825e-05,181.22536,0.00117,-0.00117,2455014.225,0.00117,-0.00117,0.0,,,,,,0.286,0.133,-0.286,2.7363,0.0411,-0.0411,,,,1250.6,23.5,-23.5,0.031605,0.000645,-0.000806,4.82896,0.82703,-0.94205,LS+MCMC,2.18,0.09,-0.1,0.0886,,,89.51,,,502.0,,,15.06,2.6,-2.41,33.32,5.7,-5.7,Claret (2011 A&A 529 75) ATLAS LS,0.0,0.0,0.0853,0.6656,q1_q17_dr25_koi,9.71719,51.105682,57.6,3,106.0,2.0,q1_q17_dr25_tce,11111111111111111000000000000000,0.7081,Mandel and Agol (2002 ApJ 580 171),,,007/007287/007287995/dv/kplr007287995-20160209194854_dvr.pdf,007/007287/007287995/dv/kplr007287995-002-20160209194854_dvs.pdf,4261.0,85.0,-85.0,4.641,0.027,-0.02,-0.06,0.15,-0.15,0.633,0.026,-0.029,0.64,0.035,-0.029,,,,q1_q17_dr25_stellar,293.63696,42.82497,15.019,16.121,14.965,14.547,14.322,13.168,12.577,12.392,0.037,19.5757858,5.1e-06,42.824907,5.2e-05,-0.45,0.2,-0.23,0.19,0.00044,0.00026,-9e-05,0.00026,0.01,0.11,0.0,0.11,0.01,0.11,0.006,0.097,-0.29,0.12,0.29,0.12,kplr007287995,Kepler-81c,14,"(31, 37)","(0.02702702702702703, 0.03225806451612903)"
209,7303253,K00878.01,Kepler-711 b,CONFIRMED,Done,2018-08-16,CANDIDATE,1.0,0,0,0,0,q1_q17_dr25_sup_koi,NO_COMMENT,23.58917143,5.786e-05,-5.786e-05,173.81994,0.00194,-0.00194,2455006.82,0.00194,-0.00194,0.0,,,,,,0.926,0.026,-0.538,5.073,0.325,-0.325,,,,1200.7,27.4,-27.4,0.040151,0.000969,-0.007966,0.16337,1.66782,-0.07028,LS+MCMC,3.16,0.3,-0.33,0.1429,,,86.86,,,487.0,,,13.34,4.66,-3.85,16.88,8.2,-8.2,Claret (2011 A&A 529 75) ATLAS LS,0.0,0.0,0.1646,0.5508,q1_q17_dr25_koi,9.867276,45.141907,53.3,1,56.0,1.0,q1_q17_dr25_tce,11111111111111111000000000000000,0.6279,Mandel and Agol (2002 ApJ 580 171),,,007/007303/007303253/dv/kplr007303253-20160209194854_dvr.pdf,007/007303/007303253/dv/kplr007303253-001-20160209194854_dvs.pdf,4919.0,146.0,-146.0,4.566,0.072,-0.048,-0.24,0.3,-0.3,0.721,0.069,-0.075,0.697,0.09,-0.053,,,,q1_q17_dr25_stellar,297.46002,42.83992,15.316,16.159,15.276,14.955,14.763,13.697,13.2,13.061,0.801,19.8306699,8e-06,42.83983,8.9e-05,0.07,0.32,-0.33,0.32,0.00017,0.00039,-4e-05,0.0004,0.04,0.11,-0.11,0.16,0.12,0.16,0.19,0.11,-0.44,0.14,0.48,0.14,kplr007303253,Kepler-711b,12,"(22, 26)","(0.038461538461538464, 0.045454545454545456)"
210,5094751,K00123.01,Kepler-109 b,CONFIRMED,Done,2018-08-16,CANDIDATE,1.0,0,0,0,0,q1_q17_dr25_sup_koi,NO_COMMENT,6.481633073,6.004e-06,-6.004e-06,122.977657,0.000755,-0.000755,2454955.978,0.000755,-0.000755,0.0,,,,,,0.833,0.021,-0.576,3.784,0.0339,-0.0339,,,,298.5,2.7,-2.7,0.017836,0.00032,-0.001712,0.20633,0.71187,-0.03705,LS+MCMC,2.54,0.11,-0.12,0.0683,,,83.8,,,1145.0,,,406.25,58.56,-52.79,7.71,3.8,-3.8,Claret (2011 A&A 529 75) ATLAS LS,0.0,0.0,0.291,0.3469,q1_q17_dr25_koi,13.492653,92.47206,125.6,2,214.0,1.0,q1_q17_dr25_tce,11111111111111111000000000000000,0.1321,Mandel and Agol (2002 ApJ 580 171),,,005/005094/005094751/dv/kplr005094751-20160209194854_dvr.pdf,005/005094/005094751/dv/kplr005094751-001-20160209194854_dvs.pdf,5945.0,71.0,-71.0,4.213,0.033,-0.027,-0.08,0.1,-0.1,1.302,0.058,-0.058,1.009,0.057,-0.047,,,,q1_q17_dr25_stellar,290.39273,40.28487,12.365,12.735,12.3,12.206,12.175,11.314,11.046,11.001,0.001,19.3595131,2.3e-06,40.284928,2.4e-05,-0.065,0.093,0.208,0.086,2.9e-05,2.7e-05,-4.3e-05,2.5e-05,-0.133,0.092,-0.02,0.18,0.13,0.1,-0.159,0.085,0.13,0.17,0.2,0.12,kplr005094751,Kepler-109b,17,"(54, 65)","(0.015384615384615385, 0.018518518518518517)"
211,7678434,K00892.01,Kepler-716 b,CONFIRMED,Done,2018-08-16,CANDIDATE,1.0,0,0,0,0,q1_q17_dr25_sup_koi,NO_COMMENT,10.37168928,1.477e-05,-1.477e-05,172.61729,0.00117,-0.00117,2455005.617,0.00117,-0.00117,0.0,,,,,,0.537,0.02,-0.478,3.035,0.0456,-0.0456,,,,1254.9,21.2,-21.2,0.033023,0.004486,-0.001288,2.15323,1.02242,-1.70045,LS+MCMC,3.2,0.18,-0.28,0.0873,,,88.66,,,720.0,,,63.68,11.53,-13.96,23.0,10.9,-10.9,Claret (2011 A&A 529 75) ATLAS LS,0.0,0.0,0.1451,0.582,q1_q17_dr25_koi,8.5752535,51.219067,64.5,2,128.0,1.0,q1_q17_dr25_tce,11111111111111111000000000000000,0.5905,Mandel and Agol (2002 ApJ 580 171),,,007/007678/007678434/dv/kplr007678434-20160209194854_dvr.pdf,007/007678/007678434/dv/kplr007678434-001-20160209194854_dvs.pdf,5121.0,76.0,-84.0,4.457,0.091,-0.039,0.18,0.15,-0.15,0.888,0.049,-0.077,0.822,0.053,-0.029,,,,q1_q17_dr25_stellar,290.39322,43.363899,15.193,15.89,15.136,14.894,14.778,13.67,13.249,13.135,0.003,19.3595524,5.6e-06,43.363945,5.8e-05,0.17,0.22,0.16,0.21,-0.00025,0.00029,-0.00045,0.00028,-0.025,0.097,0.127,0.093,0.129,0.095,-0.053,0.092,0.053,0.094,0.075,0.098,kplr007678434,Kepler-716b,13,"(26, 31)","(0.03225806451612903, 0.038461538461538464)"
218,7434875,K00884.01,Kepler-247 c,CONFIRMED,Done,2018-08-16,CANDIDATE,1.0,0,0,0,0,q1_q17_dr25_sup_koi,NO_COMMENT,9.439459486,4.991e-06,-4.991e-06,177.186096,0.000418,-0.000418,2455010.186,0.000418,-0.000418,0.0,,,,,,0.049,0.273,-0.049,2.8979,0.0188,-0.0188,,,,3036.1,18.8,-18.8,0.048953,0.0008,-0.000273,3.76657,0.09387,-0.56871,LS+MCMC,4.16,0.5,-0.28,0.0837,,,89.89,,,686.0,,,52.32,21.42,-12.06,26.081,0.65,-0.65,Claret (2011 A&A 529 75) ATLAS LS,0.0,0.0,0.1451,0.582,q1_q17_dr25_koi,25.131163,163.44994,175.2,3,144.0,1.0,q1_q17_dr25_tce,11111111111111111000000000000000,0.4967,Mandel and Agol (2002 ApJ 580 171),,,007/007434/007434875/dv/kplr007434875-20160209194854_dvr.pdf,007/007434/007434875/dv/kplr007434875-001-20160209194854_dvs.pdf,5097.0,152.0,-152.0,4.597,0.025,-0.085,0.21,0.2,-0.35,0.779,0.093,-0.053,0.891,0.039,-0.097,,,,q1_q17_dr25_stellar,288.64252,43.039291,15.067,15.794,14.99,14.755,14.63,13.597,13.178,13.051,0.019,19.2428424,1.4e-06,43.039324,1.9e-05,0.303,0.056,0.121,0.068,0.00013,0.00023,0.00028,0.0003,-0.001,0.074,-0.007,0.08,0.007,0.08,0.136,0.075,0.213,0.082,0.253,0.082,kplr007434875,Kepler-247c,11,"(18, 22)","(0.045454545454545456, 0.05555555555555555)"
219,8349582,K00122.01,Kepler-95 b,CONFIRMED,Done,2018-08-16,CANDIDATE,1.0,0,0,0,0,q1_q17_dr25_sup_koi,NO_COMMENT,11.523067458,9.452e-06,-9.452e-06,131.969055,0.0007,-0.0007,2454964.969,0.0007,-0.0007,0.0,,,,,,0.0,0.304,0.0,3.8757,0.0209,-0.0209,,,,507.3,4.2,-4.2,0.020288,0.000272,-0.000132,1.77474,0.02015,-0.35535,LS+MCMC,3.13,0.2,-0.17,0.1017,,,90.0,,,927.0,,,174.81,35.33,-25.81,23.181,0.263,-0.263,Claret (2011 A&A 529 75) ATLAS LS,0.0,0.0,0.257,0.4213,q1_q17_dr25_koi,16.45347,120.53189,142.0,1,116.0,1.0,q1_q17_dr25_tce,11111111111111111000000000000000,0.2451,Mandel and Agol (2002 ApJ 580 171),,,008/008349/008349582/dv/kplr008349582-20160209194854_dvr.pdf,008/008349/008349582/dv/kplr008349582-001-20160209194854_dvs.pdf,5644.0,84.0,-75.0,4.162,0.033,-0.03,0.3,0.15,-0.15,1.411,0.091,-0.073,1.053,0.115,-0.057,,,,q1_q17_dr25_stellar,284.48245,44.398041,12.346,12.778,12.272,12.161,12.107,11.21,10.867,10.801,0.003,18.9654958,1.9e-06,44.397929,1.9e-05,-0.03,0.073,-0.401,0.069,-1.2e-05,3.7e-05,6.3e-05,3.6e-05,0.07,0.12,-0.019,0.089,0.07,0.11,0.05,0.1,-0.257,0.087,0.262,0.088,kplr008349582,Kepler-95b,16,"(45, 54)","(0.018518518518518517, 0.022222222222222223)"
220,7434875,K00884.02,Kepler-247 d,CONFIRMED,Done,2018-08-16,CANDIDATE,0.0,0,0,0,0,q1_q17_dr25_sup_koi,LPP_DV,20.47748843,3.126e-05,-3.126e-05,178.66786,0.00103,-0.00103,2455011.668,0.00103,-0.00103,0.0,,,,,,0.497,0.015,-0.44,2.8364,0.0419,-0.0419,,,,1382.4,28.2,-28.2,0.034376,0.003596,-0.001176,5.64738,2.93961,-0.00646,LS+MCMC,2.92,0.35,-0.19,0.1402,,,89.43,,,530.0,,,18.65,7.63,-4.3,50.0,13.0,-13.0,Claret (2011 A&A 529 75) ATLAS LS,0.0,0.0,0.1451,0.582,q1_q17_dr25_koi,10.706917,45.383663,52.7,3,59.0,2.0,q1_q17_dr25_tce,11111111111111111000000000000000,0.7467,Mandel and Agol (2002 ApJ 580 171),,,007/007434/007434875/dv/kplr007434875-20160209194854_dvr.pdf,007/007434/007434875/dv/kplr007434875-002-20160209194854_dvs.pdf,5097.0,152.0,-152.0,4.597,0.025,-0.085,0.21,0.2,-0.35,0.779,0.093,-0.053,0.891,0.039,-0.097,,,,q1_q17_dr25_stellar,288.64252,43.039291,15.067,15.794,14.99,14.755,14.63,13.597,13.178,13.051,0.287,19.242861,2.6e-05,43.03912,0.00034,1.0,1.0,-0.6,1.2,-0.00022,0.00033,0.00026,0.00039,0.07,0.17,-0.01,0.26,0.07,0.17,0.23,0.18,0.21,0.25,0.31,0.23,kplr007434875,Kepler-247d,13,"(26, 31)","(0.03225806451612903, 0.038461538461538464)"
225,7458762,K00887.01,Kepler-713 b,CONFIRMED,Done,2018-08-16,CANDIDATE,1.0,0,0,0,0,q1_q17_dr25_sup_koi,NO_COMMENT,7.41113177,1.357e-05,-1.357e-05,175.34754,0.00147,-0.00147,2455008.348,0.00147,-0.00147,0.0,,,,,,0.712,0.175,-0.477,2.5242,0.0492,-0.0492,,,,620.5,14.3,-14.3,0.024438,0.000303,-0.001726,1.56072,2.37502,-1.11985,LS+MCMC,2.45,0.77,-0.25,0.0748,,,87.54,,,905.0,,,158.11,145.61,-47.15,16.55,6.3,-6.3,Claret (2011 A&A 529 75) ATLAS LS,0.0,0.0,0.2622,0.4035,q1_q17_dr25_koi,5.7879114,42.620125,50.4,1,181.0,1.0,q1_q17_dr25_tce,11111111111111111000000000000000,0.1106,Mandel and Agol (2002 ApJ 580 171),,,007/007458/007458762/dv/kplr007458762-20160209194854_dvr.pdf,007/007458/007458762/dv/kplr007458762-001-20160209194854_dvs.pdf,5849.0,157.0,-192.0,4.517,0.039,-0.208,-0.02,0.25,-0.3,0.919,0.289,-0.096,1.014,0.113,-0.126,,,,q1_q17_dr25_stellar,295.65149,43.029831,15.031,15.569,14.973,14.8,14.706,13.802,13.454,13.3,0.0,19.7101019,6.8e-06,43.029921,7.4e-05,0.07,0.27,0.33,0.27,0.00033,0.00017,-0.00036,0.00017,0.04,0.31,0.18,0.23,0.18,0.24,-0.11,0.39,0.11,0.22,0.15,0.42,kplr007458762,Kepler-713b,15,"(37, 45)","(0.022222222222222223, 0.02702702702702703)"
227,757450,K00889.01,Kepler-75 b,CONFIRMED,Done,2018-08-16,CANDIDATE,0.999,0,0,0,0,q1_q17_dr25_sup_koi,NO_COMMENT,8.884922995,1.636e-06,-1.636e-06,169.991686,0.000144,-0.000144,2455002.992,0.000144,-0.000144,0.0,,,,,,0.069,0.087,-0.069,2.07004,0.00709,-0.00709,,,,16053.0,47.4,-47.4,0.114124,0.000396,-0.000266,11.62061,0.20683,-0.40258,LS+MCMC,10.51,0.56,-0.57,0.0786,,,89.89,,,770.0,,,83.21,16.69,-13.87,36.466,0.649,-0.649,Claret (2011 A&A 529 75) ATLAS LS,0.0,0.0,0.2043,0.4966,q1_q17_dr25_koi,61.291126,474.02078,388.2,1,153.0,1.0,q1_q17_dr25_tce,11111111111111111000000000000000,0.1059,Mandel and Agol (2002 ApJ 580 171),,,000/000757/000757450/dv/kplr000757450-20160209194854_dvr.pdf,000/000757/000757450/dv/kplr000757450-001-20160209194854_dvs.pdf,5332.0,106.0,-96.0,4.5,0.05,-0.036,-0.08,0.15,-0.15,0.843,0.045,-0.045,0.821,0.061,-0.04,,,,q1_q17_dr25_stellar,291.1376,36.577381,15.264,15.998,15.207,14.949,14.826,13.665,13.262,13.118,0.0,19.40917625,5.8e-07,36.576888,6.5e-06,0.154,0.025,-1.771,0.023,-0.0013,0.002,-0.004,0.0025,0.005,0.071,0.071,0.07,0.071,0.069,0.083,0.072,-0.097,0.078,0.127,0.076,kplr000757450,Kepler-75b,7,"(9, 10)","(0.1, 0.1111111111111111)"
228,7585481,K00890.01,Kepler-714 b,CONFIRMED,Done,2018-08-16,CANDIDATE,1.0,0,0,0,0,q1_q17_dr25_sup_koi,NO_COMMENT,8.09888906,2.181e-06,-2.181e-06,176.623731,0.000216,-0.000216,2455009.624,0.000216,-0.000216,0.0,,,,,,0.018,0.154,-0.018,4.20241,0.00982,-0.00982,,,,6911.1,18.0,-18.0,0.076211,0.000271,-0.000115,1.14941,0.00714,-0.05387,LS+MCMC,8.95,2.94,-0.98,0.0832,,,89.93,,,986.0,,,223.19,216.44,-69.72,15.8546,0.0985,-0.0985,Claret (2011 A&A 529 75) ATLAS LS,0.0,0.0,0.3024,0.3288,q1_q17_dr25_koi,48.506207,436.9255,435.9,1,168.0,1.0,q1_q17_dr25_tce,11111111111111111000000000000000,0.0396,Mandel and Agol (2002 ApJ 580 171),,,007/007585/007585481/dv/kplr007585481-20160209194854_dvr.pdf,007/007585/007585481/dv/kplr007585481-001-20160209194854_dvs.pdf,6214.0,174.0,-217.0,4.442,0.054,-0.216,0.07,0.2,-0.35,1.076,0.353,-0.118,1.169,0.141,-0.173,,,,q1_q17_dr25_stellar,282.69952,43.272739,15.261,15.68,15.208,15.081,15.056,14.164,13.875,13.825,0.0,18.84663847,8.9e-07,43.2728554,8.8e-06,0.148,0.035,0.416,0.032,0.00107,0.00039,0.00177,0.00048,-0.009,0.072,-0.063,0.077,0.064,0.078,-0.045,0.069,0.169,0.071,0.175,0.071,kplr007585481,Kepler-714b,9,"(12, 15)","(0.06666666666666667, 0.08333333333333333)"
229,7663691,K00891.01,Kepler-715 b,CONFIRMED,Done,2018-08-16,CANDIDATE,1.0,0,0,0,0,q1_q17_dr25_sup_koi,NO_COMMENT,10.00653012,2.001e-05,-2.001e-05,176.96898,0.00152,-0.00152,2455009.969,0.00152,-0.00152,0.0,,,,,,0.862,0.028,-0.586,5.344,0.114,-0.114,,,,936.1,14.7,-14.7,0.032174,0.000566,-0.003631,0.1029,0.4838,-0.03089,LS+MCMC,3.52,1.11,-0.38,0.0933,,,83.94,,,876.0,,,139.21,132.68,-43.02,8.17,3.8,-3.8,Claret (2011 A&A 529 75) ATLAS LS,0.0,0.0,0.2868,0.3588,q1_q17_dr25_koi,8.698946,59.281075,71.9,1,135.0,1.0,q1_q17_dr25_tce,11111111111111111000000000000000,0.3868,Mandel and Agol (2002 ApJ 580 171),,,007/007663/007663691/dv/kplr007663691-20160209194854_dvr.pdf,007/007663/007663691/dv/kplr007663691-001-20160209194854_dvs.pdf,6063.0,181.0,-217.0,4.47,0.052,-0.208,-0.02,0.25,-0.3,1.001,0.318,-0.106,1.079,0.13,-0.145,,,,q1_q17_dr25_stellar,283.63077,43.379398,15.063,15.517,15.013,14.869,14.839,13.984,13.655,13.592,0.175,18.9087151,5.6e-06,43.379382,6.3e-05,-0.11,0.22,-0.07,0.23,0.0002,0.00021,0.00014,0.00022,-0.035,0.074,0.099,0.086,0.105,0.086,0.037,0.084,0.093,0.083,0.1,0.083,kplr007663691,Kepler-715b,14,"(31, 37)","(0.02702702702702703, 0.03225806451612903)"
230,5812701,K00012.01,Kepler-448 b,CONFIRMED,Done,2018-08-16,CANDIDATE,0.635,0,0,0,0,q1_q17_dr25_sup_koi,CENT_SATURATED,17.855221681,3.676e-06,-3.676e-06,146.596466,0.000163,-0.000163,2454979.596,0.000163,-0.000163,0.0,,,,,,0.075,0.106,-0.043,7.41287,0.00581,-0.00581,,,,9065.2,11.2,-11.2,0.08815,4.2e-05,-9.1e-05,0.47367,0.00473,-0.00057,LS+MCMC,13.16,2.57,-0.65,0.1491,,,89.79,,,911.0,,,163.04,78.35,-23.38,19.986,0.2,-0.2,Claret (2011 A&A 529 75) ATLAS LS,0.0,0.0,0.3272,0.2758,q1_q17_dr25_koi,82.201164,417.8653,915.7,1,75.0,1.0,q1_q17_dr25_tce,11111111111111111000000000000000,0.4664,Mandel and Agol (2002 ApJ 580 171),,,005/005812/005812701/dv/kplr005812701-20160209194854_dvr.pdf,005/005812/005812701/dv/kplr005812701-001-20160209194854_dvs.pdf,6823.0,61.0,-92.0,4.308,0.024,-0.128,0.07,0.15,-0.15,1.367,0.267,-0.067,1.386,0.093,-0.076,,,,q1_q17_dr25_stellar,297.45374,41.01099,11.353,11.571,11.28,11.245,11.26,10.461,10.287,10.234,0.0,19.83024683,1e-07,41.0110569,1.2e-06,-0.0764,0.0043,0.241,0.0045,0.00048,0.0004,-0.00097,0.00053,-0.03,0.21,0.05,0.25,0.06,0.31,-0.05,0.2,0.18,0.25,0.19,0.29,kplr005812701,Kepler-448b,8,"(10, 12)","(0.08333333333333333, 0.1)"
233,8039892,K00903.01,Kepler-719 b,CONFIRMED,Done,2018-08-16,CANDIDATE,1.0,0,0,0,0,q1_q17_dr25_sup_koi,NO_COMMENT,5.007316661,1.389e-06,-1.389e-06,173.433997,0.000219,-0.000219,2455006.434,0.000219,-0.000219,0.0,,,,,,0.344,0.076,-0.181,4.2362,0.0248,-0.0248,,,,6932.3,19.7,-19.7,0.077106,0.001757,-0.00061,0.59565,0.11486,-0.01675,LS+MCMC,6.96,1.75,-0.62,0.0556,,,87.87,,,998.0,,,234.28,170.6,-64.02,9.24,1.8,-1.8,Claret (2011 A&A 529 75) ATLAS LS,0.0,0.0,0.2787,0.3728,q1_q17_dr25_koi,42.768375,435.91187,431.4,1,271.0,1.0,q1_q17_dr25_tce,11111111111111111000000000000000,0.1863,Mandel and Agol (2002 ApJ 580 171),,,008/008039/008039892/dv/kplr008039892-20160209194854_dvr.pdf,008/008039/008039892/dv/kplr008039892-001-20160209194854_dvs.pdf,5865.0,146.0,-190.0,4.563,0.042,-0.168,-0.34,0.3,-0.3,0.827,0.208,-0.074,0.914,0.099,-0.109,,,,q1_q17_dr25_stellar,295.53613,43.884449,15.813,16.341,15.777,15.586,15.516,14.572,14.207,14.126,0.0,19.7024098,1.2e-06,43.884446,1.2e-05,0.018,0.048,-0.014,0.043,0.00497,0.00045,0.0019,0.00051,-0.344,0.07,0.06,0.071,0.349,0.07,-0.133,0.068,-0.056,0.069,0.144,0.069,kplr008039892,Kepler-719b,9,"(12, 15)","(0.06666666666666667, 0.08333333333333333)"
236,11086270,K00124.01,Kepler-110 b,CONFIRMED,Done,2018-08-16,CANDIDATE,0.415,0,0,0,0,q1_q17_dr25_sup_koi,MOD_SEC_ALT,12.69104387,2.298e-05,-2.298e-05,137.12594,0.00149,-0.00149,2454970.126,0.00149,-0.00149,0.0,,,,,,0.008,0.389,-0.007,3.7727,0.0452,-0.0452,,,,252.1,4.6,-4.6,0.014487,0.000316,-0.000211,2.08259,0.07276,-0.52592,LS+MCMC,2.57,0.4,-0.65,0.1072,,,89.98,,,1008.0,,,244.3,109.11,-118.87,26.076,0.911,-0.911,Claret (2011 A&A 529 75) ATLAS LS,0.0,0.0,0.2736,0.3819,q1_q17_dr25_koi,7.5664573,47.59951,60.2,2,108.0,1.0,q1_q17_dr25_tce,11111111111111111000000000000000,0.0234,Mandel and Agol (2002 ApJ 580 171),,,011/011086/011086270/dv/kplr011086270-20160209194854_dvr.pdf,011/011086/011086270/dv/kplr011086270-001-20160209194854_dvs.pdf,5869.0,117.0,-117.0,4.024,0.21,-0.105,-0.16,0.15,-0.15,1.626,0.254,-0.413,1.019,0.098,-0.098,,,,q1_q17_dr25_stellar,292.92914,48.60281,12.935,13.288,12.891,12.784,12.769,11.919,11.658,11.623,0.115,19.5286159,6.1e-06,48.602858,5.6e-05,0.26,0.22,0.17,0.2,-4.9e-05,5.5e-05,-4.6e-05,5e-05,0.01,0.15,0.03,0.21,0.03,0.22,0.07,0.16,0.11,0.21,0.13,0.22,kplr011086270,Kepler-110b,18,"(65, 78)","(0.01282051282051282, 0.015384615384615385)"
238,7825899,K00896.01,Kepler-248 c,CONFIRMED,Done,2018-08-16,CANDIDATE,1.0,0,0,0,0,q1_q17_dr25_sup_koi,NO_COMMENT,16.23947096,1.575e-05,-1.575e-05,175.569907,0.000771,-0.000771,2455008.57,0.000771,-0.000771,0.0,,,,,,0.043,0.343,-0.043,4.0374,0.0345,-0.0345,,,,2590.7,22.5,-22.5,0.045252,0.001062,-0.000357,2.37192,0.09427,-0.50283,LS+MCMC,4.14,0.38,-0.15,0.1229,,,89.92,,,598.0,,,30.14,8.83,-4.28,32.1,1.3,-1.3,Claret (2011 A&A 529 75) ATLAS LS,0.0,0.0,0.1828,0.5324,q1_q17_dr25_koi,19.466316,97.93863,123.8,3,83.0,1.0,q1_q17_dr25_tce,11111111111111111000000000000000,0.1926,Mandel and Agol (2002 ApJ 580 171),,,007/007825/007825899/dv/kplr007825899-20160209194854_dvr.pdf,007/007825/007825899/dv/kplr007825899-001-20160209194854_dvs.pdf,5191.0,103.0,-103.0,4.564,0.016,-0.088,0.34,0.1,-0.15,0.837,0.078,-0.03,0.937,0.024,-0.062,,,,q1_q17_dr25_stellar,293.0614,43.58136,15.258,15.919,15.187,14.974,14.868,13.911,13.442,13.357,0.0,19.5374213,2.8e-06,43.581429,2.7e-05,-0.18,0.11,0.249,0.097,0.00054,0.00033,0.00049,0.00035,0.043,0.091,-0.09,0.1,0.096,0.098,-0.072,0.086,-0.057,0.094,0.091,0.093,kplr007825899,Kepler-248c,12,"(22, 26)","(0.038461538461538464, 0.045454545454545456)"
239,7825899,K00896.02,Kepler-248 b,CONFIRMED,Done,2018-08-16,CANDIDATE,1.0,0,0,0,0,q1_q17_dr25_sup_koi,NO_COMMENT,6.308201629,7.031e-06,-7.031e-06,174.047661,0.000883,-0.000883,2455007.048,0.000883,-0.000883,0.0,,,,,,0.03,0.383,-0.03,2.9785,0.0323,-0.0323,,,,1328.5,17.3,-17.3,0.032418,0.000909,-0.000358,2.21701,0.02065,-0.75367,LS+MCMC,2.96,0.28,-0.1,0.0654,,,89.9,,,819.0,,,106.44,31.16,-15.12,16.707,0.156,-0.156,Claret (2011 A&A 529 75) ATLAS LS,0.0,0.0,0.1828,0.5324,q1_q17_dr25_koi,9.121863,70.14128,86.2,3,205.0,2.0,q1_q17_dr25_tce,11111111111111111000000000000000,0.4186,Mandel and Agol (2002 ApJ 580 171),,,007/007825/007825899/dv/kplr007825899-20160209194854_dvr.pdf,007/007825/007825899/dv/kplr007825899-002-20160209194854_dvs.pdf,5191.0,103.0,-103.0,4.564,0.016,-0.088,0.34,0.1,-0.15,0.837,0.078,-0.03,0.937,0.024,-0.062,,,,q1_q17_dr25_stellar,293.0614,43.58136,15.258,15.919,15.187,14.974,14.868,13.911,13.442,13.357,0.0,19.5374219,3.9e-06,43.581373,3.7e-05,-0.16,0.15,0.05,0.13,0.00025,0.00021,0.00052,0.0002,-0.007,0.089,-0.206,0.088,0.206,0.088,-0.133,0.083,-0.125,0.087,0.182,0.091,kplr007825899,Kepler-248b,14,"(31, 37)","(0.02702702702702703, 0.03225806451612903)"
240,7849854,K00897.01,Kepler-718 b,CONFIRMED,Done,2018-08-16,CANDIDATE,1.0,0,0,0,0,q1_q17_dr25_sup_koi,NO_COMMENT,2.052349884,1.37e-07,-1.37e-07,169.890622,5.25e-05,-5.25e-05,2455002.891,5.25e-05,-5.25e-05,0.0,,,,,,0.437,0.03,-0.054,2.0778,0.0109,-0.0109,,,,14281.0,17.9,-17.9,0.11123,0.000372,-0.000762,2.08526,0.15808,-0.11431,LS+MCMC,13.12,2.01,-1.18,0.0322,,,86.76,,,1497.0,,,1183.18,468.35,-260.6,7.743,0.587,-0.587,Claret (2011 A&A 529 75) ATLAS LS,0.0,0.0,0.2602,0.4096,q1_q17_dr25_koi,53.349804,943.8128,1072.1,1,650.0,1.0,q1_q17_dr25_tce,11111111111111111000000000000000,0.242,Mandel and Agol (2002 ApJ 580 171),,,007/007849/007849854/dv/kplr007849854-20160209194854_dvr.pdf,007/007849/007849854/dv/kplr007849854-001-20160209194854_dvs.pdf,5855.0,70.0,-88.0,4.393,0.076,-0.123,0.14,0.15,-0.15,1.08,0.166,-0.097,1.049,0.07,-0.064,,,,q1_q17_dr25_stellar,299.56189,43.503559,15.257,15.815,15.199,15.018,14.937,14.005,13.679,13.604,0.0,19.97079811,3.3e-07,43.5034902,3.7e-06,0.239,0.013,-0.251,0.013,6e-05,0.00072,-0.00057,0.00098,-0.002,0.067,0.014,0.067,0.014,0.067,0.027,0.068,-0.073,0.072,0.078,0.071,kplr007849854,Kepler-718b,7,"(9, 10)","(0.1, 0.1111111111111111)"
241,7870390,K00898.01,Kepler-83 b,CONFIRMED,Done,2018-08-16,CANDIDATE,1.0,0,0,0,0,q1_q17_dr25_sup_koi,NO_COMMENT,9.7704486,1.455e-05,-1.455e-05,175.71372,0.00118,-0.00118,2455008.714,0.00118,-0.00118,0.0,,,,,,0.09,0.318,-0.09,2.4517,0.0443,-0.0443,,,,1897.8,36.6,-36.6,0.040133,0.000867,-0.000474,6.22573,0.47968,-1.57608,LS+MCMC,2.23,0.14,-0.2,0.0714,,,89.84,,,460.0,,,10.59,2.35,-2.58,31.55,2.4,-2.4,Claret (2011 A&A 529 75) ATLAS LS,0.0,0.0,0.2887,0.4242,q1_q17_dr25_koi,9.248742,46.716137,58.0,3,135.0,1.0,q1_q17_dr25_tce,11111111111111111000000000000000,0.5992,Mandel and Agol (2002 ApJ 580 171),,,007/007870/007870390/dv/kplr007870390-20160209194854_dvr.pdf,007/007870/007870390/dv/kplr007870390-001-20160209194854_dvs.pdf,3906.0,78.0,-86.0,4.73,0.052,-0.024,-0.32,0.15,-0.15,0.509,0.032,-0.046,0.508,0.037,-0.033,,,,q1_q17_dr25_stellar,282.23251,43.66563,15.777,17.074,15.764,15.221,14.96,13.737,13.079,12.947,0.134,18.8154934,6e-06,43.665553,7.2e-05,-0.31,0.23,-0.28,0.26,0.0002,0.00047,0.0005,0.00055,-0.029,0.091,-0.13,0.13,0.13,0.12,0.029,0.1,-0.08,0.14,0.08,0.15,kplr007870390,Kepler-83b,12,"(22, 26)","(0.038461538461538464, 0.045454545454545456)"
243,5094751,K00123.02,Kepler-109 c,CONFIRMED,Done,2018-08-16,CANDIDATE,1.0,0,0,0,0,q1_q17_dr25_sup_koi,NO_COMMENT,21.22261195,2.908e-05,-2.908e-05,137.57403,0.00113,-0.00113,2454970.574,0.00113,-0.00113,0.0,,,,,,0.02,0.378,-0.02,6.5093,0.042,-0.042,,,,366.0,3.5,-3.5,0.01746,0.000341,-0.000294,0.68373,0.00834,-0.29022,LS+MCMC,2.48,0.11,-0.11,0.1506,,,89.96,,,771.0,,,83.56,12.04,-10.86,25.344,0.309,-0.309,Claret (2011 A&A 529 75) ATLAS LS,0.0,0.0,0.291,0.3469,q1_q17_dr25_koi,14.82054,82.08292,114.9,2,64.0,2.0,q1_q17_dr25_tce,11111111111111111000000000000000,0.6876,Mandel and Agol (2002 ApJ 580 171),,,005/005094/005094751/dv/kplr005094751-20160209194854_dvr.pdf,005/005094/005094751/dv/kplr005094751-002-20160209194854_dvs.pdf,5945.0,71.0,-71.0,4.213,0.033,-0.027,-0.08,0.1,-0.1,1.302,0.058,-0.058,1.009,0.057,-0.047,,,,q1_q17_dr25_stellar,290.39273,40.28487,12.365,12.735,12.3,12.206,12.175,11.314,11.046,11.001,0.0,19.3595133,2.6e-06,40.284941,2.7e-05,-0.06,0.11,0.257,0.099,3.5e-05,3.9e-05,-7.2e-05,3.7e-05,-0.05,0.12,-0.08,0.17,0.09,0.17,-0.09,0.12,0.07,0.2,0.11,0.14,kplr005094751,Kepler-109c,17,"(54, 65)","(0.015384615384615385, 0.018518518518518517)"
251,8505670,K00912.01,Kepler-252 c,CONFIRMED,Done,2018-08-16,CANDIDATE,1.0,0,0,0,0,q1_q17_dr25_sup_koi,NO_COMMENT,10.8484518,1.631e-05,-1.631e-05,171.80584,0.00122,-0.00122,2455004.806,0.00122,-0.00122,0.0,,,,,,0.21,0.217,-0.21,2.9993,0.0431,-0.0431,,,,1675.6,28.8,-28.8,0.036303,0.001011,-0.000718,3.54573,0.3799,-0.92041,LS+MCMC,2.34,0.44,-0.43,0.0815,,,89.57,,,499.0,,,14.66,22.69,-8.24,28.05,3.0,-3.0,Claret (2011 A&A 529 75) ATLAS LS,0.0,0.0,0.101,0.6443,q1_q17_dr25_koi,12.332059,84.20755,64.5,2,122.0,1.0,q1_q17_dr25_tce,11111111111111111000000000000000,0.4432,Mandel and Agol (2002 ApJ 580 171),,,008/008505/008505670/dv/kplr008505670-20160209194854_dvr.pdf,008/008505/008505670/dv/kplr008505670-001-20160209194854_dvs.pdf,4201.0,676.0,-416.0,4.682,0.088,-0.072,-0.2,0.15,-0.1,0.591,0.109,-0.109,0.609,0.124,-0.101,,,,q1_q17_dr25_stellar,295.57935,44.545959,15.058,16.15,14.989,14.59,14.388,13.24,12.65,12.466,0.416,19.705285,3.1e-06,44.545936,3.6e-05,-0.19,0.12,-0.09,0.13,0.00015,0.00021,-0.00011,0.00024,0.013,0.077,-0.018,0.085,0.022,0.082,-0.086,0.078,-0.129,0.084,0.155,0.086,kplr008505670,Kepler-252c,13,"(26, 31)","(0.03225806451612903, 0.038461538461538464)"
253,8544996,K00913.01,Kepler-723 b,CONFIRMED,Done,2018-08-16,CANDIDATE,0.997,0,0,0,0,q1_q17_dr25_sup_koi,NO_COMMENT,4.082274889,2.47e-07,-2.47e-07,169.6375652,4.87e-05,-4.87e-05,2455002.638,4.87e-05,-4.87e-05,0.0,,,,,,0.093,0.014,-0.076,3.23015,0.00288,-0.00288,,,,17859.0,12.5,-12.5,0.121652,0.000428,-9.6e-05,1.43467,0.01428,-0.04715,LS+MCMC,10.55,2.4,-0.87,0.0479,,,89.51,,,1016.0,,,251.48,170.17,-61.38,10.812,0.108,-0.108,Claret (2011 A&A 529 75) ATLAS LS,0.0,0.0,0.2787,0.3728,q1_q17_dr25_koi,135.75833,1627.8156,1669.1,1,329.0,1.0,q1_q17_dr25_tce,11111111111111111000000000000000,0.7271,Mandel and Agol (2002 ApJ 580 171),,,008/008544/008544996/dv/kplr008544996-20160209194854_dvr.pdf,008/008544/008544996/dv/kplr008544996-001-20160209194854_dvs.pdf,5655.0,152.0,-152.0,4.581,0.038,-0.152,-0.3,0.3,-0.3,0.794,0.181,-0.065,0.886,0.088,-0.107,,,,q1_q17_dr25_stellar,284.83047,44.658138,15.198,15.725,15.147,14.972,14.888,13.949,13.593,13.499,0.0,18.98870771,1.8e-07,44.6581408,2e-06,0.373,0.0069,0.0027,0.0071,0.00274,0.00061,-0.00348,0.00085,-0.013,0.067,0.013,0.067,0.018,0.067,-0.011,0.067,0.004,0.068,0.011,0.067,kplr008544996,Kepler-723b,6,"(7, 9)","(0.1111111111111111, 0.14285714285714285)"
262,8247638,K00907.01,Kepler-251 c,CONFIRMED,Done,2018-08-16,CANDIDATE,1.0,0,0,0,0,q1_q17_dr25_sup_koi,NO_COMMENT,16.51410989,3.387e-05,-3.387e-05,176.11686,0.00165,-0.00165,2455009.117,0.00165,-0.00165,0.0,,,,,,0.395,0.008,-0.395,4.1575,0.0539,-0.0539,,,,973.5,18.5,-18.5,0.028718,0.000169,-0.000905,1.66311,0.5241,-0.11584,LS+MCMC,2.72,0.27,-0.24,0.1199,,,89.22,,,655.0,,,43.57,13.8,-9.97,28.84,9.1,-9.1,Claret (2011 A&A 529 75) ATLAS LS,0.0,0.0,0.2434,0.4341,q1_q17_dr25_koi,7.364849,43.083504,55.9,4,76.0,1.0,q1_q17_dr25_tce,11101111111111111000000000000000,0.4554,Mandel and Agol (2002 ApJ 580 171),,,008/008247/008247638/dv/kplr008247638-20160209194854_dvr.pdf,008/008247/008247638/dv/kplr008247638-001-20160209194854_dvs.pdf,5527.0,111.0,-111.0,4.488,0.075,-0.075,-0.18,0.15,-0.15,0.866,0.089,-0.074,0.841,0.06,-0.043,,,,q1_q17_dr25_stellar,296.56622,44.105862,15.223,15.783,15.187,14.983,14.89,13.96,13.596,13.632,0.298,19.7710842,6e-06,44.105825,6.8e-05,0.08,0.23,-0.13,0.24,-8e-05,0.00023,-0.00019,0.00024,0.08,0.15,0.17,0.15,0.18,0.15,0.07,0.15,-0.02,0.16,0.07,0.15,kplr008247638,Kepler-251c,14,"(31, 37)","(0.02702702702702703, 0.03225806451612903)"
265,11086270,K00124.02,Kepler-110 c,CONFIRMED,Done,2018-08-16,CANDIDATE,1.0,0,0,0,0,q1_q17_dr25_sup_koi,NO_COMMENT,31.71981013,6.31e-05,-6.31e-05,142.82083,0.00164,-0.00164,2454975.821,0.00164,-0.00164,0.0,,,,,,0.125,0.285,-0.125,4.819,0.0498,-0.0498,,,,363.4,6.1,-6.1,0.017414,0.000385,-0.000213,2.4614,0.1159,-0.72285,LS+MCMC,3.09,0.49,-0.78,0.1975,,,89.86,,,743.0,,,71.97,32.15,-35.02,50.78,2.4,-2.4,Claret (2011 A&A 529 75) ATLAS LS,0.0,0.0,0.2736,0.3819,q1_q17_dr25_koi,10.343444,50.201683,63.1,2,44.0,2.0,q1_q17_dr25_tce,11111111111111111000000000000000,0.6324,Mandel and Agol (2002 ApJ 580 171),,,011/011086/011086270/dv/kplr011086270-20160209194854_dvr.pdf,011/011086/011086270/dv/kplr011086270-002-20160209194854_dvs.pdf,5869.0,117.0,-117.0,4.024,0.21,-0.105,-0.16,0.15,-0.15,1.626,0.254,-0.413,1.019,0.098,-0.098,,,,q1_q17_dr25_stellar,292.92914,48.60281,12.935,13.288,12.891,12.784,12.769,11.919,11.658,11.623,0.14,19.5286061,6.2e-06,48.602753,5.7e-05,-0.09,0.22,-0.2,0.2,5.4e-05,7.9e-05,6.8e-05,7.2e-05,0.02,0.18,-0.15,0.21,0.16,0.21,0.06,0.18,-0.07,0.22,0.09,0.2,kplr011086270,Kepler-110c,17,"(54, 65)","(0.015384615384615385, 0.018518518518518517)"
267,8255887,K00908.01,Kepler-720 b,CONFIRMED,Done,2018-08-16,CANDIDATE,1.0,0,0,0,0,q1_q17_dr25_sup_koi,NO_COMMENT,4.708326451,7.3e-07,-7.3e-07,171.446507,0.000121,-0.000121,2455004.447,0.000121,-0.000121,0.0,,,,,,0.061,0.063,-0.061,3.16114,0.00526,-0.00526,,,,7912.7,14.4,-14.4,0.080242,0.000163,-0.000115,1.58315,0.01492,-0.0443,LS+MCMC,10.6,2.85,-2.56,0.0539,,,89.71,,,1162.0,,,431.02,349.26,-211.73,12.288,0.116,-0.116,Claret (2011 A&A 529 75) ATLAS LS,0.0,0.0,0.2329,0.4554,q1_q17_dr25_koi,52.268402,619.7065,633.4,1,285.0,1.0,q1_q17_dr25_tce,11111111111111111000000000000000,0.3731,Mandel and Agol (2002 ApJ 580 171),,,008/008255/008255887/dv/kplr008255887-20160209194854_dvr.pdf,008/008255/008255887/dv/kplr008255887-001-20160209194854_dvs.pdf,5560.0,166.0,-166.0,4.246,0.252,-0.189,0.14,0.25,-0.25,1.21,0.325,-0.293,0.94,0.113,-0.085,,,,q1_q17_dr25_stellar,298.63565,44.17094,15.113,15.787,15.077,14.824,14.727,13.785,13.39,13.243,0.0,19.90904165,6.1e-07,44.1709156,6.8e-06,-0.064,0.024,-0.088,0.025,-0.00095,0.00035,-0.00038,0.00045,0.018,0.067,0.042,0.067,0.046,0.067,0.05,0.07,0.017,0.068,0.053,0.07,kplr008255887,Kepler-720b,9,"(12, 15)","(0.06666666666666667, 0.08333333333333333)"
269,8414716,K00910.01,Kepler-721 b,CONFIRMED,Done,2018-08-16,CANDIDATE,1.0,0,0,0,0,q1_q17_dr25_sup_koi,NO_COMMENT,5.392026903,6.664e-06,-6.664e-06,171.72707,0.000963,-0.000963,2455004.727,0.000963,-0.000963,0.0,,,,,,0.314,0.072,-0.314,2.9804,0.0352,-0.0352,,,,1151.4,17.2,-17.2,0.030649,0.000351,-0.000787,1.63004,0.28484,-0.30375,LS+MCMC,2.68,0.36,-0.19,0.0583,,,88.67,,,850.0,,,123.33,54.53,-29.06,13.58,2.4,-2.4,Claret (2011 A&A 529 75) ATLAS LS,0.0,0.0,0.186,0.5256,q1_q17_dr25_koi,7.25004,66.02574,77.4,1,244.0,1.0,q1_q17_dr25_tce,11111111111111111000000000000000,0.2345,Mandel and Agol (2002 ApJ 580 171),,,008/008414/008414716/dv/kplr008414716-20160209194854_dvr.pdf,008/008414/008414716/dv/kplr008414716-001-20160209194854_dvs.pdf,5198.0,155.0,-155.0,4.589,0.024,-0.102,0.21,0.2,-0.35,0.801,0.106,-0.057,0.915,0.044,-0.102,,,,q1_q17_dr25_stellar,284.43051,44.48053,15.651,16.345,15.555,15.353,15.232,14.187,13.739,13.627,0.828,18.9620343,4.9e-06,44.480443,5.5e-05,0.01,0.19,-0.31,0.2,-7e-05,0.00022,-5e-05,0.00024,-0.041,0.084,-0.029,0.085,0.05,0.084,-0.041,0.087,-0.306,0.085,0.309,0.085,kplr008414716,Kepler-721b,14,"(31, 37)","(0.02702702702702703, 0.03225806451612903)"
271,9141746,K00929.01,Kepler-730 b,CONFIRMED,Done,2018-08-16,CANDIDATE,1.0,0,0,0,0,q1_q17_dr25_sup_koi,NO_COMMENT,6.491682808,1.685e-06,-1.685e-06,174.633553,0.000216,-0.000216,2455007.634,0.000216,-0.000216,0.0,,,,,,0.535,0.034,-0.053,4.301,0.0272,-0.0272,,,,7163.3,17.2,-17.2,0.079893,0.000335,-0.000773,0.57225,0.06469,-0.04411,LS+MCMC,9.66,3.27,-1.31,0.0715,,,87.17,,,1062.0,,,301.54,310.33,-112.73,10.84,1.2,-1.2,Claret (2011 A&A 529 75) ATLAS LS,0.0,0.0,0.2844,0.3661,q1_q17_dr25_koi,45.663883,478.5281,502.3,2,189.0,1.0,q1_q17_dr25_tce,01101111111111111000000000000000,0.9019,Mandel and Agol (2002 ApJ 580 171),,,009/009141/009141746/dv/kplr009141746-20160209194854_dvr.pdf,009/009141/009141746/dv/kplr009141746-001-20160209194854_dvs.pdf,6123.0,193.0,-265.0,4.413,0.072,-0.217,0.14,0.2,-0.3,1.107,0.375,-0.15,1.159,0.164,-0.164,,,,q1_q17_dr25_stellar,285.55481,45.578861,15.649,16.129,15.582,15.443,15.437,14.471,14.182,14.102,0.001,19.03698607,8e-07,45.5788396,8.8e-06,-0.024,0.03,-0.074,0.032,0.00041,0.00036,-0.00031,0.00047,-0.007,0.067,0.005,0.068,0.009,0.067,-0.057,0.068,-0.031,0.068,0.065,0.068,kplr009141746,Kepler-730b,9,"(12, 15)","(0.06666666666666667, 0.08333333333333333)"
273,9166862,K00931.01,Kepler-731 b,CONFIRMED,Done,2018-08-16,CANDIDATE,0.999,0,0,0,0,q1_q17_dr25_sup_koi,CENT_KIC_POS,3.855603916,3.68e-07,-3.68e-07,170.6787843,7.48e-05,-7.48e-05,2455003.679,7.48e-05,-7.48e-05,0.0,,,,,,0.348,0.027,-0.039,3.2179,0.0101,-0.0101,,,,16653.0,18.2,-18.2,0.119176,0.000279,-0.000403,1.18411,0.04544,-0.04633,LS+MCMC,13.61,3.8,-1.35,0.0505,,,87.96,,,1212.0,,,508.65,435.35,-163.96,9.763,0.375,-0.375,Claret (2011 A&A 529 75) ATLAS LS,0.0,0.0,0.2826,0.3729,q1_q17_dr25_koi,105.129425,1321.7062,1173.9,1,350.0,1.0,q1_q17_dr25_tce,11111111111111111000000000000000,0.1893,Mandel and Agol (2002 ApJ 580 171),,,009/009166/009166862/dv/kplr009166862-20160209194854_dvr.pdf,009/009166/009166862/dv/kplr009166862-001-20160209194854_dvs.pdf,6033.0,193.0,-265.0,4.46,0.048,-0.192,0.21,0.2,-0.25,1.046,0.292,-0.104,1.153,0.125,-0.152,,,,q1_q17_dr25_stellar,296.39316,45.568562,15.272,15.763,15.17,15.061,14.988,14.126,13.762,13.775,0.0,19.75955779,2.3e-07,45.5686324,2.2e-06,0.4947,0.0086,0.2605,0.0079,0.01353,0.00068,0.01223,0.00095,-1.46,0.16,-0.98,0.11,1.76,0.18,-0.045,0.069,-0.084,0.069,0.095,0.069,kplr009166862,Kepler-731b,6,"(7, 9)","(0.1111111111111111, 0.14285714285714285)"
275,11449844,K00125.01,Kepler-468 b,CONFIRMED,Done,2018-08-16,FALSE POSITIVE,0.92,0,1,0,0,q1_q17_dr25_sup_koi,NO_COMMENT,38.47876629,4.731e-06,-4.731e-06,151.852812,0.000101,-0.000101,2454984.853,0.000101,-0.000101,0.0,,,,,,0.003,0.034,-0.003,5.04169,0.00343,-0.00343,,,,23530.0,25.4,-25.4,0.138123,9.7e-05,-7e-05,3.7339,0.00545,-0.01642,LS+MCMC,13.26,1.78,-0.59,0.2213,,,90.0,,,484.0,,,13.01,4.96,-2.04,66.3614,0.0969,-0.0969,Claret (2011 A&A 529 75) ATLAS LS,0.0,0.0,0.224,0.4695,q1_q17_dr25_koi,261.08838,1014.9963,1077.8,1,35.0,1.0,q1_q17_dr25_tce,11111111111111111000000000000000,0.0,Mandel and Agol (2002 ApJ 580 171),,,011/011449/011449844/dv/kplr011449844-20160209194854_dvr.pdf,011/011449/011449844/dv/kplr011449844-001-20160209194854_dvs.pdf,5510.0,98.0,-109.0,4.539,0.019,-0.11,0.16,0.15,-0.15,0.879,0.118,-0.039,0.973,0.041,-0.07,,,,q1_q17_dr25_stellar,288.90222,49.370491,13.779,14.332,13.695,13.542,13.475,12.467,12.115,12.029,0.024,19.26014972,2.1e-07,49.370446,2.6e-06,0.0394,0.0075,-0.1583,0.0093,0.0001,0.0018,-0.0003,0.0027,0.004,0.067,-0.014,0.067,0.014,0.067,0.043,0.068,-0.347,0.073,0.349,0.073,kplr011449844,Kepler-468b,6,"(7, 9)","(0.1111111111111111, 0.14285714285714285)"
277,8628973,K00916.01,Kepler-724 b,CONFIRMED,Done,2018-08-16,CANDIDATE,1.0,0,0,0,0,q1_q17_dr25_sup_koi,NO_COMMENT,3.314947362,1.705e-06,-1.705e-06,171.313058,0.000418,-0.000418,2455004.313,0.000418,-0.000418,0.0,,,,,,0.799,0.058,-0.54,1.8007,0.0284,-0.0284,,,,1398.2,13.6,-13.6,0.038195,0.00019,-0.003621,1.4165,3.88462,-0.53134,LS+MCMC,3.94,1.11,-0.37,0.0433,,,85.11,,,1155.0,,,421.03,347.73,-114.75,9.37,4.3,-4.3,Claret (2011 A&A 529 75) ATLAS LS,0.0,0.0,0.224,0.4695,q1_q17_dr25_koi,11.219773,105.955894,123.5,1,404.0,1.0,q1_q17_dr25_tce,11111111111111111000000000000000,0.2093,Mandel and Agol (2002 ApJ 580 171),,,008/008628/008628973/dv/kplr008628973-20160209194854_dvr.pdf,008/008628/008628973/dv/kplr008628973-001-20160209194854_dvs.pdf,5609.0,150.0,-166.0,4.481,0.062,-0.188,0.16,0.2,-0.3,0.944,0.266,-0.089,0.983,0.094,-0.105,,,,q1_q17_dr25_stellar,293.45483,44.792789,15.142,15.75,15.075,14.881,14.771,13.873,13.442,13.367,0.142,19.5636556,3e-06,44.792762,3.4e-05,-0.01,0.11,-0.1,0.12,0.00024,0.00017,-2e-05,0.00019,-0.028,0.074,0.034,0.075,0.044,0.076,0.001,0.073,0.067,0.08,0.067,0.08,kplr008628973,Kepler-724b,13,"(26, 31)","(0.03225806451612903, 0.038461538461538464)"
279,8672910,K00918.01,Kepler-725 b,CONFIRMED,Done,2018-08-16,CANDIDATE,0.996,0,0,0,0,q1_q17_dr25_sup_koi,NO_COMMENT,39.6431552,1.041e-05,-1.041e-05,206.596798,0.000202,-0.000202,2455039.597,0.000202,-0.000202,0.0,,,,,,0.062,0.103,-0.042,6.5292,0.00694,-0.00694,,,,15664.0,24.4,-24.4,0.111685,7.4e-05,-0.000142,1.64307,0.01201,-0.00853,LS+MCMC,10.98,0.72,-0.99,0.215,,,89.93,,,472.0,,,11.74,2.46,-2.55,51.489,0.376,-0.376,Claret (2011 A&A 529 75) ATLAS LS,0.0,0.0,0.1914,0.5167,q1_q17_dr25_koi,130.28482,487.53952,690.3,2,30.0,1.0,q1_q17_dr25_tce,11111111111111111000000000000000,0.1559,Mandel and Agol (2002 ApJ 580 171),,,008/008672/008672910/dv/kplr008672910-20160209194854_dvr.pdf,008/008672/008672910/dv/kplr008672910-001-20160209194854_dvs.pdf,5231.0,83.0,-73.0,4.455,0.091,-0.049,0.14,0.15,-0.15,0.9,0.059,-0.081,0.844,0.06,-0.033,,,,q1_q17_dr25_stellar,283.97751,44.811562,15.011,15.575,14.926,14.77,14.632,13.685,13.283,13.222,0.004,18.93183384,4.9e-07,44.8115753,5.3e-06,0.021,0.019,0.055,0.019,-0.0006,0.0016,0.0004,0.0022,0.012,0.067,-0.01,0.067,0.016,0.067,0.058,0.074,-0.015,0.068,0.06,0.074,kplr008672910,Kepler-725b,7,"(9, 10)","(0.1, 0.1111111111111111)"
282,8689373,K00921.01,Kepler-253 c,CONFIRMED,Done,2018-08-16,CANDIDATE,1.0,0,0,0,0,q1_q17_dr25_sup_koi,NO_COMMENT,10.28194593,1.884e-05,-1.884e-05,175.33988,0.00144,-0.00144,2455008.34,0.00144,-0.00144,0.0,,,,,,0.168,0.267,-0.168,3.4366,0.0541,-0.0541,,,,1110.7,21.3,-21.3,0.029849,0.000871,-0.000519,2.24334,0.2363,-0.57203,LS+MCMC,2.53,0.36,-0.19,0.088,,,89.59,,,680.0,,,50.6,23.78,-12.02,23.23,2.4,-2.4,Claret (2011 A&A 529 75) ATLAS LS,0.0,0.0,0.1959,0.5086,q1_q17_dr25_koi,7.943826,46.25013,55.0,3,126.0,2.0,q1_q17_dr25_tce,11111111111111111000000000000000,0.575,Mandel and Agol (2002 ApJ 580 171),,,008/008689/008689373/dv/kplr008689373-20160209194854_dvr.pdf,008/008689/008689373/dv/kplr008689373-002-20160209194854_dvs.pdf,5196.0,155.0,-155.0,4.593,0.026,-0.097,0.04,0.25,-0.3,0.775,0.111,-0.056,0.869,0.064,-0.092,,,,q1_q17_dr25_stellar,291.84198,44.858089,15.532,16.239,15.471,15.229,15.111,14.055,13.632,13.534,0.008,19.4561302,6.5e-06,44.858158,8.1e-05,-0.1,0.25,0.24,0.29,0.00033,0.00029,0.00043,0.00034,0.0,0.13,-0.12,0.13,0.12,0.13,-0.13,0.12,0.12,0.13,0.18,0.15,kplr008689373,Kepler-253c,14,"(31, 37)","(0.02702702702702703, 0.03225806451612903)"
283,8689373,K00921.02,Kepler-253 d,CONFIRMED,Done,2018-08-16,CANDIDATE,1.0,0,0,0,0,q1_q17_dr25_sup_koi,NO_COMMENT,18.11993039,3.701e-05,-3.701e-05,182.61535,0.00164,-0.00164,2455015.615,0.00164,-0.00164,0.0,,,,,,0.206,0.192,-0.206,4.2309,0.0581,-0.0581,,,,1506.9,25.8,-25.8,0.034825,0.000775,-0.000596,2.10579,0.15926,-0.5582,LS+MCMC,2.95,0.42,-0.22,0.1284,,,89.64,,,563.0,,,23.77,11.17,-5.65,33.19,2.5,-2.5,Claret (2011 A&A 529 75) ATLAS LS,0.0,0.0,0.1959,0.5086,q1_q17_dr25_koi,10.27296,49.64462,60.7,3,70.0,1.0,q1_q17_dr25_tce,11111111111111111000000000000000,0.6188,Mandel and Agol (2002 ApJ 580 171),,,008/008689/008689373/dv/kplr008689373-20160209194854_dvr.pdf,008/008689/008689373/dv/kplr008689373-001-20160209194854_dvs.pdf,5196.0,155.0,-155.0,4.593,0.026,-0.097,0.04,0.25,-0.3,0.775,0.111,-0.056,0.869,0.064,-0.092,,,,q1_q17_dr25_stellar,291.84198,44.858089,15.532,16.239,15.471,15.229,15.111,14.055,13.632,13.534,0.0,19.4561289,6e-06,44.858072,7.7e-05,-0.15,0.23,-0.06,0.28,0.00051,0.00036,0.00103,0.00044,0.02,0.14,-0.15,0.13,0.15,0.13,-0.12,0.14,0.1,0.14,0.16,0.13,kplr008689373,Kepler-253d,13,"(26, 31)","(0.03225806451612903, 0.038461538461538464)"
286,5897826,K00126.01,Kepler-469 b,FALSE POSITIVE,Done,2018-08-16,FALSE POSITIVE,0.0,0,1,0,0,q1_q17_dr25_sup_koi,LPP_DV,33.80364366,2.278e-05,-2.278e-05,202.259731,0.000544,-0.000544,2455035.26,0.000544,-0.000544,0.0,,,,,,0.023,0.088,-0.023,11.4813,0.0187,-0.0187,,,,13494.0,26.6,-26.6,0.105539,0.00023,-9.1e-05,0.25463,0.00168,-0.0047,LS+MCMC,20.7,3.24,-4.86,0.216,,,89.95,,,745.0,,,72.71,32.55,-33.45,24.869,0.164,-0.164,Claret (2011 A&A 529 75) ATLAS LS,0.0,0.0,0.26,0.4133,q1_q17_dr25_koi,343.88367,1177.5599,529.9,2,42.0,1.0,q1_q17_dr25_tce,11111111111111111000000000000000,0.0,Mandel and Agol (2002 ApJ 580 171),,,005/005897/005897826/dv/kplr005897826-20160209194854_dvr.pdf,005/005897/005897826/dv/kplr005897826-001-20160209194854_dvs.pdf,5855.0,117.0,-117.0,3.999,0.196,-0.084,0.16,0.15,-0.15,1.796,0.281,-0.422,1.174,0.133,-0.133,,,,q1_q17_dr25_stellar,297.47586,41.114288,13.109,13.585,13.044,12.905,12.846,11.977,11.656,11.635,0.0,19.831724,2.4e-07,41.1142837,1.7e-06,-0.0286,0.0099,-0.0227,0.0061,0.003,0.0011,-0.0004,0.0014,-0.042,0.073,0.002,0.083,0.042,0.072,-0.003,0.072,-0.085,0.083,0.085,0.083,kplr005897826,Kepler-469b,7,"(9, 10)","(0.1, 0.1111111111111111)"
287,8883593,K00923.01,Kepler-728 b,CONFIRMED,Done,2018-08-16,CANDIDATE,1.0,0,0,0,0,q1_q17_dr25_sup_koi,NO_COMMENT,5.743469797,7.276e-06,-7.276e-06,174.898924,0.000999,-0.000999,2455007.899,0.000999,-0.000999,0.0,,,,,,0.001,0.372,-0.001,3.4412,0.0357,-0.0357,,,,1240.2,17.8,-17.8,0.032147,0.000598,-0.00033,1.31116,0.03126,-0.29821,LS+MCMC,3.13,0.97,-0.31,0.0625,,,90.0,,,982.0,,,219.95,200.46,-61.41,13.174,0.314,-0.314,Claret (2011 A&A 529 75) ATLAS LS,0.0,0.0,0.2916,0.3447,q1_q17_dr25_koi,7.2817845,64.83856,79.7,1,237.0,1.0,q1_q17_dr25_tce,11111111111111111000000000000000,0.6024,Mandel and Agol (2002 ApJ 580 171),,,008/008883/008883593/dv/kplr008883593-20160209194854_dvr.pdf,008/008883/008883593/dv/kplr008883593-001-20160209194854_dvs.pdf,5897.0,159.0,-177.0,4.531,0.037,-0.213,-0.16,0.3,-0.3,0.891,0.277,-0.087,0.983,0.12,-0.12,,,,q1_q17_dr25_stellar,291.09235,45.115528,15.543,16.058,15.495,15.323,15.226,14.384,13.994,13.937,0.0,19.4061568,3.7e-06,45.115519,4e-05,0.01,0.14,-0.04,0.14,-0.00069,0.00018,0.00075,0.00019,0.46,0.11,-0.24,0.12,0.51,0.11,0.048,0.084,-0.03,0.13,0.054,0.089,kplr008883593,Kepler-728b,14,"(31, 37)","(0.02702702702702703, 0.03225806451612903)"
290,9077124,K00926.01,Kepler-729 b,CONFIRMED,Done,2018-08-16,CANDIDATE,1.0,0,0,0,0,q1_q17_dr25_sup_koi,NO_COMMENT,3.166353562,2.532e-06,-2.532e-06,170.966145,0.000631,-0.000631,2455003.966,0.000631,-0.000631,0.0,,,,,,0.032,0.321,-0.032,3.3129,0.0233,-0.0233,,,,1473.4,13.4,-13.4,0.035047,0.000555,-0.000193,0.82095,0.00984,-0.19249,LS+MCMC,3.82,1.22,-0.41,0.0432,,,89.76,,,1273.0,,,621.92,586.4,-191.31,7.5775,0.0908,-0.0908,Claret (2011 A&A 529 75) ATLAS LS,0.0,0.0,0.2868,0.3588,q1_q17_dr25_koi,8.415231,60.539154,128.3,1,409.0,1.0,q1_q17_dr25_tce,01111111111111111000000000000000,0.9072,Mandel and Agol (2002 ApJ 580 171),,,009/009077/009077124/dv/kplr009077124-20160209194854_dvr.pdf,009/009077/009077124/dv/kplr009077124-001-20160209194854_dvs.pdf,6007.0,169.0,-211.0,4.47,0.052,-0.208,0.02,0.25,-0.3,0.998,0.318,-0.106,1.072,0.13,-0.145,,,,q1_q17_dr25_stellar,286.36011,45.414291,15.603,16.092,15.541,15.393,15.331,14.471,14.028,14.086,0.248,19.0906787,5.2e-06,45.414305,5.6e-05,0.18,0.2,0.05,0.2,-0.00016,0.00019,-0.00012,0.0002,0.03,0.073,-0.002,0.077,0.03,0.073,-0.05,0.075,-0.054,0.074,0.073,0.077,kplr009077124,Kepler-729b,13,"(26, 31)","(0.03225806451612903, 0.038461538461538464)"
296,9479273,K00940.01,Kepler-734 b,CONFIRMED,Done,2018-08-16,CANDIDATE,1.0,0,0,0,0,q1_q17_dr25_sup_koi,NO_COMMENT,6.104849417,2.711e-06,-2.711e-06,169.573477,0.000326,-0.000326,2455002.573,0.000326,-0.000326,0.0,,,,,,0.041,0.205,-0.041,4.6912,0.0143,-0.0143,,,,2090.3,8.1,-8.1,0.04092,0.000353,-0.000139,0.56409,0.00185,-0.06304,LS+MCMC,3.18,0.17,-0.19,0.0583,,,89.78,,,784.0,,,89.25,17.97,-16.37,10.3581,0.034,-0.034,Claret (2011 A&A 529 75) ATLAS LS,0.0,0.0,0.1731,0.5396,q1_q17_dr25_koi,29.380081,276.2209,293.7,1,176.0,1.0,q1_q17_dr25_tce,11111101110111011000000000000000,0.1812,Mandel and Agol (2002 ApJ 580 171),,,009/009479/009479273/dv/kplr009479273-20160209194854_dvr.pdf,009/009479/009479273/dv/kplr009479273-001-20160209194854_dvs.pdf,5085.0,102.0,-102.0,4.584,0.048,-0.032,-0.36,0.15,-0.15,0.712,0.038,-0.042,0.71,0.048,-0.031,,,,q1_q17_dr25_stellar,297.04562,46.027359,15.017,15.017,14.336,14.171,14.055,13.107,12.746,12.668,0.0,19.8030453,1.3e-06,46.027393,1.4e-05,0.125,0.05,0.12,0.049,-0.00031,0.00011,-0.00036,0.00012,-0.055,0.069,0.037,0.072,0.067,0.07,0.001,0.073,0.118,0.077,0.118,0.077,kplr009479273,Kepler-734b,12,"(22, 26)","(0.038461538461538464, 0.045454545454545456)"
297,8359498,K00127.01,Kepler-77 b,CONFIRMED,Done,2018-08-16,CANDIDATE,0.999,0,0,0,0,q1_q17_dr25_sup_koi,NO_COMMENT,3.578780566,1.83e-07,-1.83e-07,134.0304187,4.21e-05,-4.21e-05,2454967.03,4.21e-05,-4.21e-05,0.0,,,,,,0.079,0.045,-0.054,2.91089,0.00147,-0.00147,,,,11382.0,7.2,-7.2,0.096067,0.000203,-7.4e-05,1.60801,0.01398,-0.03608,LS+MCMC,10.43,0.62,-0.62,0.045,,,89.56,,,1145.0,,,406.6,87.15,-74.65,10.2873,0.0894,-0.0894,Claret (2011 A&A 529 75) ATLAS LS,0.0,0.0,0.224,0.4695,q1_q17_dr25_koi,145.02327,1721.1887,1838.4,1,374.0,1.0,q1_q17_dr25_tce,11111111111111111000000000000000,0.2268,Mandel and Agol (2002 ApJ 580 171),,,008/008359/008359498/dv/kplr008359498-20160209194854_dvr.pdf,008/008359/008359498/dv/kplr008359498-001-20160209194854_dvs.pdf,5524.0,110.0,-110.0,4.421,0.05,-0.045,0.2,0.15,-0.15,0.994,0.059,-0.059,0.95,0.058,-0.058,,,,q1_q17_dr25_stellar,289.60797,44.345421,13.938,14.449,13.871,13.72,13.658,12.758,12.444,12.361,0.0,19.30719761,1.7e-07,44.3454555,1.7e-06,0.0119,0.0066,0.1277,0.0062,-0.00014,0.00024,0.00022,0.00033,0.002,0.067,0.0,0.067,0.002,0.067,-0.002,0.067,0.153,0.068,0.153,0.068,kplr008359498,Kepler-77b,8,"(10, 12)","(0.08333333333333333, 0.1)"
299,9334289,K00934.01,Kepler-254 b,CONFIRMED,Done,2018-08-16,CANDIDATE,1.0,0,0,0,0,q1_q17_dr25_sup_koi,NO_COMMENT,5.826657508,6.434e-06,-6.434e-06,173.011411,0.000925,-0.000925,2455006.011,0.000925,-0.000925,0.0,,,,,,0.033,0.335,-0.033,2.9183,0.0321,-0.0321,,,,1539.1,20.9,-20.9,0.035356,0.000729,-0.000371,2.19595,0.01722,-0.59593,LS+MCMC,4.09,0.6,-0.49,0.0622,,,89.88,,,1013.0,,,248.57,96.56,-67.24,15.796,0.124,-0.124,Claret (2011 A&A 529 75) ATLAS LS,0.0,0.0,0.224,0.4695,q1_q17_dr25_koi,7.5005593,61.85785,81.1,3,228.0,1.0,q1_q17_dr25_tce,11111111111111111000000000000000,0.25,Mandel and Agol (2002 ApJ 580 171),,,009/009334/009334289/dv/kplr009334289-20160209194854_dvr.pdf,009/009334/009334289/dv/kplr009334289-001-20160209194854_dvs.pdf,5561.0,75.0,-83.0,4.362,0.126,-0.103,0.16,0.15,-0.15,1.06,0.156,-0.127,0.943,0.062,-0.048,,,,q1_q17_dr25_stellar,288.1647,45.816509,15.843,16.344,15.806,15.629,15.568,14.675,14.268,14.254,0.078,19.2109811,5e-06,45.81642,4.5e-05,0.04,0.19,-0.32,0.16,-0.00042,0.0003,0.00014,0.00028,-0.029,0.084,0.049,0.089,0.056,0.091,-0.137,0.085,-0.111,0.086,0.176,0.085,kplr009334289,Kepler-254b,13,"(26, 31)","(0.03225806451612903, 0.038461538461538464)"
302,9347899,K00935.01,Kepler-31 b,CONFIRMED,Done,2018-08-16,CANDIDATE,1.0,0,0,0,0,q1_q17_dr25_sup_koi,NO_COMMENT,20.86021229,2.386e-05,-2.386e-05,180.017757,0.000934,-0.000934,2455013.018,0.000934,-0.000934,0.0,,,,,,0.066,0.253,-0.065,5.1937,0.0335,-0.0335,,,,1910.5,17.5,-17.5,0.040067,0.000513,-0.000214,1.40526,0.01397,-0.26033,LS+MCMC,5.5,0.82,-1.09,0.1462,,,89.88,,,781.0,,,87.76,37.54,-35.79,31.855,0.317,-0.317,Claret (2011 A&A 529 75) ATLAS LS,0.0,0.0,0.2949,0.3354,q1_q17_dr25_koi,16.663143,94.8957,117.0,4,67.0,1.0,q1_q17_dr25_tce,11111111111111111000000000000000,0.3528,Mandel and Agol (2002 ApJ 580 171),,,009/009347/009347899/dv/kplr009347899-20160209194854_dvr.pdf,009/009347/009347899/dv/kplr009347899-001-20160209194854_dvs.pdf,6035.0,120.0,-120.0,4.22,0.168,-0.112,-0.28,0.15,-0.15,1.257,0.187,-0.25,0.958,0.076,-0.068,,,,q1_q17_dr25_stellar,294.02301,45.853081,15.237,15.592,15.199,15.086,15.071,14.233,13.984,13.871,0.057,19.6015349,3.3e-06,45.853038,3.5e-05,0.03,0.12,-0.15,0.13,-0.00044,0.00025,1e-05,0.00028,0.0,0.083,0.01,0.1,0.01,0.1,-0.023,0.083,0.03,0.1,0.036,0.09,kplr009347899,Kepler-31b,12,"(22, 26)","(0.038461538461538464, 0.045454545454545456)"
303,9347899,K00935.02,Kepler-31 c,CONFIRMED,Done,2018-08-16,CANDIDATE,1.0,0,0,0,0,q1_q17_dr25_sup_koi,NO_COMMENT,42.63427848,7.674e-05,-7.674e-05,141.16954,0.00151,-0.00151,2454974.17,0.00151,-0.00151,0.0,,,,,,0.142,0.189,-0.142,6.1998,0.0535,-0.0535,,,,1719.3,22.8,-22.8,0.038058,0.000533,-0.000352,1.64062,0.07418,-0.27254,LS+MCMC,5.22,0.78,-1.03,0.2355,,,89.85,,,615.0,,,33.82,14.47,-13.79,54.02,2.4,-2.4,Claret (2011 A&A 529 75) ATLAS LS,0.0,0.0,0.2949,0.3354,q1_q17_dr25_koi,15.846536,62.296303,78.7,4,32.0,2.0,q1_q17_dr25_tce,11111111111111111000000000000000,0.8478,Mandel and Agol (2002 ApJ 580 171),,,009/009347/009347899/dv/kplr009347899-20160209194854_dvr.pdf,009/009347/009347899/dv/kplr009347899-002-20160209194854_dvs.pdf,6035.0,120.0,-120.0,4.22,0.168,-0.112,-0.28,0.15,-0.15,1.257,0.187,-0.25,0.958,0.076,-0.068,,,,q1_q17_dr25_stellar,294.02301,45.853081,15.237,15.592,15.199,15.086,15.071,14.233,13.984,13.871,0.029,19.6015331,4.8e-06,45.852973,5.1e-05,-0.03,0.18,-0.38,0.18,-0.00029,0.00033,0.0004,0.00035,0.02,0.11,-0.04,0.1,0.04,0.1,-0.02,0.12,-0.05,0.1,0.06,0.11,kplr009347899,Kepler-31c,13,"(26, 31)","(0.03225806451612903, 0.038461538461538464)"
306,9388479,K00936.01,Kepler-732 b,CONFIRMED,Done,2018-08-16,CANDIDATE,0.953,0,0,0,0,q1_q17_dr25_sup_koi,CENT_KIC_POS,9.467821474,6.129e-06,-6.129e-06,178.415842,0.000517,-0.000517,2455011.416,0.000517,-0.000517,0.0,,,,,,0.081,0.261,-0.081,2.4327,0.0221,-0.0221,,,,2237.0,19.8,-19.8,0.042684,0.000655,-0.000317,6.23401,0.149,-1.23339,LS+MCMC,2.13,0.19,-0.25,0.0691,,,89.85,,,407.0,,,6.47,1.81,-1.94,30.913,0.739,-0.739,Claret (2011 A&A 529 75) ATLAS LS,0.0,0.0,0.3258,0.4047,q1_q17_dr25_koi,17.65574,110.05442,124.7,2,145.0,1.0,q1_q17_dr25_tce,11111111111111111000000000000000,0.0813,Mandel and Agol (2002 ApJ 580 171),,,009/009388/009388479/dv/kplr009388479-20160209194854_dvr.pdf,009/009388/009388479/dv/kplr009388479-001-20160209194854_dvs.pdf,3582.0,71.0,-89.0,4.807,0.05,-0.045,0.18,0.15,-0.15,0.458,0.04,-0.055,0.491,0.034,-0.063,,,,q1_q17_dr25_stellar,283.73203,45.958771,15.073,16.712,15.31,14.371,13.89,12.596,11.952,11.721,0.455,18.9154502,2.5e-06,45.958547,2.6e-05,-0.667,0.093,-0.804,0.094,-0.00012,0.00024,-0.00012,0.00027,0.065,0.096,0.05,0.11,0.085,0.089,-0.58,0.1,-0.616,0.096,0.848,0.099,kplr009388479,Kepler-732b,12,"(22, 26)","(0.038461538461538464, 0.045454545454545456)"
307,9388479,K00936.02,Kepler-732 c,CONFIRMED,Done,2018-08-16,CANDIDATE,0.704,0,0,0,0,q1_q17_dr25_sup_koi,CENT_KIC_POS,0.893040969,4.61e-07,-4.61e-07,134.540342,0.000418,-0.000418,2454967.54,0.000418,-0.000418,0.0,,,,,,0.009,0.398,-0.009,1.0981,0.0159,-0.0159,,,,741.7,10.2,-10.2,0.024717,0.0006,-0.000274,6.2,0.18736,-1.6758,LS+MCMC,1.24,0.1,-0.15,0.0143,,,89.92,,,893.0,,,151.14,42.14,-45.33,6.394,0.193,-0.193,Claret (2011 A&A 529 75) ATLAS LS,0.0,0.0,0.3258,0.4047,q1_q17_dr25_koi,6.1433687,45.230915,87.8,2,1452.0,2.0,q1_q17_dr25_tce,11111111111111111000000000000000,0.5878,Mandel and Agol (2002 ApJ 580 171),,,009/009388/009388479/dv/kplr009388479-20160209194854_dvr.pdf,009/009388/009388479/dv/kplr009388479-002-20160209194854_dvs.pdf,3582.0,71.0,-89.0,4.807,0.05,-0.045,0.18,0.15,-0.15,0.458,0.04,-0.055,0.491,0.034,-0.063,,,,q1_q17_dr25_stellar,283.73203,45.958771,15.073,16.712,15.31,14.371,13.89,12.596,11.952,11.721,0.0,18.91545,5e-06,45.95865,5.2e-05,-0.67,0.19,-0.43,0.19,-3e-05,0.0001,-0.00023,0.00011,-0.023,0.08,-0.05,0.1,0.055,0.1,-0.65,0.09,-0.714,0.095,0.966,0.093,kplr009388479,Kepler-732c,15,"(37, 45)","(0.022222222222222223, 0.02702702702702703)"
308,11359879,K00128.01,Kepler-15 b,CONFIRMED,Done,2018-08-16,CANDIDATE,0.996,0,0,0,0,q1_q17_dr25_sup_koi,NO_COMMENT,4.942783419,2.47e-07,-2.47e-07,136.3294353,4.07e-05,-4.07e-05,2454969.329,4.07e-05,-4.07e-05,0.0,,,,,,0.566,0.009,-0.009,3.25346,0.00605,-0.00605,,,,11145.0,6.7,-6.7,0.099444,0.000194,-0.000211,1.02216,0.02262,-0.02145,LS+MCMC,10.62,1.44,-0.73,0.0569,,,87.04,,,1008.0,,,244.42,94.02,-48.62,10.97,0.243,-0.243,Claret (2011 A&A 529 75) ATLAS LS,0.0,0.0,0.2193,0.4785,q1_q17_dr25_koi,161.19409,1927.6256,2040.7,1,274.0,1.0,q1_q17_dr25_tce,11111111111111111000000000000000,0.5408,Mandel and Agol (2002 ApJ 580 171),,,011/011359/011359879/dv/kplr011359879-20160209194854_dvr.pdf,011/011359/011359879/dv/kplr011359879-001-20160209194854_dvs.pdf,5514.0,98.0,-109.0,4.459,0.051,-0.11,0.36,0.1,-0.15,0.978,0.133,-0.067,1.003,0.046,-0.061,,,,q1_q17_dr25_stellar,296.20059,49.140121,13.758,14.266,13.687,13.54,13.484,12.578,12.282,12.216,0.0,19.74670583,1.7e-07,49.1400517,1.9e-06,-0.0059,0.0059,-0.2461,0.0067,0.00182,0.00019,-0.00223,0.00028,-0.103,0.068,-0.018,0.067,0.104,0.068,0.008,0.067,-0.153,0.067,0.154,0.067,kplr011359879,Kepler-15b,8,"(10, 12)","(0.08333333333333333, 0.1)"
310,9415172,K00938.01,Kepler-255 c,CONFIRMED,Done,2018-08-16,CANDIDATE,1.0,0,0,0,0,q1_q17_dr25_sup_koi,NO_COMMENT,9.94602357,2.07e-05,-2.07e-05,171.70192,0.00165,-0.00165,2455004.702,0.00165,-0.00165,0.0,,,,,,0.035,0.4,-0.035,3.3862,0.0557,-0.0557,,,,994.5,20.5,-20.5,0.028229,0.000943,-0.000391,2.34688,0.13113,-0.68956,LS+MCMC,3.12,0.44,-0.43,0.0864,,,89.91,,,807.0,,,100.34,37.85,-30.34,23.07,1.3,-1.3,Claret (2011 A&A 529 75) ATLAS LS,0.0,0.0,0.186,0.5256,q1_q17_dr25_koi,6.3994412,42.55429,51.0,3,131.0,1.0,q1_q17_dr25_tce,11111111111111111000000000000000,0.9597,Mandel and Agol (2002 ApJ 580 171),,,009/009415/009415172/dv/kplr009415172-20160209194854_dvr.pdf,009/009415/009415172/dv/kplr009415172-001-20160209194854_dvs.pdf,5344.0,80.0,-80.0,4.365,0.132,-0.096,0.16,0.15,-0.1,1.013,0.141,-0.141,0.867,0.064,-0.032,,,,q1_q17_dr25_stellar,296.06424,45.976841,15.596,16.222,15.512,15.328,15.206,14.227,13.854,13.689,0.03,19.7376174,6.7e-06,45.976841,8.1e-05,0.08,0.25,0.0,0.29,-6e-05,0.00026,-0.00042,0.0003,0.01,0.12,-0.04,0.18,0.05,0.18,0.08,0.12,-0.38,0.18,0.39,0.19,kplr009415172,Kepler-255c,14,"(31, 37)","(0.02702702702702703, 0.03225806451612903)"
318,7626506,K00150.02,Kepler-112 c,CONFIRMED,Done,2018-08-16,CANDIDATE,1.0,0,0,0,0,q1_q17_dr25_sup_koi,NO_COMMENT,28.5742692,4.06e-05,-4.06e-05,143.8315,0.00113,-0.00113,2454976.831,0.00113,-0.00113,0.0,,,,,,0.068,0.328,-0.068,4.9427,0.0403,-0.0403,,,,824.9,9.2,-9.2,0.026109,0.000527,-0.000231,2.14286,0.10772,-0.47378,LS+MCMC,2.32,0.19,-0.2,0.1681,,,89.91,,,538.0,,,19.83,5.49,-4.56,45.22,2.3,-2.3,Claret (2011 A&A 529 75) ATLAS LS,0.0,0.0,0.2665,0.398,q1_q17_dr25_koi,18.866709,87.12114,97.1,2,46.0,2.0,q1_q17_dr25_tce,11111111111111111000000000000000,0.0614,Mandel and Agol (2002 ApJ 580 171),,,007/007626/007626506/dv/kplr007626506-20160209194854_dvr.pdf,007/007626/007626506/dv/kplr007626506-002-20160209194854_dvs.pdf,5551.0,111.0,-111.0,4.508,0.077,-0.063,-0.42,0.15,-0.15,0.812,0.07,-0.07,0.776,0.058,-0.039,,,,q1_q17_dr25_stellar,296.98102,43.209751,13.771,14.282,13.739,13.552,13.448,12.583,12.226,12.155,0.0,19.798739,3.3e-06,43.209801,4.1e-05,0.2,0.13,0.18,0.15,-0.00022,0.00011,0.00052,0.00013,0.02,0.12,-0.1,0.12,0.1,0.12,0.26,0.12,-0.11,0.12,0.29,0.12,kplr007626506,Kepler-112c,15,"(37, 45)","(0.022222222222222223, 0.02702702702702703)"
334,8559644,K00139.01,Kepler-111 c,CONFIRMED,Done,2018-08-16,CANDIDATE,1.0,0,0,0,0,q1_q17_dr25_sup_koi,NO_COMMENT,224.7789355,0.0002569,-0.0002569,142.095338,0.000921,-0.000921,2454975.095,0.000921,-0.000921,0.0,,,,,,0.652,0.032,-0.057,11.1899,0.0916,-0.0916,,,,3487.5,15.8,-15.8,0.056891,0.000478,-0.000822,0.77776,0.11878,-0.10789,LS+MCMC,7.67,1.33,-1.2,0.7456,,,89.71,,,333.0,,,2.92,1.36,-1.02,127.6,19.5,-19.5,Claret (2011 A&A 529 75) ATLAS LS,0.0,0.0,0.2555,0.4191,q1_q17_dr25_koi,74.145226,153.20587,235.7,2,7.0,1.0,q1_q17_dr25_tce,11111111111111111000000000000000,0.7142,Mandel and Agol (2002 ApJ 580 171),,,008/008559/008559644/dv/kplr008559644-20160209194854_dvr.pdf,008/008559/008559644/dv/kplr008559644-001-20160209194854_dvs.pdf,5873.0,93.0,-129.0,4.293,0.12,-0.12,0.18,0.15,-0.15,1.235,0.213,-0.194,1.092,0.08,-0.089,,,,q1_q17_dr25_stellar,291.65317,44.688271,13.492,13.876,13.426,13.327,13.301,12.412,12.111,12.11,0.344,19.4435451,1.5e-06,44.68827,1.7e-05,-0.006,0.058,0.0,0.062,0.00015,0.0003,-0.00014,0.00038,0.015,0.085,-0.09,0.13,0.1,0.13,0.037,0.075,-0.13,0.14,0.14,0.14,kplr008559644,Kepler-111c,11,"(18, 22)","(0.045454545454545456, 0.05555555555555555)"
346,3749365,K01176.01,Kepler-785 b,CONFIRMED,Done,2018-08-16,CANDIDATE,0.998,0,0,0,0,q1_q17_dr25_sup_koi,NO_COMMENT,1.97376085,9.9e-08,-9.9e-08,178.6894194,4.01e-05,-4.01e-05,2455011.689,4.01e-05,-4.01e-05,0.0,,,,,,0.337,0.225,-0.165,1.82542,0.00776,-0.00776,,,,30222.0,31.3,-31.3,0.159864,0.0049,-0.002692,3.77736,0.88924,-1.23737,LS+MCMC,8.78,1.43,-2.13,0.025,,,87.9,,,753.0,,,76.1,62.11,-44.33,9.2,2.2,-2.2,Claret (2011 A&A 529 75) ATLAS LS,0.0,0.0,0.4064,0.2898,q1_q17_dr25_koi,135.2331,1466.5692,1252.5,1,662.0,1.0,q1_q17_dr25_tce,01111111111111111000000000000000,0.043,Mandel and Agol (2002 ApJ 580 171),,,003/003749/003749365/dv/kplr003749365-20160209194854_dvr.pdf,003/003749/003749365/dv/kplr003749365-001-20160209194854_dvs.pdf,3807.0,291.0,-291.0,4.762,0.12,-0.08,-0.06,0.2,-0.2,0.503,0.082,-0.122,0.534,0.081,-0.132,,,,q1_q17_dr25_stellar,292.0683,38.84227,15.715,16.658,15.655,15.31,15.125,14.079,13.55,13.381,0.0,19.47120814,1.8e-07,38.8422875,1.8e-06,-0.4987,0.0077,0.0629,0.0064,-0.0271,0.003,0.0012,0.0039,0.35,0.1,-0.065,0.081,0.35,0.1,0.021,0.069,-0.092,0.068,0.094,0.068,kplr003749365,Kepler-785b,5,"(6, 7)","(0.14285714285714285, 0.16666666666666666)"
351,3632418,K00975.01,Kepler-21 b,CONFIRMED,Done,2018-08-16,CANDIDATE,1.0,0,0,0,0,q1_q17_dr25_sup_koi,CENT_SATURATED,2.785821236,5.258e-06,-5.258e-06,260.83731,0.00138,-0.00138,2455093.837,0.00138,-0.00138,0.0,,,,,,0.893,0.005,-0.644,3.5599,0.0416,-0.0416,,,,68.9,1.5,-1.5,0.008919,6.3e-05,-0.001163,0.06279,0.38585,-0.00178,LS+MCMC,1.69,0.11,-0.09,0.0408,,,72.39,,,1784.0,,,2388.98,468.82,-366.72,2.95,1.4,-1.4,Claret (2011 A&A 529 75) ATLAS LS,0.0,0.0,0.303,0.3166,q1_q17_dr25_koi,12.460802,47.588837,53.6,1,486.0,1.0,q1_q17_dr25_tce,11111111111111111000000000000000,0.3936,Mandel and Agol (2002 ApJ 580 171),,,003/003632/003632418/dv/kplr003632418-20160209194854_dvr.pdf,003/003632/003632418/dv/kplr003632418-001-20160209194854_dvs.pdf,6202.0,74.0,-83.0,4.026,0.033,-0.027,-0.1,0.15,-0.15,1.733,0.118,-0.095,1.162,0.147,-0.079,,,,q1_q17_dr25_stellar,287.36182,38.714016,8.224,8.738,8.259,,,7.229,7.031,6.945,0.0,19.157345,1.2e-05,38.713073,9.9e-05,-4.6,0.5,-3.4,0.36,0.000154,3.4e-05,0.000133,2.4e-05,-3.5,1.2,-6.7,1.4,7.5,1.4,-3.1,1.2,-4.1,1.3,5.1,1.4,kplr003632418,Kepler-21b,20,"(93, 112)","(0.008928571428571428, 0.010752688172043012)"
355,5809890,K01050.01,Kepler-755 b,CONFIRMED,Done,2018-08-16,CANDIDATE,1.0,0,0,0,0,q1_q17_dr25_sup_koi,NO_COMMENT,1.269091415,1.011e-06,-1.011e-06,133.343682,0.00068,-0.00068,2454966.344,0.00068,-0.00068,0.0,,,,,,0.412,0.051,-0.398,1.4647,0.0254,-0.0254,,,,340.9,5.6,-5.6,0.016909,0.000104,-0.000698,2.78725,0.85288,-0.44132,LS+MCMC,1.41,0.1,-0.06,0.0214,,,86.18,,,1331.0,,,740.47,170.73,-121.46,6.19,1.9,-1.9,Claret (2011 A&A 529 75) ATLAS LS,0.0,0.0,0.153,0.5684,q1_q17_dr25_koi,3.948946,38.508865,73.5,2,1061.0,1.0,q1_q17_dr25_tce,11111111111111111000000000000000,0.6421,Mandel and Agol (2002 ApJ 580 171),,,005/005809/005809890/dv/kplr005809890-20160209194854_dvr.pdf,005/005809/005809890/dv/kplr005809890-001-20160209194854_dvs.pdf,5041.0,100.0,-100.0,4.576,0.028,-0.048,0.02,0.15,-0.15,0.766,0.051,-0.037,0.807,0.043,-0.043,,,,q1_q17_dr25_stellar,296.86099,41.09734,13.999,14.706,13.93,13.696,13.569,12.465,11.961,11.879,0.0,19.7907281,5e-06,41.097554,5.2e-05,-0.21,0.2,0.77,0.19,-4e-05,6.1e-05,-0.000241,5.6e-05,0.14,0.096,0.293,0.095,0.325,0.091,-0.001,0.093,0.184,0.093,0.184,0.093,kplr005809890,Kepler-755b,17,"(54, 65)","(0.015384615384615385, 0.018518518518518517)"
392,8394721,K00152.01,Kepler-79 d,CONFIRMED,Done,2018-08-16,CANDIDATE,0.994,0,0,0,0,q1_q17_dr25_sup_koi,NO_COMMENT,52.09081627,4.206e-05,-4.206e-05,158.744665,0.00067,-0.00067,2454991.745,0.00067,-0.00067,0.0,,,,,,0.065,0.113,-0.065,8.6388,0.0228,-0.0228,,,,2894.1,12.6,-12.6,0.049363,0.000215,-0.000115,0.78307,0.0119,-0.03532,LS+MCMC,7.14,1.33,-1.09,0.2822,,,89.92,,,592.0,,,29.07,14.87,-9.97,48.249,0.733,-0.733,Claret (2011 A&A 529 75) ATLAS LS,0.0,0.0,0.305,0.3201,q1_q17_dr25_koi,34.855324,143.3882,243.5,4,27.0,1.0,q1_q17_dr25_tce,11111111111111111000000000000000,0.3217,Mandel and Agol (2002 ApJ 580 171),,,008/008394/008394721/dv/kplr008394721-20160209194854_dvr.pdf,008/008394/008394721/dv/kplr008394721-001-20160209194854_dvs.pdf,6198.0,111.0,-136.0,4.237,0.13,-0.117,-0.04,0.15,-0.15,1.324,0.247,-0.202,1.101,0.109,-0.081,,,,q1_q17_dr25_stellar,300.51712,44.38158,13.914,14.273,13.879,13.761,13.741,12.913,12.653,12.606,0.0,20.0344922,1.7e-06,44.381603,1.7e-05,0.651,0.065,0.084,0.059,0.00032,0.00024,-0.00062,0.00028,0.048,0.08,0.023,0.079,0.053,0.08,0.091,0.079,-0.053,0.079,0.105,0.078,kplr008394721,Kepler-79d,11,"(18, 22)","(0.045454545454545456, 0.05555555555555555)"
412,8394721,K00152.02,Kepler-79 c,CONFIRMED,Done,2018-08-16,CANDIDATE,1.0,0,0,0,0,q1_q17_dr25_sup_koi,NO_COMMENT,27.40229859,5.136e-05,-5.136e-05,133.6284,0.0015,-0.0015,2454966.628,0.0015,-0.0015,0.0,,,,,,0.022,0.296,-0.022,6.8491,0.0479,-0.0479,,,,747.5,10.0,-10.0,0.025079,0.000372,-0.000186,0.77467,0.01532,-0.12934,LS+MCMC,3.63,0.67,-0.56,0.1839,,,89.96,,,734.0,,,68.46,35.02,-23.47,31.329,0.62,-0.62,Claret (2011 A&A 529 75) ATLAS LS,0.0,0.0,0.305,0.3201,q1_q17_dr25_koi,10.937192,49.846386,79.3,4,49.0,3.0,q1_q17_dr25_tce,11111111111111111000000000000000,0.4083,Mandel and Agol (2002 ApJ 580 171),,,008/008394/008394721/dv/kplr008394721-20160209194854_dvr.pdf,008/008394/008394721/dv/kplr008394721-003-20160209194854_dvs.pdf,6198.0,111.0,-136.0,4.237,0.13,-0.117,-0.04,0.15,-0.15,1.324,0.247,-0.202,1.101,0.109,-0.081,,,,q1_q17_dr25_stellar,300.51712,44.38158,13.914,14.273,13.879,13.761,13.741,12.913,12.653,12.606,0.96,20.034496,5.2e-06,44.381547,5.1e-05,0.8,0.2,-0.12,0.18,-3e-05,0.00015,-1e-05,0.00014,-0.08,0.12,0.07,0.14,0.1,0.14,-0.03,0.13,-0.01,0.1,0.03,0.13,kplr008394721,Kepler-79c,15,"(37, 45)","(0.022222222222222223, 0.02702702702702703)"
418,9818381,K00135.01,Kepler-43 b,CONFIRMED,Done,2018-08-16,CANDIDATE,1.0,0,0,0,0,q1_q17_dr25_sup_koi,NO_COMMENT,3.024092505,2.25e-07,-2.25e-07,132.4168573,6.22e-05,-6.22e-05,2454965.417,6.22e-05,-6.22e-05,0.0,,,,,,0.424,0.031,-0.046,2.8021,0.0103,-0.0103,,,,7765.0,8.6,-8.6,0.081878,0.000278,-0.000412,1.15632,0.07312,-0.06091,LS+MCMC,12.14,0.79,-0.95,0.0438,,,87.05,,,1489.0,,,1162.54,252.01,-267.02,8.238,0.521,-0.521,Claret (2011 A&A 529 75) ATLAS LS,0.0,0.0,0.2799,0.381,q1_q17_dr25_koi,118.40247,1388.9977,1225.3,1,446.0,1.0,q1_q17_dr25_tce,11111111111111111000000000000000,0.2361,Mandel and Agol (2002 ApJ 580 171),,,009/009818/009818381/dv/kplr009818381-20160209194854_dvr.pdf,009/009818/009818381/dv/kplr009818381-001-20160209194854_dvs.pdf,6063.0,108.0,-145.0,4.261,0.055,-0.045,0.34,0.1,-0.15,1.358,0.088,-0.107,1.227,0.05,-0.082,,,,q1_q17_dr25_stellar,285.24084,46.668251,13.958,14.352,13.885,13.79,13.766,12.858,12.605,12.549,0.0,19.01605813,1.8e-07,46.6682605,2e-06,0.0308,0.0068,0.038,0.0072,-0.00017,0.00014,-0.00027,0.00019,-0.007,0.067,0.009,0.067,0.011,0.067,-0.013,0.071,0.006,0.068,0.015,0.071,kplr009818381,Kepler-43b,9,"(12, 15)","(0.06666666666666667, 0.08333333333333333)"
434,8394721,K00152.03,Kepler-79 b,CONFIRMED,Done,2018-08-16,CANDIDATE,1.0,0,0,0,0,q1_q17_dr25_sup_koi,NO_COMMENT,13.48457668,2.3e-05,-2.3e-05,136.61808,0.00132,-0.00132,2454969.618,0.00132,-0.00132,0.0,,,,,,0.011,0.319,-0.011,5.0197,0.0395,-0.0395,,,,653.5,8.8,-8.8,0.023452,0.000375,-0.000179,0.96491,0.03273,-0.15881,LS+MCMC,3.39,0.63,-0.52,0.1146,,,89.97,,,929.0,,,176.29,90.17,-60.44,21.01,0.713,-0.713,Claret (2011 A&A 529 75) ATLAS LS,0.0,0.0,0.305,0.3201,q1_q17_dr25_koi,12.837913,58.810806,80.8,4,98.0,2.0,q1_q17_dr25_tce,11111111111111111000000000000000,0.3395,Mandel and Agol (2002 ApJ 580 171),,,008/008394/008394721/dv/kplr008394721-20160209194854_dvr.pdf,008/008394/008394721/dv/kplr008394721-002-20160209194854_dvs.pdf,6198.0,111.0,-136.0,4.237,0.13,-0.117,-0.04,0.15,-0.15,1.324,0.247,-0.202,1.101,0.109,-0.081,,,,q1_q17_dr25_stellar,300.51712,44.38158,13.914,14.273,13.879,13.761,13.741,12.913,12.653,12.606,0.209,20.0344908,4.8e-06,44.381514,4.8e-05,0.6,0.19,-0.24,0.17,0.00011,0.00012,7e-05,0.00012,-0.25,0.15,-0.16,0.15,0.3,0.16,-0.2,0.14,-0.25,0.15,0.32,0.16,kplr008394721,Kepler-79b,15,"(37, 45)","(0.022222222222222223, 0.02702702702702703)"
448,5735762,K00148.01,Kepler-48 b,CONFIRMED,Done,2018-08-16,CANDIDATE,1.0,0,0,0,0,q1_q17_dr25_sup_koi,NO_COMMENT,4.77800306,3.382e-06,-3.382e-06,124.061465,0.000588,-0.000588,2454957.061,0.000588,-0.000588,0.0,,,,,,0.02,0.359,-0.02,2.7361,0.0184,-0.0184,,,,473.0,4.6,-4.6,0.019376,0.000441,-0.00016,2.0886,0.0145,-0.62437,LS+MCMC,1.85,0.13,-0.14,0.0528,,,89.91,,,932.0,,,177.79,44.24,-37.22,13.6091,0.0945,-0.0945,Claret (2011 A&A 529 75) ATLAS LS,0.0,0.0,0.186,0.5256,q1_q17_dr25_koi,11.527626,83.910446,115.4,3,274.0,2.0,q1_q17_dr25_tce,11111111111111111000000000000000,0.9611,Mandel and Agol (2002 ApJ 580 171),,,005/005735/005735762/dv/kplr005735762-20160209194854_dvr.pdf,005/005735/005735762/dv/kplr005735762-002-20160209194854_dvs.pdf,5192.0,103.0,-103.0,4.489,0.066,-0.054,0.18,0.15,-0.15,0.873,0.065,-0.065,0.856,0.05,-0.041,,,,q1_q17_dr25_stellar,299.13922,40.94902,13.04,13.692,13.009,12.761,12.692,11.702,11.292,11.221,0.373,19.942617,3.5e-06,40.948887,3.5e-05,0.12,0.14,-0.48,0.13,-4.4e-05,6.5e-05,3.2e-05,5.9e-05,0.14,0.1,-0.047,0.097,0.15,0.1,0.168,0.092,-0.28,0.12,0.32,0.12,kplr005735762,Kepler-48b,16,"(45, 54)","(0.018518518518518517, 0.022222222222222223)"
468,8222813,K01069.01,Kepler-760 b,CONFIRMED,Done,2018-08-16,CANDIDATE,1.0,0,0,0,0,q1_q17_dr25_sup_koi,NO_COMMENT,8.70420525,1.32e-05,-1.32e-05,357.55941,0.00105,-0.00105,2455190.559,0.00105,-0.00105,0.0,,,,,,0.5,0.012,-0.434,2.9385,0.0377,-0.0377,,,,1074.9,16.0,-16.0,0.030316,0.003569,-0.00099,2.12083,1.10238,-0.10904,LS+MCMC,2.86,0.13,-0.24,0.0772,,,88.6,,,748.0,,,74.13,12.28,-15.5,20.4,5.3,-5.3,Claret (2011 A&A 529 75) ATLAS LS,0.0,0.0,0.1451,0.582,q1_q17_dr25_koi,9.107922,60.56746,74.0,2,132.0,1.0,q1_q17_dr25_tce,00011111111111111000000000000000,0.7793,Mandel and Agol (2002 ApJ 580 171),,,008/008222/008222813/dv/kplr008222813-20160209194854_dvr.pdf,008/008222/008222813/dv/kplr008222813-001-20160209194854_dvs.pdf,5074.0,83.0,-76.0,4.474,0.084,-0.03,0.16,0.15,-0.15,0.863,0.039,-0.072,0.809,0.06,-0.026,,,,q1_q17_dr25_stellar,287.5932,44.17942,15.07,15.75,15.009,14.779,14.676,13.707,13.301,13.239,0.0,19.172888,4.6e-06,44.179444,5.7e-05,0.28,0.18,0.09,0.2,-0.00019,0.00019,0.00048,0.00023,0.06,0.091,-0.122,0.098,0.136,0.096,0.01,0.11,-0.08,0.1,0.08,0.099,kplr008222813,Kepler-760b,14,"(31, 37)","(0.02702702702702703, 0.03225806451612903)"
471,6362874,K01128.01,Kepler-775 b,CONFIRMED,Done,2018-08-16,CANDIDATE,1.0,0,0,0,0,q1_q17_dr25_sup_koi,CENT_KIC_POS,0.974868896,7.66e-07,-7.66e-07,133.076265,0.000644,-0.000644,2454966.076,0.000644,-0.000644,0.0,,,,,,0.12,0.331,-0.12,1.6191,0.0233,-0.0233,,,,197.6,2.9,-2.9,0.012716,0.000388,-0.000161,2.01904,0.15256,-0.60089,LS+MCMC,1.16,0.12,-0.06,0.0187,,,88.53,,,1612.0,,,1605.87,524.72,-273.88,4.664,0.352,-0.352,Claret (2011 A&A 529 75) ATLAS LS,0.0,0.0,0.2327,0.4526,q1_q17_dr25_koi,4.092683,24.318182,82.6,1,1372.0,1.0,q1_q17_dr25_tce,11111111111111111000000000000000,0.9928,Mandel and Agol (2002 ApJ 580 171),,,006/006362/006362874/dv/kplr006362874-20160209194854_dvr.pdf,006/006362/006362874/dv/kplr006362874-001-20160209194854_dvs.pdf,5487.0,98.0,-120.0,4.563,0.018,-0.102,0.0,0.15,-0.15,0.832,0.093,-0.04,0.924,0.038,-0.071,,,,q1_q17_dr25_stellar,291.43329,41.703442,13.507,14.044,13.446,13.277,13.193,12.213,11.823,11.774,,19.4288874,6e-06,41.703289,6.3e-05,0.06,0.24,-0.54,0.23,,,2.5e-05,2.8e-05,-0.02,0.1,-0.118,0.085,0.119,0.086,0.0,0.11,-0.471,0.086,0.471,0.086,kplr006362874,Kepler-775b,19,"(78, 93)","(0.010752688172043012, 0.01282051282051282)"
485,1871056,K01001.01,Kepler-264 b,CONFIRMED,Done,2018-08-16,CANDIDATE,0.976,0,0,0,0,q1_q17_dr25_sup_koi,NO_COMMENT,40.8065333,0.0002083,-0.0002083,155.71586,0.00439,-0.00439,2454988.716,0.00439,-0.00439,0.0,,,,,,0.016,0.401,-0.016,13.135,0.125,-0.125,,,,313.9,6.2,-6.2,0.016213,0.000417,-0.000188,0.15947,0.00067,-0.06223,LS+MCMC,3.71,0.62,-1.0,0.2641,,,89.96,,,772.0,,,83.75,38.75,-42.76,24.123,0.101,-0.101,Claret (2011 A&A 529 75) ATLAS LS,0.0,0.0,0.3061,0.3279,q1_q17_dr25_koi,8.064029,31.337997,54.8,2,34.0,1.0,q1_q17_dr25_tce,11111111111111111000000000000000,0.8076,Mandel and Agol (2002 ApJ 580 171),,,001/001871/001871056/dv/kplr001871056-20160209194854_dvr.pdf,001/001871/001871056/dv/kplr001871056-001-20160209194854_dvs.pdf,6207.0,112.0,-125.0,3.963,0.195,-0.105,0.24,0.15,-0.15,2.097,0.35,-0.569,1.472,0.126,-0.198,,,,q1_q17_dr25_stellar,292.04462,37.37624,13.038,13.473,12.995,12.851,12.76,11.918,11.692,11.591,0.187,19.469644,6.4e-06,37.376,8.5e-05,0.15,0.28,-0.86,0.31,-2.2e-05,8.6e-05,9.2e-05,9.6e-05,-0.38,0.17,0.33,0.42,0.5,0.3,-0.3,0.16,0.24,0.42,0.39,0.29,kplr001871056,Kepler-264b,17,"(54, 65)","(0.015384615384615385, 0.018518518518518517)"
492,5735762,K00148.02,Kepler-48 c,CONFIRMED,Done,2018-08-16,CANDIDATE,1.0,0,0,0,0,q1_q17_dr25_sup_koi,NO_COMMENT,9.673958488,5.462e-06,-5.462e-06,125.339418,0.000466,-0.000466,2454958.339,0.000466,-0.000466,0.0,,,,,,0.194,0.132,-0.194,3.2641,0.0165,-0.0165,,,,952.7,5.8,-5.8,0.027629,0.000307,-0.000293,2.41318,0.14171,-0.39625,LS+MCMC,2.63,0.2,-0.19,0.0845,,,89.51,,,736.0,,,69.42,17.27,-14.54,22.85,1.3,-1.3,Claret (2011 A&A 529 75) ATLAS LS,0.0,0.0,0.186,0.5256,q1_q17_dr25_koi,18.597662,134.0802,178.0,3,140.0,1.0,q1_q17_dr25_tce,11111111111111111000000000000000,0.0112,Mandel and Agol (2002 ApJ 580 171),,,005/005735/005735762/dv/kplr005735762-20160209194854_dvr.pdf,005/005735/005735762/dv/kplr005735762-001-20160209194854_dvs.pdf,5192.0,103.0,-103.0,4.489,0.066,-0.054,0.18,0.15,-0.15,0.873,0.065,-0.065,0.856,0.05,-0.041,,,,q1_q17_dr25_stellar,299.13922,40.94902,13.04,13.692,13.009,12.761,12.692,11.702,11.292,11.221,0.0,19.9426215,2.2e-06,40.94892,2.3e-05,0.305,0.089,-0.361,0.081,-0.000265,8.7e-05,-4.4e-05,8.1e-05,0.2,0.11,0.112,0.092,0.23,0.1,0.24,0.1,-0.19,0.1,0.303,0.099,kplr005735762,Kepler-48c,14,"(31, 37)","(0.02702702702702703, 0.03225806451612903)"
506,5780460,K01005.01,Kepler-747 b,CONFIRMED,Done,2018-08-16,CANDIDATE,1.0,0,0,0,0,q1_q17_dr25_sup_koi,NO_COMMENT,35.61760233,5.29e-05,-5.29e-05,197.03573,0.0011,-0.0011,2455030.036,0.0011,-0.0011,0.0,,,,,,0.009,0.228,-0.009,8.4559,0.0435,-0.0435,,,,4634.9,34.2,-34.2,0.060738,0.000631,-0.000249,0.59321,0.0057,-0.07149,LS+MCMC,5.17,0.53,-0.59,0.1916,,,89.98,,,456.0,,,10.19,3.91,-3.0,34.137,0.328,-0.328,Claret (2011 A&A 529 75) ATLAS LS,0.0,0.0,0.1646,0.5508,q1_q17_dr25_koi,26.450901,123.23527,155.0,1,34.0,1.0,q1_q17_dr25_tce,01111111111111111000000000000000,0.6635,Mandel and Agol (2002 ApJ 580 171),,,005/005780/005780460/dv/kplr005780460-20160209194854_dvr.pdf,005/005780/005780460/dv/kplr005780460-001-20160209194854_dvs.pdf,5123.0,168.0,-138.0,4.523,0.084,-0.063,-0.2,0.3,-0.3,0.779,0.08,-0.088,0.737,0.103,-0.051,,,,q1_q17_dr25_stellar,288.4165,41.0298,15.703,16.443,15.653,15.386,15.22,14.241,13.792,13.63,0.0,19.2277718,1.9e-06,41.029844,2.1e-05,0.183,0.079,0.158,0.077,0.00296,0.00064,-0.00037,0.00078,-0.512,0.09,-0.192,0.087,0.55,0.1,0.02,0.1,0.1,0.087,0.103,0.096,kplr005780460,Kepler-747b,10,"(15, 18)","(0.05555555555555555, 0.06666666666666667)"
510,10272640,K01074.01,Kepler-762 b,CONFIRMED,Done,2018-08-16,CANDIDATE,1.0,0,0,0,0,q1_q17_dr25_sup_koi,NO_COMMENT,3.770551475,4.869e-06,-4.869e-06,357.11836,0.000904,-0.000904,2455190.118,0.000904,-0.000904,0.0,,,,,,0.053,0.212,-0.053,3.8077,0.038,-0.038,,,,12440.0,144.0,-144.0,0.102677,0.001103,-0.000637,0.77649,0.01765,-0.09327,LS+MCMC,12.05,4.08,-1.35,0.0493,,,89.64,,,1302.0,,,679.75,678.84,-228.09,8.357,0.19,-0.19,Claret (2011 A&A 529 75) ATLAS LS,0.0,0.0,0.302,0.319,q1_q17_dr25_koi,55.306347,655.8089,100.8,1,305.0,1.0,q1_q17_dr25_tce,00011111111111111000000000000000,0.1675,Mandel and Agol (2002 ApJ 580 171),,,010/010272/010272640/dv/kplr010272640-20160209194854_dvr.pdf,010/010272/010272640/dv/kplr010272640-001-20160209194854_dvs.pdf,6322.0,175.0,-263.0,4.426,0.056,-0.21,-0.12,0.25,-0.3,1.075,0.364,-0.121,1.124,0.164,-0.148,,,,q1_q17_dr25_stellar,291.27563,47.329491,15.439,15.855,15.39,15.261,15.206,14.275,13.963,13.969,0.0,19.41837588,4.6e-07,47.3295194,4.3e-06,-0.004,0.017,0.106,0.015,-0.00122,0.00068,0.00051,0.00097,0.002,0.067,-0.005,0.067,0.005,0.067,0.024,0.067,0.133,0.07,0.135,0.07,kplr010272640,Kepler-762b,8,"(10, 12)","(0.08333333333333333, 0.1)"
519,9480189,K00941.01,Kepler-257 c,CONFIRMED,Done,2018-08-16,CANDIDATE,1.0,0,0,0,0,q1_q17_dr25_sup_koi,NO_COMMENT,6.581477136,5.485e-06,-5.485e-06,174.787814,0.00063,-0.00063,2455007.788,0.00063,-0.00063,0.0,,,,,,0.137,0.314,-0.137,3.0896,0.0368,-0.0368,,,,2318.9,22.1,-22.1,0.042884,0.001317,-0.000496,2.08376,0.1235,-0.56764,LS+MCMC,4.56,1.56,-0.72,0.0656,,,89.53,,,881.0,,,142.63,149.93,-53.12,16.835,0.998,-0.998,Claret (2011 A&A 529 75) ATLAS LS,0.0,0.0,0.1828,0.5324,q1_q17_dr25_koi,14.102539,104.35038,116.2,3,166.0,1.0,q1_q17_dr25_tce,11111101110111011000000000000000,0.4281,Mandel and Agol (2002 ApJ 580 171),,,009/009480/009480189/dv/kplr009480189-20160209194854_dvr.pdf,009/009480/009480189/dv/kplr009480189-001-20160209194854_dvs.pdf,5188.0,171.0,-155.0,4.4,0.14,-0.26,0.32,0.15,-0.25,0.973,0.333,-0.154,0.868,0.073,-0.06,,,,q1_q17_dr25_stellar,297.31598,46.023258,15.471,16.26,15.398,15.133,14.977,13.916,13.448,13.372,0.529,19.8210626,2.9e-06,46.023241,3.1e-05,-0.13,0.11,-0.07,0.11,-8e-05,0.00028,0.00015,0.00031,0.095,0.096,0.006,0.09,0.095,0.097,0.089,0.085,0.065,0.089,0.11,0.095,kplr009480189,Kepler-257c,12,"(22, 26)","(0.038461538461538464, 0.045454545454545456)"
520,11974540,K00129.01,Kepler-470 b,CONFIRMED,Done,2018-08-16,FALSE POSITIVE,1.0,0,1,0,0,q1_q17_dr25_sup_koi,NO_COMMENT,24.669192732,7.569e-06,-7.569e-06,132.864236,0.000258,-0.000258,2454965.864,0.000258,-0.000258,0.0,,,,,,0.073,0.096,-0.05,7.03515,0.00754,-0.00754,,,,7382.3,13.7,-13.7,0.076351,4.3e-05,-0.000126,0.74047,0.00762,-0.00087,LS+MCMC,77.76,21.27,-31.9,0.2322,,,89.85,,,1485.0,,,1150.61,1220.73,-925.51,28.773,0.296,-0.296,Claret (2011 A&A 529 75) ATLAS LS,0.0,0.0,0.1958,0.5281,q1_q17_dr25_koi,88.01822,431.7975,603.0,2,54.0,1.0,q1_q17_dr25_tce,11111111111111111000000000000000,0.0019,Mandel and Agol (2002 ApJ 580 171),,,011/011974/011974540/dv/kplr011974540-20160209194854_dvr.pdf,011/011974/011974540/dv/kplr011974540-001-20160209194854_dvs.pdf,5313.0,328.0,-712.0,2.936,0.18,-0.18,0.56,0.05,-0.15,9.327,2.551,-3.826,2.736,0.172,-1.463,,,,q1_q17_dr25_stellar,297.00943,50.372318,13.224,13.484,13.17,13.113,13.089,12.269,12.042,12.034,0.0,19.80063237,3.7e-07,50.3723812,3.7e-06,0.126,0.013,0.22,0.013,0.0018,0.00031,-0.00071,0.00048,-0.195,0.071,0.127,0.072,0.233,0.071,-0.005,0.072,0.016,0.079,0.017,0.078,kplr011974540,Kepler-470b,9,"(12, 15)","(0.06666666666666667, 0.08333333333333333)"
522,9480189,K00941.03,Kepler-257 d,CONFIRMED,Done,2018-08-16,CANDIDATE,1.0,0,0,0,0,q1_q17_dr25_sup_koi,NO_COMMENT,24.66461416,4.062e-05,-4.062e-05,189.02031,0.00112,-0.00112,2455022.02,0.00112,-0.00112,0.0,,,,,,0.8,0.061,-0.567,2.8579,0.0617,-0.0617,,,,2398.8,46.8,-46.8,0.050261,0.00235,-0.005664,2.81619,7.47674,-0.21484,LS+MCMC,5.34,1.83,-0.84,0.1582,,,88.98,,,567.0,,,24.53,25.78,-9.14,44.9,19.9,-19.9,Claret (2011 A&A 529 75) ATLAS LS,0.0,0.0,0.1828,0.5324,q1_q17_dr25_koi,11.618548,51.427,56.7,3,43.0,2.0,q1_q17_dr25_tce,11111101110111011000000000000000,0.5678,Mandel and Agol (2002 ApJ 580 171),,,009/009480/009480189/dv/kplr009480189-20160209194854_dvr.pdf,009/009480/009480189/dv/kplr009480189-002-20160209194854_dvs.pdf,5188.0,171.0,-155.0,4.4,0.14,-0.26,0.32,0.15,-0.25,0.973,0.333,-0.154,0.868,0.073,-0.06,,,,q1_q17_dr25_stellar,297.31598,46.023258,15.471,16.26,15.398,15.133,14.977,13.916,13.448,13.372,0.645,19.8210586,6.1e-06,46.023281,6.4e-05,-0.28,0.23,0.08,0.23,0.00027,0.0006,-0.00018,0.00066,0.07,0.1,0.0,0.13,0.07,0.1,0.07,0.12,0.06,0.18,0.09,0.18,kplr009480189,Kepler-257d,11,"(18, 22)","(0.045454545454545456, 0.05555555555555555)"
523,9512687,K00942.01,Kepler-735 b,CONFIRMED,Done,2018-08-16,CANDIDATE,1.0,0,0,0,0,q1_q17_dr25_sup_koi,NO_COMMENT,11.51517167,1.566e-05,-1.566e-05,174.85855,0.00106,-0.00106,2455007.859,0.00106,-0.00106,0.0,,,,,,0.311,0.124,-0.311,2.006,0.0382,-0.0382,,,,1357.4,30.3,-30.3,0.033306,0.000724,-0.000942,11.51706,2.74017,-2.12313,LS+MCMC,2.9,0.4,-0.19,0.0965,,,89.59,,,657.0,,,43.96,19.8,-10.12,43.2,10.3,-10.3,Claret (2011 A&A 529 75) ATLAS LS,0.0,0.0,0.186,0.5256,q1_q17_dr25_koi,7.9626484,44.959515,53.2,1,115.0,1.0,q1_q17_dr25_tce,11111111111111111000000000000000,0.661,Mandel and Agol (2002 ApJ 580 171),,,009/009512/009512687/dv/kplr009512687-20160209194854_dvr.pdf,009/009512/009512687/dv/kplr009512687-001-20160209194854_dvs.pdf,5177.0,155.0,-155.0,4.59,0.024,-0.102,0.21,0.2,-0.3,0.798,0.108,-0.054,0.91,0.047,-0.093,,,,q1_q17_dr25_stellar,284.68887,46.172249,15.386,16.099,15.302,15.08,14.934,13.94,13.496,13.453,0.383,18.9792553,6.7e-06,46.17216,6.7e-05,-0.12,0.25,-0.32,0.24,0.00031,0.00036,0.00015,0.00037,0.059,0.093,-0.09,0.14,0.11,0.14,0.022,0.089,-0.32,0.14,0.32,0.15,kplr009512687,Kepler-735b,13,"(26, 31)","(0.03225806451612903, 0.038461538461538464)"
524,8644288,K00137.01,Kepler-18 c,CONFIRMED,Done,2018-08-16,CANDIDATE,1.0,0,0,0,0,q1_q17_dr25_sup_koi,NO_COMMENT,7.641567589,1.769e-06,-1.769e-06,135.407564,0.000191,-0.000191,2454968.408,0.000191,-0.000191,0.0,,,,,,0.027,0.167,-0.027,3.41018,0.00733,-0.00733,,,,2269.7,5.8,-5.8,0.042627,0.000225,-8.6e-05,1.8432,0.00251,-0.17169,LS+MCMC,4.91,0.3,-0.33,0.0729,,,89.91,,,899.0,,,154.25,34.59,-27.39,17.8523,0.0243,-0.0243,Claret (2011 A&A 529 75) ATLAS LS,0.0,0.0,0.186,0.5256,q1_q17_dr25_koi,44.18071,366.27887,437.5,3,175.0,2.0,q1_q17_dr25_tce,11111111111111111000000000000000,0.9612,Mandel and Agol (2002 ApJ 580 171),,,008/008644/008644288/dv/kplr008644288-20160209194854_dvr.pdf,008/008644/008644288/dv/kplr008644288-002-20160209194854_dvs.pdf,5356.0,112.0,-72.0,4.338,0.065,-0.04,0.2,0.15,-0.1,1.055,0.065,-0.072,0.882,0.056,-0.025,,,,q1_q17_dr25_stellar,298.07944,44.746319,13.549,14.16,13.479,13.287,13.187,12.189,11.873,11.756,,19.8719601,1e-06,44.7462863,9.6e-06,-0.121,0.038,-0.121,0.035,,,0.000164,9.5e-05,0.022,0.069,-0.025,0.075,0.034,0.071,0.06,0.071,-0.166,0.075,0.177,0.073,kplr008644288,Kepler-18c,12,"(22, 26)","(0.038461538461538464, 0.045454545454545456)"
531,5446285,K00142.01,Kepler-88 b,CONFIRMED,Done,2018-08-16,CANDIDATE,,0,0,0,0,q1_q17_dr25_sup_koi,,10.916108342,4.875e-06,-4.875e-06,133.009227,0.000349,-0.000349,2454966.009,0.000349,-0.000349,0.0,,,,,,0.7699,0.0632,-0.3396,3.6496,0.0646,-0.0646,,,,1479.0,6.8,-6.8,0.038633,0.000411,-0.003097,0.64466,1.13007,-0.22247,MCMC,3.93,0.66,-0.15,0.098,,,87.09,,,758.0,,,78.19,34.99,-11.75,15.95,7.0,-7.0,Claret (2011 A&A 529 75) ATLAS LS,0.0,0.0,0.2277,0.4653,q1_q16_koi,,,302.2,2,,,,,,Mandel and Agol (2002 ApJ 580 171),,,,,5575.0,82.0,-116.0,4.521,0.019,-0.153,0.36,0.08,-0.15,0.932,0.157,-0.036,1.051,0.053,-0.079,,,,stellar_q1_q16,291.14807,40.669399,13.113,13.623,13.038,12.895,12.832,11.882,11.517,11.454,,,,,,,,,,,,,,,,,,,,,,,,,,kplr005446285,Kepler-88b,13,"(26, 31)","(0.03225806451612903, 0.038461538461538464)"
536,5735762,K00148.03,Kepler-48 d,CONFIRMED,Done,2018-08-16,CANDIDATE,0.998,0,0,0,0,q1_q17_dr25_sup_koi,NO_COMMENT,42.89645024,9.431e-05,-9.431e-05,146.0613,0.00186,-0.00186,2454979.061,0.00186,-0.00186,0.0,,,,,,0.007,0.397,-0.007,5.6897,0.056,-0.056,,,,555.3,8.6,-8.6,0.02097,0.000602,-0.00023,2.09055,0.09495,-0.49767,LS+MCMC,2.0,0.15,-0.15,0.2279,,,89.99,,,448.0,,,9.54,2.38,-1.99,58.81,2.7,-2.7,Claret (2011 A&A 529 75) ATLAS LS,0.0,0.0,0.186,0.5256,q1_q17_dr25_koi,13.863696,44.07612,66.8,3,30.0,3.0,q1_q17_dr25_tce,11111111111111111000000000000000,0.1089,Mandel and Agol (2002 ApJ 580 171),,,005/005735/005735762/dv/kplr005735762-20160209194854_dvr.pdf,005/005735/005735762/dv/kplr005735762-003-20160209194854_dvs.pdf,5192.0,103.0,-103.0,4.489,0.066,-0.054,0.18,0.15,-0.15,0.873,0.065,-0.065,0.856,0.05,-0.041,,,,q1_q17_dr25_stellar,299.13922,40.94902,13.04,13.692,13.009,12.761,12.692,11.702,11.292,11.221,0.03,19.9426175,6.2e-06,40.948995,6.4e-05,0.14,0.25,-0.09,0.23,-6e-05,0.00014,-0.00018,0.00013,-0.3,0.16,0.05,0.14,0.31,0.16,-0.26,0.15,-0.22,0.17,0.34,0.17,kplr005735762,Kepler-48d,16,"(45, 54)","(0.018518518518518517, 0.022222222222222223)"
541,9513865,K00943.01,Kepler-736 b,CONFIRMED,Done,2018-08-16,CANDIDATE,1.0,0,0,0,0,q1_q17_dr25_sup_koi,NO_COMMENT,3.601465336,5.941e-06,-5.941e-06,171.99184,0.00126,-0.00126,2455004.992,0.00126,-0.00126,0.0,,,,,,0.021,0.412,-0.021,2.2753,0.0456,-0.0456,,,,777.7,18.1,-18.1,0.024764,0.000907,-0.000389,2.78265,0.12685,-0.91652,LS+MCMC,2.31,0.11,-0.18,0.0428,,,89.9,,,996.0,,,232.65,38.84,-46.04,12.403,0.565,-0.565,Claret (2011 A&A 529 75) ATLAS LS,0.0,0.0,0.1451,0.582,q1_q17_dr25_koi,4.964727,42.125446,50.7,1,370.0,1.0,q1_q17_dr25_tce,11111111111111111000000000000000,0.3848,Mandel and Agol (2002 ApJ 580 171),,,009/009513/009513865/dv/kplr009513865-20160209194854_dvr.pdf,009/009513/009513865/dv/kplr009513865-001-20160209194854_dvs.pdf,5052.0,83.0,-75.0,4.48,0.077,-0.033,0.16,0.15,-0.15,0.855,0.039,-0.066,0.805,0.056,-0.026,,,,q1_q17_dr25_stellar,285.39133,46.180939,15.733,16.392,15.672,15.451,15.344,14.385,14.017,13.82,0.849,19.0260845,7.4e-06,46.180971,7.6e-05,-0.13,0.28,0.11,0.27,9e-05,0.00022,-3e-05,0.00022,0.018,0.092,0.19,0.11,0.19,0.11,-0.012,0.098,0.23,0.11,0.23,0.11,kplr009513865,Kepler-736b,15,"(37, 45)","(0.022222222222222223, 0.02702702702702703)"
550,8158127,K01015.01,Kepler-750 b,CONFIRMED,Done,2018-08-16,CANDIDATE,1.0,0,0,0,0,q1_q17_dr25_sup_koi,NO_COMMENT,9.42889884,2.354e-05,-2.354e-05,140.1046,0.00202,-0.00202,2454973.105,0.00202,-0.00202,0.0,,,,,,0.011,0.386,-0.011,4.4481,0.0582,-0.0582,,,,565.4,12.0,-12.0,0.021623,0.000558,-0.00026,0.9652,0.01586,-0.2742,LS+MCMC,4.39,0.61,-1.13,0.093,,,89.96,,,1163.0,,,432.9,159.68,-207.44,16.554,0.272,-0.272,Claret (2011 A&A 529 75) ATLAS LS,0.0,0.0,0.2865,0.3671,q1_q17_dr25_koi,8.067658,38.593414,50.4,3,75.0,1.0,q1_q17_dr25_tce,10101010101010101000000000000000,0.8115,Mandel and Agol (2002 ApJ 580 171),,,008/008158/008158127/dv/kplr008158127-20160209194854_dvr.pdf,008/008158/008158127/dv/kplr008158127-001-20160209194854_dvs.pdf,5897.0,79.0,-79.0,3.98,0.203,-0.072,0.16,0.15,-0.15,1.86,0.259,-0.481,1.204,0.133,-0.133,,,,q1_q17_dr25_stellar,289.09689,44.004379,14.5,14.854,14.452,14.349,14.334,13.463,13.212,13.103,0.041,19.2731199,7.5e-06,44.004435,6.7e-05,-0.21,0.29,0.2,0.24,6e-05,0.00016,-0.0002,0.00014,-0.16,0.12,0.1,0.3,0.19,0.24,-0.38,0.12,-0.04,0.31,0.38,0.11,kplr008158127,Kepler-750b,16,"(45, 54)","(0.018518518518518517, 0.022222222222222223)"
562,9710326,K00947.01,Kepler-737 b,CONFIRMED,Done,2018-08-16,CANDIDATE,1.0,0,0,0,0,q1_q17_dr25_sup_koi,NO_COMMENT,28.59914031,5.489e-05,-5.489e-05,189.92667,0.00157,-0.00157,2455022.927,0.00157,-0.00157,0.0,,,,,,0.009,0.374,-0.009,3.6567,0.0556,-0.0556,,,,1585.1,33.9,-33.9,0.036375,0.000836,-0.000464,5.49136,0.19386,-1.32001,LS+MCMC,1.83,0.16,-0.21,0.1422,,,89.99,,,298.0,,,1.87,0.52,-0.53,61.92,2.2,-2.2,Claret (2011 A&A 529 75) ATLAS LS,0.0,0.0,0.4418,0.2405,q1_q17_dr25_koi,12.458175,45.70763,53.8,1,44.0,1.0,q1_q17_dr25_tce,11111111111111111000000000000000,0.2198,Mandel and Agol (2002 ApJ 580 171),,,009/009710/009710326/dv/kplr009710326-20160209194854_dvr.pdf,009/009710/009710326/dv/kplr009710326-001-20160209194854_dvs.pdf,3755.0,75.0,-84.0,4.781,0.063,-0.031,-0.26,0.15,-0.15,0.461,0.04,-0.053,0.47,0.038,-0.046,,,,q1_q17_dr25_stellar,291.86285,46.42926,15.19,16.649,15.261,14.564,14.11,12.91,12.293,12.097,0.869,19.4575217,6e-06,46.429201,6.5e-05,-0.04,0.22,-0.21,0.23,-3e-05,0.00038,-0.00011,0.00042,0.13,0.12,-0.06,0.11,0.15,0.11,0.13,0.12,-0.33,0.1,0.35,0.11,kplr009710326,Kepler-737b,13,"(26, 31)","(0.03225806451612903, 0.038461538461538464)"
565,9766437,K00949.01,Kepler-739 b,CONFIRMED,Done,2018-08-16,CANDIDATE,1.0,0,0,0,0,q1_q17_dr25_sup_koi,NO_COMMENT,12.53248222,2.23e-05,-2.23e-05,170.76535,0.00137,-0.00137,2455003.765,0.00137,-0.00137,0.0,,,,,,0.668,0.05,-0.481,4.0168,0.0646,-0.0646,,,,1145.9,19.7,-19.7,0.032795,0.002946,-0.00159,0.79997,0.82147,-0.56759,LS+MCMC,3.24,0.94,-0.32,0.1054,,,87.96,,,775.0,,,85.15,72.99,-24.49,18.8,6.4,-6.4,Claret (2011 A&A 529 75) ATLAS LS,0.0,0.0,0.2916,0.3447,q1_q17_dr25_koi,8.301914,52.609734,66.7,1,109.0,1.0,q1_q17_dr25_tce,11111111111111111000000000000000,0.4105,Mandel and Agol (2002 ApJ 580 171),,,009/009766/009766437/dv/kplr009766437-20160209194854_dvr.pdf,009/009766/009766437/dv/kplr009766437-001-20160209194854_dvs.pdf,5997.0,162.0,-198.0,4.522,0.048,-0.192,-0.22,0.3,-0.3,0.904,0.264,-0.088,0.991,0.121,-0.133,,,,q1_q17_dr25_stellar,290.06799,46.57914,15.485,15.959,15.434,15.282,15.207,14.265,13.878,13.847,0.775,19.3378694,7.1e-06,46.579107,6.3e-05,0.12,0.26,-0.12,0.23,5e-05,0.0003,9e-05,0.00027,0.039,0.089,0.018,0.099,0.042,0.088,0.039,0.091,0.11,0.1,0.117,0.094,kplr009766437,Kepler-739b,13,"(26, 31)","(0.03225806451612903, 0.038461538461538464)"
567,9775938,K00951.01,Kepler-258 b,CONFIRMED,Done,2018-08-16,CANDIDATE,1.0,0,0,0,0,q1_q17_dr25_sup_koi,CENT_KIC_POS,13.19720694,1.212e-05,-1.212e-05,171.545479,0.000712,-0.000712,2455004.545,0.000712,-0.000712,0.0,,,,,,0.568,0.028,-0.462,3.4872,0.0489,-0.0489,,,,2141.4,20.2,-20.2,0.043296,0.000428,-0.00254,1.76179,1.20162,-0.07686,LS+MCMC,4.18,4.82,-0.6,0.1027,,,88.71,,,642.0,,,40.03,168.4,-14.02,25.31,8.6,-8.6,Claret (2011 A&A 529 75) ATLAS LS,0.0,0.0,0.1324,0.6039,q1_q17_dr25_koi,20.914078,103.2579,116.2,2,103.0,1.0,q1_q17_dr25_tce,11111111111111111000000000000000,0.175,Mandel and Agol (2002 ApJ 580 171),,,009/009775/009775938/dv/kplr009775938-20160209194854_dvr.pdf,009/009775/009775938/dv/kplr009775938-001-20160209194854_dvs.pdf,4954.0,148.0,-148.0,4.462,0.102,-0.578,0.44,0.05,-0.3,0.885,1.019,-0.127,0.827,0.057,-0.047,,,,q1_q17_dr25_stellar,294.06848,46.57933,15.223,16.1,15.148,14.847,14.677,13.556,13.086,12.956,0.442,19.6045595,2.8e-06,46.579189,3.3e-05,-0.24,0.1,-0.51,0.12,0.00016,0.00025,-0.00013,0.0003,0.022,0.072,0.012,0.088,0.026,0.081,-0.154,0.073,-0.502,0.09,0.525,0.091,kplr009775938,Kepler-258b,12,"(22, 26)","(0.038461538461538464, 0.045454545454545456)"
568,8644288,K00137.02,Kepler-18 d,CONFIRMED,Done,2018-08-16,CANDIDATE,1.0,0,0,0,0,q1_q17_dr25_sup_koi,NO_COMMENT,14.85890852,3.808e-06,-3.808e-06,128.154869,0.000217,-0.000217,2454961.155,0.000217,-0.000217,0.0,,,,,,0.255,0.052,-0.225,3.5252,0.0133,-0.0133,,,,3269.0,7.7,-7.7,0.05159,7.5e-05,-0.00057,3.04001,0.30277,-0.22793,LS+MCMC,5.94,0.37,-0.4,0.1136,,,89.56,,,720.0,,,63.52,14.25,-11.28,32.86,3.3,-3.3,Claret (2011 A&A 529 75) ATLAS LS,0.0,0.0,0.186,0.5256,q1_q17_dr25_koi,85.15475,399.39264,456.8,3,93.0,1.0,q1_q17_dr25_tce,11111111111111111000000000000000,0.1972,Mandel and Agol (2002 ApJ 580 171),,,008/008644/008644288/dv/kplr008644288-20160209194854_dvr.pdf,008/008644/008644288/dv/kplr008644288-001-20160209194854_dvs.pdf,5356.0,112.0,-72.0,4.338,0.065,-0.04,0.2,0.15,-0.1,1.055,0.065,-0.072,0.882,0.056,-0.025,,,,q1_q17_dr25_stellar,298.07944,44.746319,13.549,14.16,13.479,13.287,13.187,12.189,11.873,11.756,,19.87196126,9.5e-07,44.7462847,9.1e-06,-0.078,0.036,-0.127,0.033,,,0.00026,0.00015,0.038,0.072,-0.021,0.077,0.043,0.072,0.072,0.073,-0.141,0.079,0.159,0.079,kplr008644288,Kepler-18d,11,"(18, 22)","(0.045454545454545456, 0.05555555555555555)"
580,3835670,K00149.01,Kepler-473 b,CONFIRMED,Done,2018-08-16,CANDIDATE,1.0,0,0,0,0,q1_q17_dr25_sup_koi,NO_COMMENT,14.55730897,1.395e-05,-1.395e-05,145.095012,0.00076,-0.00076,2454978.095,0.00076,-0.00076,0.0,,,,,,0.036,0.284,-0.036,7.7643,0.0289,-0.0289,,,,956.9,5.5,-5.5,0.028038,0.000359,-0.000124,0.28517,0.00031,-0.0541,LS+MCMC,4.32,0.71,-0.86,0.1186,,,89.86,,,879.0,,,141.0,65.83,-57.18,14.7277,0.016,-0.016,Claret (2011 A&A 529 75) ATLAS LS,0.0,0.0,0.2638,0.4046,q1_q17_dr25_koi,24.26661,170.09213,200.0,1,95.0,1.0,q1_q17_dr25_tce,11111111111111111000000000000000,0.5731,Mandel and Agol (2002 ApJ 580 171),,,003/003835/003835670/dv/kplr003835670-20160209194854_dvr.pdf,003/003835/003835670/dv/kplr003835670-001-20160209194854_dvs.pdf,5774.0,115.0,-104.0,4.159,0.168,-0.098,0.14,0.15,-0.15,1.412,0.232,-0.283,1.048,0.112,-0.074,,,,q1_q17_dr25_stellar,286.6301,38.945599,13.397,13.935,13.359,13.167,13.075,12.121,11.795,11.731,0.859,19.1086711,1.7e-06,38.945612,2.5e-05,-0.066,0.071,0.043,0.09,-1.3e-05,7e-05,-2.1e-05,8.8e-05,-0.079,0.093,0.02,0.11,0.081,0.094,-0.19,0.092,0.15,0.14,0.24,0.1,kplr003835670,Kepler-473b,14,"(31, 37)","(0.02702702702702703, 0.03225806451612903)"
587,9787239,K00952.01,Kepler-32 b,CONFIRMED,Done,2018-08-16,CANDIDATE,1.0,0,0,0,0,q1_q17_dr25_sup_koi,NO_COMMENT,5.90127815,7.03e-06,-7.03e-06,171.40674,0.000884,-0.000884,2455004.407,0.000884,-0.000884,0.0,,,,,,0.03,0.288,-0.03,2.1979,0.0307,-0.0307,,,,1525.2,28.9,-28.9,0.035599,0.000592,-0.000461,5.20598,0.1188,-1.15943,LS+MCMC,1.94,0.13,-0.2,0.051,,,89.92,,,514.0,,,16.54,3.85,-4.36,21.241,0.485,-0.485,Claret (2011 A&A 529 75) ATLAS LS,0.0,0.0,0.3037,0.4224,q1_q17_dr25_koi,8.185381,44.165905,56.6,5,176.0,1.0,q1_q17_dr25_tce,11111101110111011000000000000000,0.6188,Mandel and Agol (2002 ApJ 580 171),,,009/009787/009787239/dv/kplr009787239-20160209194854_dvr.pdf,009/009787/009787239/dv/kplr009787239-001-20160209194854_dvs.pdf,3731.0,73.0,-83.0,4.75,0.052,-0.028,-0.02,0.15,-0.15,0.498,0.034,-0.051,0.509,0.036,-0.045,,,,q1_q17_dr25_stellar,297.84241,46.574268,15.801,17.251,15.913,15.179,14.797,13.616,12.901,12.757,0.0,19.8561603,5.7e-06,46.574263,5.8e-05,0.01,0.21,-0.02,0.21,-0.00149,0.00036,-1e-05,0.00038,0.22,0.2,-0.04,0.19,0.22,0.2,-0.06,0.2,0.25,0.18,0.26,0.19,kplr009787239,Kepler-32b,13,"(26, 31)","(0.03225806451612903, 0.038461538461538464)"
596,2715135,K01024.01,Kepler-753 b,CONFIRMED,Done,2018-08-16,CANDIDATE,1.0,0,0,0,0,q1_q17_dr25_sup_koi,NO_COMMENT,5.747711909,7.488e-06,-7.488e-06,133.29939,0.00111,-0.00111,2454966.299,0.00111,-0.00111,0.0,,,,,,0.575,0.051,-0.454,1.8923,0.04,-0.04,,,,820.1,18.5,-18.5,0.026906,0.004081,-0.001348,4.41767,3.42545,-0.32004,LS+MCMC,1.86,0.07,-0.09,0.054,,,88.33,,,641.0,,,40.07,6.76,-6.61,19.76,7.7,-7.7,Claret (2011 A&A 529 75) ATLAS LS,0.0,0.0,0.0853,0.6656,q1_q17_dr25_koi,6.801377,44.489746,51.7,1,231.0,1.0,q1_q17_dr25_tce,11111111111111111000000000000000,0.5342,Mandel and Agol (2002 ApJ 580 171),,,002/002715/002715135/dv/kplr002715135-20160209194854_dvr.pdf,002/002715/002715135/dv/kplr002715135-001-20160209194854_dvs.pdf,4252.0,84.0,-84.0,4.64,0.03,-0.017,-0.06,0.15,-0.15,0.632,0.025,-0.031,0.637,0.032,-0.032,,,,q1_q17_dr25_stellar,291.90326,37.90229,14.496,15.657,14.46,13.999,13.752,12.608,11.966,11.875,0.0,19.4602199,5e-06,37.902232,6.2e-05,0.08,0.21,-0.21,0.22,-0.00011,0.00018,0.00042,0.00019,0.07,0.14,-0.06,0.19,0.1,0.19,-0.21,0.13,0.29,0.15,0.35,0.15,kplr002715135,Kepler-753b,15,"(37, 45)","(0.022222222222222223, 0.02702702702702703)"
597,8644288,K00137.03,Kepler-18 b,CONFIRMED,Done,2018-08-16,CANDIDATE,1.0,0,0,0,0,q1_q17_dr25_sup_koi,NO_COMMENT,3.504691252,3.091e-06,-3.091e-06,133.511941,0.000714,-0.000714,2454966.512,0.000714,-0.000714,0.0,,,,,,0.741,0.004,-0.55,1.9811,0.0227,-0.0227,,,,315.1,5.1,-5.1,0.017643,0.001689,-0.001489,1.30835,2.15942,-0.21778,LS+MCMC,2.03,0.13,-0.14,0.0434,,,85.52,,,1165.0,,,435.21,97.61,-77.29,9.47,3.9,-3.9,Claret (2011 A&A 529 75) ATLAS LS,0.0,0.0,0.186,0.5256,q1_q17_dr25_koi,5.868426,50.787594,67.5,3,355.0,3.0,q1_q17_dr25_tce,11111111111111111000000000000000,0.6119,Mandel and Agol (2002 ApJ 580 171),,,008/008644/008644288/dv/kplr008644288-20160209194854_dvr.pdf,008/008644/008644288/dv/kplr008644288-003-20160209194854_dvs.pdf,5356.0,112.0,-72.0,4.338,0.065,-0.04,0.2,0.15,-0.1,1.055,0.065,-0.072,0.882,0.056,-0.025,,,,q1_q17_dr25_stellar,298.07944,44.746319,13.549,14.16,13.479,13.287,13.187,12.189,11.873,11.756,,19.8719585,6.7e-06,44.746421,6.5e-05,-0.18,0.26,0.36,0.24,,,-0.000117,6.7e-05,0.04,0.11,0.01,0.15,0.04,0.14,0.05,0.11,-0.13,0.15,0.13,0.13,kplr008644288,Kepler-18b,17,"(54, 65)","(0.015384615384615385, 0.018518518518518517)"
599,3247268,K01089.01,Kepler-418 b,CONFIRMED,Done,2018-08-16,CANDIDATE,0.934,0,0,0,0,q1_q17_dr25_sup_koi,NO_COMMENT,86.67856052,6.262e-05,-6.262e-05,175.597013,0.000584,-0.000584,2455008.597,0.000584,-0.000584,0.0,,,,,,0.291,0.075,-0.173,10.1289,0.0515,-0.0515,,,,8244.1,28.7,-28.7,0.083303,0.000106,-0.000883,0.79964,0.11079,-0.01818,LS+MCMC,9.83,1.48,-1.2,0.3779,,,89.76,,,434.0,,,8.41,3.54,-2.43,68.23,9.5,-9.5,Claret (2011 A&A 529 75) ATLAS LS,0.0,0.0,0.2676,0.3928,q1_q17_dr25_koi,76.46307,229.12724,318.3,2,13.0,1.0,q1_q17_dr25_tce,11111011101110111000000000000000,0.0328,Mandel and Agol (2002 ApJ 580 171),,,003/003247/003247268/dv/kplr003247268-20160209194854_dvr.pdf,003/003247/003247268/dv/kplr003247268-001-20160209194854_dvs.pdf,5822.0,105.0,-116.0,4.351,0.115,-0.115,-0.06,0.15,-0.15,1.081,0.162,-0.132,0.957,0.078,-0.056,,,,q1_q17_dr25_stellar,294.4335,38.35545,14.696,15.153,14.644,14.501,14.421,13.493,13.243,13.103,0.0,19.6289015,1.3e-06,38.355356,1.3e-05,0.034,0.057,-0.338,0.045,-0.0022,0.001,0.003,0.0012,0.023,0.069,-0.099,0.073,0.102,0.073,-0.005,0.07,0.035,0.074,0.036,0.074,kplr003247268,Kepler-418b,9,"(12, 15)","(0.06666666666666667, 0.08333333333333333)"
600,3247268,K01089.02,Kepler-418 c,CONFIRMED,Done,2018-08-16,CANDIDATE,1.0,0,0,0,0,q1_q17_dr25_sup_koi,NO_COMMENT,12.21828097,1.128e-05,-1.128e-05,140.321095,0.000745,-0.000745,2454973.321,0.000745,-0.000745,0.0,,,,,,0.778,0.027,-0.556,2.6969,0.0669,-0.0669,,,,1843.4,23.2,-23.2,0.043209,0.003588,-0.003533,1.76732,3.95424,-0.49592,LS+MCMC,5.1,0.76,-0.62,0.1024,,,88.15,,,835.0,,,114.59,48.15,-33.11,24.1,10.8,-10.8,Claret (2011 A&A 529 75) ATLAS LS,0.0,0.0,0.2676,0.3928,q1_q17_dr25_koi,17.384766,81.52411,90.1,2,84.0,2.0,q1_q17_dr25_tce,11111011101110111000000000000000,0.3073,Mandel and Agol (2002 ApJ 580 171),,,003/003247/003247268/dv/kplr003247268-20160209194854_dvr.pdf,003/003247/003247268/dv/kplr003247268-002-20160209194854_dvs.pdf,5822.0,105.0,-116.0,4.351,0.115,-0.115,-0.06,0.15,-0.15,1.081,0.162,-0.132,0.957,0.078,-0.056,,,,q1_q17_dr25_stellar,294.4335,38.35545,14.696,15.153,14.644,14.501,14.421,13.493,13.243,13.103,0.0,19.6289092,3.8e-06,38.355365,3.9e-05,0.36,0.16,-0.31,0.14,-0.00108,0.00032,0.0006,0.0003,0.024,0.092,-0.149,0.087,0.151,0.083,0.005,0.099,0.001,0.083,0.01,0.1,kplr003247268,Kepler-418c,12,"(22, 26)","(0.038461538461538464, 0.045454545454545456)"
606,10354039,K01159.01,Kepler-1737 b,CONFIRMED,Done,2018-08-16,CANDIDATE,0.894,0,0,0,0,q1_q17_dr25_sup_koi,NO_COMMENT,64.617518,0.0001938,-0.0001938,166.14425,0.00236,-0.00236,2454999.144,0.00236,-0.00236,0.0,,,,,,0.9,0.018,-0.064,5.796,0.235,-0.235,,,,2486.6,50.2,-50.2,0.056124,0.000727,-0.003641,0.47169,0.24846,-0.21244,LS+MCMC,5.4,0.55,-0.61,0.297,,,88.9,,,383.0,,,5.09,1.94,-1.53,47.0,12.4,-12.4,Claret (2011 A&A 529 75) ATLAS LS,0.0,0.0,0.1405,0.5896,q1_q17_dr25_koi,17.345167,58.213543,61.9,1,16.0,1.0,q1_q17_dr25_tce,11111101110111011000000000000000,0.6614,Mandel and Agol (2002 ApJ 580 171),,,010/010354/010354039/dv/kplr010354039-20160209194854_dvr.pdf,010/010354/010354039/dv/kplr010354039-001-20160209194854_dvs.pdf,5043.0,164.0,-149.0,4.47,0.104,-0.095,0.3,0.15,-0.3,0.881,0.09,-0.099,0.834,0.068,-0.055,,,,q1_q17_dr25_stellar,297.01483,47.486431,15.332,16.143,15.263,14.984,14.843,13.843,13.314,13.18,0.255,19.8009875,6.8e-06,47.48653,7.5e-05,-0.06,0.25,0.36,0.27,0.00011,0.00068,-0.00061,0.0008,0.0,0.1,0.14,0.12,0.14,0.12,0.06,0.11,0.28,0.11,0.29,0.12,kplr010354039,Kepler-1737b,11,"(18, 22)","(0.045454545454545456, 0.05555555555555555)"
609,9820483,K00953.01,Kepler-740 b,CONFIRMED,Done,2018-08-16,CANDIDATE,1.0,0,0,0,0,q1_q17_dr25_sup_koi,NO_COMMENT,3.584101048,1.916e-06,-1.916e-06,170.427829,0.000422,-0.000422,2455003.428,0.000422,-0.000422,0.0,,,,,,0.045,0.319,-0.045,2.7316,0.0206,-0.0206,,,,2608.1,18.1,-18.1,0.046303,0.000689,-0.000371,1.70266,0.00202,-0.40969,LS+MCMC,4.66,1.34,-0.44,0.0462,,,89.76,,,1131.0,,,386.66,332.86,-109.75,10.4957,0.0125,-0.0125,Claret (2011 A&A 529 75) ATLAS LS,0.0,0.0,0.2602,0.4096,q1_q17_dr25_koi,13.598305,152.47115,166.3,1,366.0,1.0,q1_q17_dr25_tce,01111111111111111000000000000000,0.384,Mandel and Agol (2002 ApJ 580 171),,,009/009820/009820483/dv/kplr009820483-20160209194854_dvr.pdf,009/009820/009820483/dv/kplr009820483-001-20160209194854_dvs.pdf,5739.0,171.0,-188.0,4.518,0.048,-0.204,0.1,0.25,-0.3,0.922,0.264,-0.088,1.021,0.111,-0.122,,,,q1_q17_dr25_stellar,286.48227,46.692451,15.954,16.512,15.873,15.714,15.619,14.613,14.251,14.177,0.65,19.0988209,2.6e-06,46.692487,2.4e-05,0.134,0.095,0.133,0.085,-0.00017,0.00027,-1e-05,0.00027,0.02,0.072,0.015,0.072,0.025,0.074,-0.002,0.075,0.156,0.072,0.156,0.072,kplr009820483,Kepler-740b,12,"(22, 26)","(0.038461538461538464, 0.045454545454545456)"
610,9941662,K00013.01,Kepler-13 b,CONFIRMED,Done,2018-08-16,CANDIDATE,0.875,0,1,0,0,q1_q17_dr25_sup_koi,MOD_SEC_DV---PLANET_OCCULT_DV---MOD_SEC_ALT---PLANET_OCCULT_ALT---HAS_SEC_TCE---CENT_SATURATED,1.763587535,4.2e-08,-4.2e-08,120.5659254,1.99e-05,-1.99e-05,2454953.566,1.99e-05,-1.99e-05,0.0,,,,,,0.512,0.007,-0.008,3.16877,0.0029,-0.0029,,,,4590.6,1.5,-1.5,0.064717,4.7e-05,-6.3e-05,0.4004,0.00564,-0.00668,LS+MCMC,21.42,6.33,-9.48,0.0386,,,82.71,,,3559.0,,,37958.27,32770.23,-28302.96,4.0378,0.0569,-0.0569,Claret (2011 A&A 529 75) ATLAS LS,0.0,0.0,0.2912,0.2291,q1_q17_dr25_koi,480.48666,6790.604,4061.9,1,761.0,1.0,q1_q17_dr25_tce,11111111111111111000000000000000,0.7766,Mandel and Agol (2002 ApJ 580 171),,,009/009941/009941662/dv/kplr009941662-20160209194854_dvr.pdf,009/009941/009941662/dv/kplr009941662-001-20160209194854_dvs.pdf,9107.0,242.0,-443.0,3.867,0.343,-0.147,0.07,0.15,-0.7,3.031,0.895,-1.342,2.466,0.349,-0.872,,,,q1_q17_dr25_stellar,286.97119,46.868359,9.958,9.697,10.045,10.548,10.02,9.466,9.455,9.425,,19.131407833,4.9e-08,46.86855424,7.6e-07,-0.176,0.0018,0.6993,0.0027,,,,,3.6,1.1,2.76,0.34,4.53,0.93,3.0,1.0,2.33,0.35,3.8,0.84,kplr009941662,Kepler-13b,10,"(15, 18)","(0.05555555555555555, 0.06666666666666667)"
611,7778437,K00131.01,Kepler-471 b,CONFIRMED,Done,2018-08-16,CANDIDATE,1.0,0,0,0,0,q1_q17_dr25_sup_koi,NO_COMMENT,5.014234733,8.59e-07,-8.59e-07,133.174289,0.000141,-0.000141,2454966.174,0.000141,-0.000141,0.0,,,,,,0.066,0.029,-0.066,4.589,0.00525,-0.00525,,,,6536.0,9.5,-9.5,0.074468,7.1e-05,-9e-05,0.5437,0.00575,-0.00574,LS+MCMC,10.63,3.57,-1.53,0.0626,,,89.58,,,1308.0,,,692.13,665.33,-253.54,8.9737,0.0949,-0.0949,Claret (2011 A&A 529 75) ATLAS LS,0.0,0.0,0.3155,0.3031,q1_q17_dr25_koi,65.98032,782.15466,794.3,1,266.0,1.0,q1_q17_dr25_tce,11111111111111111000000000000000,0.2555,Mandel and Agol (2002 ApJ 580 171),,,007/007778/007778437/dv/kplr007778437-20160209194854_dvr.pdf,007/007778/007778437/dv/kplr007778437-001-20160209194854_dvs.pdf,6490.0,155.0,-232.0,4.32,0.067,-0.202,0.16,0.2,-0.35,1.307,0.439,-0.188,1.304,0.169,-0.187,,,,q1_q17_dr25_stellar,299.09753,43.497589,13.797,14.163,13.746,13.64,13.621,12.804,12.583,12.562,0.0,19.93983726,2.9e-07,43.4975785,2.9e-06,0.049,0.011,-0.041,0.01,-0.00229,0.00017,-0.00052,0.00022,0.042,0.069,0.041,0.073,0.059,0.072,0.022,0.069,0.055,0.073,0.059,0.074,kplr007778437,Kepler-471b,9,"(12, 15)","(0.06666666666666667, 0.08333333333333333)"
612,9823457,K00954.01,Kepler-259 b,CONFIRMED,Done,2018-08-16,CANDIDATE,1.0,0,0,0,0,q1_q17_dr25_sup_koi,NO_COMMENT,8.11528727,1.34e-05,-1.34e-05,174.52257,0.00142,-0.00142,2455007.523,0.00142,-0.00142,0.0,,,,,,0.916,0.005,-0.631,3.211,0.1,-0.1,,,,834.9,15.3,-15.3,0.031988,0.000652,-0.005034,0.22536,2.18647,-0.02795,LS+MCMC,3.1,0.9,-0.3,0.0785,,,84.3,,,879.0,,,140.92,120.76,-39.2,9.22,4.5,-4.5,Claret (2011 A&A 529 75) ATLAS LS,0.0,0.0,0.2916,0.3447,q1_q17_dr25_koi,6.911104,49.552048,59.1,2,164.0,1.0,q1_q17_dr25_tce,11111111111111111000000000000000,0.4312,Mandel and Agol (2002 ApJ 580 171),,,009/009823/009823457/dv/kplr009823457-20160209194854_dvr.pdf,009/009823/009823457/dv/kplr009823457-001-20160209194854_dvs.pdf,5926.0,160.0,-178.0,4.532,0.036,-0.204,-0.2,0.3,-0.3,0.887,0.259,-0.086,0.978,0.119,-0.119,,,,q1_q17_dr25_stellar,288.21194,46.615002,15.219,15.698,15.162,15.013,14.931,14.009,13.673,13.555,0.0,19.2141306,7.3e-06,46.615152,7.2e-05,0.07,0.27,0.55,0.26,1e-05,0.00023,-0.00051,0.00022,-0.06,0.14,-0.08,0.11,0.1,0.12,0.03,0.14,0.16,0.11,0.16,0.11,kplr009823457,Kepler-259b,14,"(31, 37)","(0.02702702702702703, 0.03225806451612903)"
619,4180280,K00144.01,Kepler-472 b,CONFIRMED,Done,2018-08-16,CANDIDATE,1.0,0,0,0,0,q1_q17_dr25_sup_koi,CENT_KIC_POS,4.176254191,1.799e-06,-1.799e-06,133.090415,0.000356,-0.000356,2454966.09,0.000356,-0.000356,0.0,,,,,,0.715,0.08,-0.486,3.6716,0.0386,-0.0386,,,,1360.1,6.2,-6.2,0.036246,0.001541,-0.002726,0.30785,0.4488,-0.0013,LS+MCMC,3.07,0.2,-0.11,0.0483,,,83.75,,,876.0,,,139.48,32.11,-20.03,6.57,3.2,-3.2,Claret (2011 A&A 529 75) ATLAS LS,0.0,0.0,0.1405,0.5896,q1_q17_dr25_koi,20.03186,218.05376,249.7,1,259.0,1.0,q1_q17_dr25_tce,11111011101110111000000000000000,0.9538,Mandel and Agol (2002 ApJ 580 171),,,004/004180/004180280/dv/kplr004180280-20160209194854_dvr.pdf,004/004180/004180280/dv/kplr004180280-001-20160209194854_dvs.pdf,4957.0,100.0,-100.0,4.594,0.014,-0.06,0.26,0.15,-0.15,0.776,0.051,-0.028,0.867,0.025,-0.056,,,,q1_q17_dr25_stellar,296.52429,39.24976,13.698,14.558,13.636,13.329,13.156,12.063,11.565,11.461,0.0,19.7683066,1.7e-06,39.249783,1.7e-05,0.861,0.073,0.084,0.063,0.00068,0.0001,-1.6e-05,9.1e-05,-0.05,0.071,-0.03,0.085,0.058,0.079,0.472,0.075,0.211,0.09,0.517,0.078,kplr004180280,Kepler-472b,13,"(26, 31)","(0.03225806451612903, 0.038461538461538464)"
625,7626506,K00150.01,Kepler-112 b,CONFIRMED,Done,2018-08-16,CANDIDATE,1.0,0,0,0,0,q1_q17_dr25_sup_koi,NO_COMMENT,8.408878137,6.128e-06,-6.128e-06,134.006366,0.000606,-0.000606,2454967.006,0.000606,-0.000606,0.0,,,,,,0.018,0.307,-0.018,3.4967,0.0196,-0.0196,,,,798.9,6.1,-6.1,0.025693,0.000347,-0.000142,1.79186,0.02953,-0.29581,LS+MCMC,2.28,0.19,-0.2,0.0744,,,89.95,,,809.0,,,101.22,28.04,-23.26,18.85,0.311,-0.311,Claret (2011 A&A 529 75) ATLAS LS,0.0,0.0,0.2665,0.398,q1_q17_dr25_koi,16.77422,132.78516,147.2,2,162.0,1.0,q1_q17_dr25_tce,11111111111111111000000000000000,0.8981,Mandel and Agol (2002 ApJ 580 171),,,007/007626/007626506/dv/kplr007626506-20160209194854_dvr.pdf,007/007626/007626506/dv/kplr007626506-001-20160209194854_dvs.pdf,5551.0,111.0,-111.0,4.508,0.077,-0.063,-0.42,0.15,-0.15,0.812,0.07,-0.07,0.776,0.058,-0.039,,,,q1_q17_dr25_stellar,296.98102,43.209751,13.771,14.282,13.739,13.552,13.448,12.583,12.226,12.155,0.0,19.7987372,2.2e-06,43.209853,2.7e-05,0.127,0.085,0.372,0.097,-0.000159,6.8e-05,0.000342,7.9e-05,0.014,0.073,-0.083,0.091,0.084,0.089,0.259,0.074,-0.138,0.089,0.294,0.078,kplr007626506,Kepler-112b,15,"(37, 45)","(0.022222222222222223, 0.02702702702702703)"
628,10528068,K01162.01,Kepler-782 b,CONFIRMED,Done,2018-08-16,CANDIDATE,0.999,0,0,0,0,q1_q17_dr25_sup_koi,NO_COMMENT,158.6850022,0.000466,-0.000466,173.94993,0.00207,-0.00207,2455006.95,0.00207,-0.00207,0.0,,,,,,0.034,0.38,-0.034,11.5372,0.0794,-0.0794,,,,898.3,10.5,-10.5,0.027275,0.000603,-0.000218,0.94331,0.02368,-0.23406,LS+MCMC,3.08,0.44,-0.49,0.5444,,,89.98,,,350.0,,,3.53,1.43,-1.2,107.88,2.7,-2.7,Claret (2011 A&A 529 75) ATLAS LS,0.0,0.0,0.2787,0.3728,q1_q17_dr25_koi,39.462166,89.57583,97.4,1,9.0,1.0,q1_q17_dr25_tce,11111111111111111000000000000000,0.0002,Mandel and Agol (2002 ApJ 580 171),,,010/010528/010528068/dv/kplr010528068-20160209194854_dvr.pdf,010/010528/010528068/dv/kplr010528068-001-20160209194854_dvs.pdf,5751.0,103.0,-103.0,4.34,0.156,-0.104,-0.28,0.15,-0.15,1.034,0.149,-0.164,0.852,0.072,-0.042,,,,q1_q17_dr25_stellar,288.86823,47.75943,12.783,13.157,12.715,12.622,12.522,11.669,11.355,11.325,0.687,19.2578868,4e-06,47.759473,3.7e-05,0.17,0.15,0.15,0.13,-8e-05,0.00013,2e-05,0.00013,-0.01,0.22,-0.07,0.29,0.07,0.29,0.04,0.21,0.09,0.3,0.1,0.29,kplr010528068,Kepler-782b,15,"(37, 45)","(0.022222222222222223, 0.02702702702702703)"
630,9825625,K00955.01,Kepler-741 b,CONFIRMED,Done,2018-08-16,CANDIDATE,1.0,0,0,0,0,q1_q17_dr25_sup_koi,NO_COMMENT,7.03902016,1.467e-05,-1.467e-05,175.73059,0.00161,-0.00161,2455008.731,0.00161,-0.00161,0.0,,,,,,0.015,0.353,-0.015,3.8633,0.0487,-0.0487,,,,529.8,11.2,-11.2,0.021176,0.000442,-0.000301,1.09896,0.03789,-0.26388,LS+MCMC,2.45,0.8,-0.27,0.0744,,,89.94,,,1051.0,,,288.92,278.92,-88.31,14.225,0.49,-0.49,Claret (2011 A&A 529 75) ATLAS LS,0.0,0.0,0.3032,0.3147,q1_q17_dr25_koi,6.543987,45.437744,54.3,1,189.0,1.0,q1_q17_dr25_tce,11111111111111111000000000000000,0.2037,Mandel and Agol (2002 ApJ 580 171),,,009/009825/009825625/dv/kplr009825625-20160209194854_dvr.pdf,009/009825/009825625/dv/kplr009825625-001-20160209194854_dvs.pdf,6321.0,169.0,-206.0,4.434,0.054,-0.216,-0.16,0.25,-0.3,1.058,0.349,-0.116,1.108,0.154,-0.139,,,,q1_q17_dr25_stellar,289.4317,46.617531,15.067,15.459,15.028,14.899,14.869,13.99,13.746,13.693,0.397,19.29546,7.7e-06,46.617503,7.7e-05,0.5,0.28,-0.1,0.28,-0.00015,0.00015,5e-05,0.00015,-0.02,0.1,0.067,0.099,0.07,0.1,0.08,0.11,0.05,0.1,0.092,0.097,kplr009825625,Kepler-741b,16,"(45, 54)","(0.018518518518518517, 0.022222222222222223)"
631,9875711,K00956.01,Kepler-742 b,CONFIRMED,Done,2018-08-16,CANDIDATE,1.0,0,0,0,0,q1_q17_dr25_sup_koi,NO_COMMENT,8.360870704,6.061e-06,-6.061e-06,175.64459,0.000571,-0.000571,2455008.645,0.000571,-0.000571,0.0,,,,,,0.494,0.002,-0.477,2.7144,0.0338,-0.0338,,,,2039.7,19.2,-19.2,0.041502,0.003912,-0.001419,2.72405,1.34098,-0.32502,LS+MCMC,3.67,0.22,-0.36,0.0744,,,88.69,,,690.0,,,53.68,14.26,-14.96,21.6,10.6,-10.6,Claret (2011 A&A 529 75) ATLAS LS,0.0,0.0,0.0989,0.6441,q1_q17_dr25_koi,13.971213,111.296486,120.9,1,159.0,1.0,q1_q17_dr25_tce,11111111111111111000000000000000,0.4975,Mandel and Agol (2002 ApJ 580 171),,,009/009875/009875711/dv/kplr009875711-20160209194854_dvr.pdf,009/009875/009875711/dv/kplr009875711-001-20160209194854_dvs.pdf,4743.0,142.0,-142.0,4.516,0.102,-0.748,0.4,0.05,-0.3,0.81,0.049,-0.079,0.786,0.045,-0.045,,,,q1_q17_dr25_stellar,283.86603,46.789589,15.223,16.182,15.143,14.812,14.633,13.496,12.962,12.817,0.0,18.924398,3.8e-06,46.789518,3.6e-05,-0.12,0.14,-0.26,0.13,-0.0005,0.0003,0.00056,0.0003,0.039,0.078,-0.019,0.072,0.043,0.08,-0.178,0.088,0.096,0.077,0.203,0.089,kplr009875711,Kepler-742b,12,"(22, 26)","(0.038461538461538464, 0.045454545454545456)"
633,1026957,K00958.01,Kepler-1731 b,CONFIRMED,Done,2018-08-16,CANDIDATE,1.0,0,0,0,0,q1_q17_dr25_sup_koi,CENT_KIC_POS,21.76129812,1.727e-05,-1.727e-05,166.540438,0.000641,-0.000641,2454999.54,0.000641,-0.000641,0.0,,,,,,0.123,0.288,-0.123,1.243,0.026,-0.026,,,,1300.7,26.8,-26.8,0.032165,0.000807,-0.000734,102.86534,5.47239,-30.25813,LS+MCMC,2.53,0.16,-0.1,0.1401,,,89.95,,,486.0,,,13.18,3.0,-1.98,137.07,7.3,-7.3,Claret (2011 A&A 529 75) ATLAS LS,0.0,0.0,0.1082,0.627,q1_q17_dr25_koi,19.20389,96.205444,60.0,1,62.0,1.0,q1_q17_dr25_tce,11111111111111111000000000000000,0.2119,Mandel and Agol (2002 ApJ 580 171),,,001/001026/001026957/dv/kplr001026957-20160209194854_dvr.pdf,001/001026/001026957/dv/kplr001026957-001-20160209194854_dvs.pdf,4859.0,97.0,-97.0,4.612,0.015,-0.045,0.0,0.15,-0.15,0.72,0.047,-0.029,0.781,0.034,-0.049,,,,q1_q17_dr25_stellar,291.25449,36.74361,12.559,13.299,12.52,12.241,12.05,10.982,10.475,10.41,0.608,19.4169632,2.7e-06,36.743377,3.9e-05,-0.12,0.12,-0.84,0.14,-8e-05,0.00016,5e-05,0.00019,0.04,0.13,0.14,0.15,0.15,0.14,-0.08,0.12,-0.29,0.16,0.3,0.14,kplr001026957,Kepler-1731b,14,"(31, 37)","(0.02702702702702703, 0.03225806451612903)"
643,2853093,K01099.01,Kepler-767 b,CONFIRMED,Done,2018-08-16,CANDIDATE,1.0,0,0,0,0,q1_q17_dr25_sup_koi,NO_COMMENT,161.5278347,0.0003206,-0.0003206,198.00137,0.00146,-0.00146,2455031.001,0.00146,-0.00146,0.0,,,,,,0.0,0.333,0.0,3.6734,0.0575,-0.0575,,,,4653.6,99.6,-99.6,0.061844,0.001334,-0.000711,32.90527,0.88494,-6.8422,LS+MCMC,8.19,1.36,-1.23,0.5874,,,90.0,,,366.0,,,4.25,1.85,-1.35,356.7,9.6,-9.6,Claret (2011 A&A 529 75) ATLAS LS,0.0,0.0,0.2555,0.4191,q1_q17_dr25_koi,20.94411,55.328773,54.7,1,9.0,1.0,q1_q17_dr25_tce,11111111111111111000000000000000,0.6892,Mandel and Agol (2002 ApJ 580 171),,,002/002853/002853093/dv/kplr002853093-20160209194854_dvr.pdf,002/002853/002853093/dv/kplr002853093-001-20160209194854_dvs.pdf,5778.0,78.0,-78.0,4.285,0.137,-0.112,0.16,0.15,-0.15,1.213,0.201,-0.183,1.033,0.074,-0.067,,,,q1_q17_dr25_stellar,291.57916,38.035831,15.435,15.927,15.385,15.224,15.16,14.26,13.891,13.812,0.047,19.4386017,7e-06,38.035666,7.6e-05,-0.41,0.3,-0.59,0.27,0.0021,0.0019,-0.0001,0.0021,0.023,0.089,-0.1,0.12,0.11,0.11,-0.087,0.097,-0.03,0.1,0.09,0.098,kplr002853093,Kepler-767b,10,"(15, 18)","(0.05555555555555555, 0.06666666666666667)"
649,10337517,K01165.01,Kepler-783 c,CONFIRMED,Done,2018-08-16,CANDIDATE,1.0,0,0,0,0,q1_q17_dr25_sup_koi,NO_COMMENT,7.053934488,7.693e-06,-7.693e-06,136.357253,0.000874,-0.000874,2454969.357,0.000874,-0.000874,0.0,,,,,,0.899,0.003,-0.623,1.7244,0.0315,-0.0315,,,,511.5,10.6,-10.6,0.025075,0.000226,-0.00413,1.39386,11.39585,-0.002,LS+MCMC,2.36,0.2,-0.17,0.0684,,,86.66,,,840.0,,,117.33,32.05,-24.79,15.42,7.4,-7.4,Claret (2011 A&A 529 75) ATLAS LS,0.0,0.0,0.1959,0.5086,q1_q17_dr25_koi,7.164931,48.294144,56.3,2,190.0,1.0,q1_q17_dr25_tce,11111111111111111000000000000000,0.2142,Mandel and Agol (2002 ApJ 580 171),,,010/010337/010337517/dv/kplr010337517-20160209194854_dvr.pdf,010/010337/010337517/dv/kplr010337517-001-20160209194854_dvs.pdf,5357.0,107.0,-107.0,4.498,0.058,-0.065,0.0,0.15,-0.15,0.863,0.073,-0.065,0.854,0.054,-0.045,,,,q1_q17_dr25_stellar,291.06293,47.484798,13.916,14.42,13.871,13.699,13.617,12.705,12.342,12.287,0.189,19.4041965,6.5e-06,47.484872,6.3e-05,0.02,0.24,0.26,0.23,-4e-05,0.00012,-0.00011,0.00012,-0.035,0.093,-0.04,0.11,0.05,0.11,-0.16,0.098,0.05,0.11,0.167,0.099,kplr010337517,Kepler-783c,15,"(37, 45)","(0.022222222222222223, 0.02702702702702703)"
653,8561063,K00961.01,Kepler-42 b,CONFIRMED,Done,2018-08-16,CANDIDATE,1.0,0,0,0,0,q1_q17_dr25_sup_koi,CENT_KIC_POS,1.213770423,3.27e-07,-3.27e-07,170.483645,0.000195,-0.000195,2455003.484,0.000195,-0.000195,0.0,,,,,,0.83,0.009,-0.578,0.5532,0.00939,-0.00939,,,,1821.0,19.5,-19.5,0.048039,0.000395,-0.0063,15.99013,46.77567,-2.33222,LS+MCMC,0.78,0.2,-0.09,0.0113,,,85.57,,,525.0,,,18.03,12.33,-4.31,10.76,5.2,-5.2,Claret (2011 A&A 529 75) ATLAS LS,0.0,0.0,0.4341,0.2646,q1_q17_dr25_koi,6.384168,70.81955,111.4,3,1100.0,1.0,q1_q17_dr25_tce,11111111111111111000000000000000,0.9976,Mandel and Agol (2002 ApJ 580 171),,,008/008561/008561063/dv/kplr008561063-20160209194854_dvr.pdf,008/008561/008561063/dv/kplr008561063-001-20160209194854_dvs.pdf,3292.0,44.0,-24.0,5.215,0.053,-0.098,-0.42,0.15,-0.15,0.148,0.039,-0.017,0.132,0.039,-0.013,,,,q1_q17_dr25_stellar,292.21906,44.61916,15.92,17.27,15.909,15.338,,12.177,11.685,11.465,0.0,19.4812966,2.8e-06,44.617923,3.1e-05,1.01,0.11,-4.45,0.11,0.00031,0.00018,-0.00043,0.00021,-0.053,0.094,-0.031,0.088,0.061,0.097,1.188,0.089,-4.76,0.17,4.91,0.17,kplr008561063,Kepler-42b,11,"(18, 22)","(0.045454545454545456, 0.05555555555555555)"
654,8561063,K00961.02,Kepler-42 c,CONFIRMED,Done,2018-08-16,CANDIDATE,0.0,0,0,0,0,q1_q17_dr25_sup_koi,MOD_SEC_DV---MOD_SEC_ALT---HAS_SEC_TCE---CENT_KIC_POS,0.453287416,1.02e-07,-1.02e-07,133.869741,0.000186,-0.000186,2454966.87,0.000186,-0.000186,0.0,,,,,,0.81,0.068,-0.329,0.4445,0.015,-0.015,,,,1461.5,11.3,-11.3,0.046729,0.000277,-0.00587,13.25728,23.83901,-9.82077,LS+MCMC,0.76,0.19,-0.09,0.0059,,,81.11,,,729.0,,,66.14,45.21,-15.82,5.24,2.4,-2.4,Claret (2011 A&A 529 75) ATLAS LS,0.0,0.0,0.4341,0.2646,q1_q17_dr25_koi,4.587181,10.459189,150.4,3,1193.0,3.0,q1_q17_dr25_tce,11111111111111111000000000000000,0.9866,Mandel and Agol (2002 ApJ 580 171),,,008/008561/008561063/dv/kplr008561063-20160209194854_dvr.pdf,008/008561/008561063/dv/kplr008561063-003-20160209194854_dvs.pdf,3292.0,44.0,-24.0,5.215,0.053,-0.098,-0.42,0.15,-0.15,0.148,0.039,-0.017,0.132,0.039,-0.013,,,,q1_q17_dr25_stellar,292.21906,44.61916,15.92,17.27,15.909,15.338,,12.177,11.685,11.465,0.0,19.481313,1e-05,44.6182,0.00012,1.66,0.4,-3.47,0.43,-0.00013,0.00012,-0.00038,0.00013,-0.09,0.5,0.02,0.57,0.09,0.43,1.12,0.48,-4.59,0.63,4.72,0.57,kplr008561063,Kepler-42c,11,"(18, 22)","(0.045454545454545456, 0.05555555555555555)"
656,8561063,K00961.03,Kepler-42 d,CONFIRMED,Done,2018-08-16,CANDIDATE,1.0,0,0,0,0,q1_q17_dr25_sup_koi,CENT_KIC_POS,1.865114193,1.005e-06,-1.005e-06,133.792344,0.000476,-0.000476,2454966.792,0.000476,-0.000476,0.0,,,,,,0.785,0.129,-0.541,0.4279,0.0221,-0.0221,,,,1124.8,22.1,-22.1,0.040715,0.00022,-0.004542,64.04739,177.05307,-44.56656,LS+MCMC,0.66,0.17,-0.08,0.0151,,,88.02,,,455.0,,,10.1,6.9,-2.42,22.8,10.5,-10.5,Claret (2011 A&A 529 75) ATLAS LS,0.0,0.0,0.4341,0.2646,q1_q17_dr25_koi,5.5075283,33.096786,56.9,3,633.0,2.0,q1_q17_dr25_tce,11111111111111111000000000000000,0.9296,Mandel and Agol (2002 ApJ 580 171),,,008/008561/008561063/dv/kplr008561063-20160209194854_dvr.pdf,008/008561/008561063/dv/kplr008561063-002-20160209194854_dvs.pdf,3292.0,44.0,-24.0,5.215,0.053,-0.098,-0.42,0.15,-0.15,0.148,0.039,-0.017,0.132,0.039,-0.013,,,,q1_q17_dr25_stellar,292.21906,44.61916,15.92,17.27,15.909,15.338,,12.177,11.685,11.465,0.005,19.481296,4.9e-06,44.617909,5e-05,0.99,0.19,-4.5,0.18,0.00024,0.0002,-0.00025,0.00021,-0.12,0.15,-0.1,0.36,0.15,0.33,1.1,0.17,-4.77,0.31,4.89,0.28,kplr008561063,Kepler-42d,12,"(22, 26)","(0.038461538461538464, 0.045454545454545456)"
668,6960913,K01361.01,Kepler-61 b,CONFIRMED,Done,2018-08-16,CANDIDATE,0.998,0,0,0,0,q1_q17_dr25_sup_koi,NO_COMMENT,59.8780258,0.0001502,-0.0001502,151.1847,0.0021,-0.0021,2454984.185,0.0021,-0.0021,0.0,,,,,,0.004,0.411,-0.004,4.8027,0.0705,-0.0705,,,,1419.1,32.3,-32.3,0.033448,0.00108,-0.000542,5.0319,0.1097,-1.60952,LS+MCMC,2.19,0.08,-0.14,0.2522,,,90.0,,,273.0,,,1.31,0.22,-0.24,98.43,2.1,-2.1,Claret (2011 A&A 529 75) ATLAS LS,0.0,0.0,0.188,0.5516,q1_q17_dr25_koi,12.004533,41.289803,51.8,1,25.0,1.0,q1_q17_dr25_tce,11111111111111111000000000000000,0.5317,Mandel and Agol (2002 ApJ 580 171),,,006/006960/006960913/dv/kplr006960913-20160209194854_dvr.pdf,006/006960/006960913/dv/kplr006960913-001-20160209194854_dvs.pdf,4016.0,79.0,-79.0,4.658,0.039,-0.015,0.02,0.15,-0.15,0.599,0.023,-0.037,0.595,0.036,-0.029,,,,q1_q17_dr25_stellar,295.3045,42.475288,14.995,16.242,14.957,14.461,14.176,13.078,12.426,12.272,0.024,19.6869632,6e-06,42.475382,7e-05,-0.16,0.24,0.33,0.25,0.00017,0.00035,-0.00054,0.00039,-0.133,0.089,-0.06,0.16,0.145,0.095,-0.131,0.087,0.05,0.17,0.14,0.11,kplr006960913,Kepler-61b,13,"(26, 31)","(0.03225806451612903, 0.038461538461538464)"
670,11122894,K01426.02,Kepler-297 c,CONFIRMED,Done,2018-08-16,CANDIDATE,0.907,0,0,0,0,q1_q17_dr25_sup_koi,NO_COMMENT,74.92768653,6.28e-05,-6.28e-05,124.99266,0.00073,-0.00073,2454957.993,0.00073,-0.00073,0.0,,,,,,0.796,0.011,-0.06,4.74,0.0776,-0.0776,,,,4119.2,28.6,-28.6,0.06521,0.000667,-0.001362,2.10576,0.46841,-0.34224,LS+MCMC,6.39,0.7,-0.58,0.3292,,,89.47,,,409.0,,,6.62,2.21,-1.57,85.5,19.0,-19.0,Claret (2011 A&A 529 75) ATLAS LS,0.0,0.0,0.2434,0.4341,q1_q17_dr25_koi,45.83368,135.41301,161.5,3,14.0,1.0,q1_q17_dr25_tce,11111111111111111000000000000000,0.8768,Mandel and Agol (2002 ApJ 580 171),,,011/011122/011122894/dv/kplr011122894-20160209194854_dvr.pdf,011/011122/011122894/dv/kplr011122894-001-20160209194854_dvs.pdf,5618.0,112.0,-112.0,4.46,0.081,-0.09,-0.22,0.15,-0.15,0.897,0.099,-0.081,0.846,0.059,-0.049,,,,q1_q17_dr25_stellar,283.20917,48.777641,14.232,14.628,14.158,14.063,13.985,13.122,12.785,12.78,0.038,18.8806146,2.9e-06,48.777698,2.7e-05,0.14,0.1,0.209,0.098,-0.00053,0.00056,0.00044,0.00068,-0.044,0.085,-0.032,0.08,0.054,0.091,0.008,0.082,0.059,0.083,0.059,0.083,kplr011122894,Kepler-297c,10,"(15, 18)","(0.05555555555555555, 0.06666666666666667)"
671,11122894,K01426.03,Kepler-297 d,CONFIRMED,Done,2018-08-16,CANDIDATE,0.999,0,0,0,0,q1_q17_dr25_sup_koi,NO_COMMENT,150.0189511,0.0001744,-0.0001744,224.685714,0.000916,-0.000916,2455057.686,0.000916,-0.000916,0.0,,,,,,1.252,67.03,-0.169,4.3823,0.0486,-0.0486,,,,4319.7,46.8,-46.8,0.332851,66.94402,-0.154799,1.42611,353.15771,-0.15199,LS+MCMC,32.6,3.6,-2.94,0.523,,,89.4,,,325.0,,,2.62,0.88,-0.62,119.3,59.5,-59.5,Claret (2011 A&A 529 75) ATLAS LS,0.0,0.0,0.2434,0.4341,q1_q17_dr25_koi,37.902687,92.3644,106.2,3,10.0,2.0,q1_q17_dr25_tce,11111111111111111000000000000000,0.8415,Mandel and Agol (2002 ApJ 580 171),,,011/011122/011122894/dv/kplr011122894-20160209194854_dvr.pdf,011/011122/011122894/dv/kplr011122894-002-20160209194854_dvs.pdf,5618.0,112.0,-112.0,4.46,0.081,-0.09,-0.22,0.15,-0.15,0.897,0.099,-0.081,0.846,0.059,-0.049,,,,q1_q17_dr25_stellar,283.20917,48.777641,14.232,14.628,14.158,14.063,13.985,13.122,12.785,12.78,0.584,18.8806093,4.2e-06,48.777748,4e-05,-0.05,0.15,0.39,0.14,0.0002,0.001,-0.0003,0.0014,0.058,0.075,0.049,0.076,0.076,0.075,0.073,0.072,0.156,0.078,0.172,0.077,kplr011122894,Kepler-297d,2,"(3, 4)","(0.25, 0.3333333333333333)"
673,11401182,K01428.01,Kepler-845 b,CONFIRMED,Done,2018-08-16,CANDIDATE,1.0,0,0,0,0,q1_q17_dr25_sup_koi,NO_COMMENT,0.927859786,5.53e-07,-5.53e-07,133.905978,0.000535,-0.000535,2454966.906,0.000535,-0.000535,0.0,,,,,,0.795,0.078,-0.536,1.4279,0.0228,-0.0228,,,,515.3,6.5,-6.5,0.023395,0.00163,-0.00265,0.80334,1.83207,-0.33716,LS+MCMC,1.79,0.16,-0.05,0.017,,,76.15,,,1361.0,,,813.3,221.1,-95.04,3.32,1.5,-1.5,Claret (2011 A&A 529 75) ATLAS LS,0.0,0.0,0.1054,0.6323,q1_q17_dr25_koi,5.107275,42.134464,99.8,1,1438.0,1.0,q1_q17_dr25_tce,11111111111111111000000000000000,0.6239,Mandel and Agol (2002 ApJ 580 171),,,011/011401/011401182/dv/kplr011401182-20160209194854_dvr.pdf,011/011401/011401182/dv/kplr011401182-001-20160209194854_dvs.pdf,4815.0,76.0,-86.0,4.631,0.007,-0.06,0.07,0.15,-0.15,0.699,0.065,-0.018,0.799,0.028,-0.048,,,,q1_q17_dr25_stellar,290.95755,49.203812,14.631,15.442,14.568,14.283,14.158,13.094,12.567,12.515,0.002,19.3971651,5.8e-06,49.203682,5.8e-05,-0.2,0.21,-0.46,0.21,6.5e-05,6.4e-05,0.000119,6.6e-05,0.014,0.084,-0.026,0.086,0.029,0.085,0.041,0.08,-0.153,0.089,0.158,0.089,kplr011401182,Kepler-845b,15,"(37, 45)","(0.022222222222222223, 0.02702702702702703)"
680,6448890,K01241.01,Kepler-56 c,CONFIRMED,Done,2018-08-16,CANDIDATE,1.0,0,0,0,0,q1_q17_dr25_sup_koi,NO_COMMENT,21.4054422,0.0001196,-0.0001196,147.08981,0.00441,-0.00441,2454980.09,0.00441,-0.00441,0.0,,,,,,0.943,0.005,-0.031,11.721,0.368,-0.368,,,,409.3,7.5,-7.5,0.024433,0.000213,-0.001451,0.00747,0.00344,-0.0036,LS+MCMC,11.64,0.79,-1.71,0.1681,,,80.4,,,1087.0,,,330.0,66.95,-105.19,5.66,2.6,-2.6,Claret (2011 A&A 529 75) ATLAS LS,0.0,0.0,0.1124,0.6323,q1_q17_dr25_koi,5.214027,27.981884,60.9,2,64.0,1.0,q1_q17_dr25_tce,11111111111111111000000000000000,0.7056,Mandel and Agol (2002 ApJ 580 171),,,006/006448/006448890/dv/kplr006448890-20160209194854_dvr.pdf,006/006448/006448890/dv/kplr006448890-001-20160209194854_dvs.pdf,4838.0,65.0,-79.0,3.299,0.05,-0.041,0.2,0.1,-0.15,4.361,0.296,-0.641,1.381,0.158,-0.316,,,,q1_q17_dr25_stellar,293.75836,41.871868,12.44,13.255,12.373,12.09,11.911,10.813,10.33,10.227,0.036,19.5838942,3.2e-06,41.871818,2.6e-05,0.17,0.13,-0.187,0.093,8.7e-05,5.2e-05,2e-06,4e-05,-0.14,0.12,0.03,0.22,0.14,0.14,-0.2,0.12,-0.14,0.23,0.25,0.12,kplr006448890,Kepler-56c,15,"(37, 45)","(0.022222222222222223, 0.02702702702702703)"
687,8107380,K00162.01,Kepler-476 b,CONFIRMED,Done,2018-08-16,CANDIDATE,1.0,0,0,0,0,q1_q17_dr25_sup_koi,NO_COMMENT,14.00640392,1.731e-05,-1.731e-05,142.20885,0.001,-0.001,2454975.209,0.001,-0.001,0.0,,,,,,0.568,0.286,-0.368,4.6919,0.0396,-0.0396,,,,716.4,7.6,-7.6,0.025312,0.00239,-0.000856,0.71331,0.41749,-0.52789,LS+MCMC,3.11,0.45,-0.41,0.1126,,,88.33,,,807.0,,,100.09,42.19,-30.5,19.48,5.7,-5.7,Claret (2011 A&A 529 75) ATLAS LS,0.0,0.0,0.2622,0.4035,q1_q17_dr25_koi,15.730072,95.65456,109.3,1,96.0,1.0,q1_q17_dr25_tce,11111111111111111000000000000000,0.0416,Mandel and Agol (2002 ApJ 580 171),,,008/008107/008107380/dv/kplr008107380-20160209194854_dvr.pdf,008/008107/008107380/dv/kplr008107380-001-20160209194854_dvs.pdf,5788.0,116.0,-116.0,4.323,0.132,-0.108,0.0,0.15,-0.15,1.124,0.164,-0.148,0.969,0.08,-0.058,,,,q1_q17_dr25_stellar,295.16382,43.963039,13.837,14.33,13.775,13.626,13.56,12.673,12.358,12.297,0.036,19.6775917,3.8e-06,43.963002,4.1e-05,0.15,0.15,-0.14,0.15,-0.00017,0.00011,8e-05,0.00011,0.16,0.1,-0.18,0.11,0.239,0.094,0.14,0.1,-0.11,0.12,0.179,0.096,kplr008107380,Kepler-476b,15,"(37, 45)","(0.022222222222222223, 0.02702702702702703)"
699,8030148,K00155.01,Kepler-474 b,CONFIRMED,Done,2018-08-16,CANDIDATE,1.0,0,0,0,0,q1_q17_dr25_sup_koi,NO_COMMENT,5.660669429,3.706e-06,-3.706e-06,137.416045,0.000523,-0.000523,2454970.416,0.000523,-0.000523,0.0,,,,,,0.477,0.002,-0.419,4.6483,0.0281,-0.0281,,,,737.8,4.3,-4.3,0.02533,0.001361,-0.000558,0.35934,0.16045,-0.02572,LS+MCMC,3.24,0.5,-0.54,0.0606,,,86.77,,,1115.0,,,365.53,159.35,-130.61,8.47,3.8,-3.8,Claret (2011 A&A 529 75) ATLAS LS,0.0,0.0,0.2676,0.3928,q1_q17_dr25_koi,16.75932,178.65834,201.1,1,237.0,1.0,q1_q17_dr25_tce,11111111111111111000000000000000,0.7293,Mandel and Agol (2002 ApJ 580 171),,,008/008030/008030148/dv/kplr008030148-20160209194854_dvr.pdf,008/008030/008030148/dv/kplr008030148-001-20160209194854_dvs.pdf,5746.0,115.0,-103.0,4.266,0.162,-0.108,-0.08,0.15,-0.15,1.173,0.178,-0.198,0.927,0.078,-0.052,,,,q1_q17_dr25_stellar,292.3215,43.881168,13.494,13.97,13.464,13.29,13.227,12.306,11.969,11.91,0.0,19.4881018,1.8e-06,43.881246,1.9e-05,0.042,0.069,0.272,0.069,-4.1e-05,5.1e-05,-0.000103,5.2e-05,0.203,0.081,0.01,0.12,0.204,0.082,0.196,0.078,0.14,0.12,0.24,0.1,kplr008030148,Kepler-474b,15,"(37, 45)","(0.022222222222222223, 0.02702702702702703)"
705,6541920,K00157.05,Kepler-11 g,CONFIRMED,Done,2018-08-16,CANDIDATE,0.997,0,0,0,0,q1_q17_dr25_sup_koi,NO_COMMENT,118.3786735,0.0003167,-0.0003167,287.28744,0.00206,-0.00206,2455120.287,0.00206,-0.00206,0.0,,,,,,0.011,0.328,-0.01,9.5574,0.0656,-0.0656,,,,1083.3,13.0,-13.0,0.029761,0.000512,-0.000212,1.24871,0.02369,-0.22363,LS+MCMC,3.4,0.22,-0.22,0.4596,,,89.99,,,376.0,,,4.75,1.08,-0.89,97.44,1.8,-1.8,Claret (2011 A&A 529 75) ATLAS LS,0.0,0.0,0.2622,0.4035,q1_q17_dr25_koi,23.928257,57.479816,83.1,6,12.0,4.0,q1_q17_dr25_tce,11111111111111111000000000000000,0.5198,Mandel and Agol (2002 ApJ 580 171),,,006/006541/006541920/dv/kplr006541920-20160209194854_dvr.pdf,006/006541/006541920/dv/kplr006541920-004-20160209194854_dvs.pdf,5657.0,113.0,-101.0,4.364,0.055,-0.045,0.0,0.15,-0.15,1.046,0.068,-0.068,0.921,0.071,-0.052,,,,q1_q17_dr25_stellar,297.11511,41.909142,13.709,14.178,13.653,13.508,13.455,12.548,12.237,12.18,0.032,19.8076744,4.1e-06,41.909222,3.9e-05,-0.01,0.17,0.29,0.14,-7e-05,0.00019,0.00021,0.00017,0.01,0.12,-0.19,0.12,0.19,0.12,-0.14,0.12,0.05,0.12,0.15,0.13,kplr006541920,Kepler-11g,14,"(31, 37)","(0.02702702702702703, 0.03225806451612903)"
711,6932987,K01366.01,Kepler-293 b,CONFIRMED,Done,2018-08-16,CANDIDATE,1.0,0,0,0,0,q1_q17_dr25_sup_koi,NO_COMMENT,19.25404023,5.131e-05,-5.131e-05,164.78424,0.00225,-0.00225,2454997.784,0.00225,-0.00225,0.0,,,,,,0.548,0.328,-0.338,4.6509,0.0749,-0.0749,,,,987.7,21.5,-21.5,0.029607,0.003578,-0.001003,1.0701,0.55112,-0.86037,LS+MCMC,3.04,0.88,-0.29,0.1424,,,88.86,,,657.0,,,44.17,37.57,-12.65,27.58,7.1,-7.1,Claret (2011 A&A 529 75) ATLAS LS,0.0,0.0,0.2602,0.4096,q1_q17_dr25_koi,7.968353,38.617783,50.7,2,71.0,1.0,q1_q17_dr25_tce,11111111111111111000000000000000,0.3284,Mandel and Agol (2002 ApJ 580 171),,,006/006932/006932987/dv/kplr006932987-20160209194854_dvr.pdf,006/006932/006932987/dv/kplr006932987-001-20160209194854_dvs.pdf,5798.0,156.0,-191.0,4.507,0.048,-0.204,0.1,0.25,-0.3,0.941,0.273,-0.091,1.038,0.112,-0.137,,,,q1_q17_dr25_stellar,286.35806,42.406509,15.368,15.903,15.295,15.138,15.087,14.098,13.781,13.661,0.018,19.0905382,6.6e-06,42.406406,7.8e-05,0.03,0.26,-0.37,0.28,-4e-05,0.00027,0.00044,0.00029,0.05,0.11,-0.08,0.11,0.09,0.11,0.06,0.1,-0.09,0.11,0.11,0.11,kplr006932987,Kepler-293b,14,"(31, 37)","(0.02702702702702703, 0.03225806451612903)"
723,10854768,K01309.01,Kepler-812 b,CONFIRMED,Done,2018-08-16,CANDIDATE,1.0,0,0,0,0,q1_q17_dr25_sup_koi,NO_COMMENT,10.1171684,2.722e-05,-2.722e-05,137.44489,0.00213,-0.00213,2454970.445,0.00213,-0.00213,0.0,,,,,,0.296,0.16,-0.296,4.6677,0.0684,-0.0684,,,,288.7,6.6,-6.6,0.015702,0.000323,-0.000371,0.77147,0.16217,-0.17297,LS+MCMC,3.07,0.56,-0.67,0.1024,,,88.95,,,1163.0,,,433.41,201.94,-182.93,16.1,3.4,-3.4,Claret (2011 A&A 529 75) ATLAS LS,0.0,0.0,0.3061,0.3279,q1_q17_dr25_koi,5.367586,36.0002,50.6,1,130.0,1.0,q1_q17_dr25_tce,11111111111111111000000000000000,0.1888,Mandel and Agol (2002 ApJ 580 171),,,010/010854/010854768/dv/kplr010854768-20160209194854_dvr.pdf,010/010854/010854768/dv/kplr010854768-001-20160209194854_dvs.pdf,6306.0,81.0,-81.0,4.077,0.174,-0.116,0.24,0.15,-0.15,1.792,0.323,-0.394,1.399,0.113,-0.126,,,,q1_q17_dr25_stellar,288.85529,48.208542,13.832,14.013,13.772,13.727,13.755,13.006,12.755,12.832,0.001,19.257015,7.3e-06,48.208413,6.9e-05,-0.13,0.26,-0.46,0.25,7.4e-05,7.6e-05,0.000137,7.1e-05,-0.17,0.12,-0.07,0.19,0.18,0.14,-0.12,0.12,-0.01,0.19,0.12,0.12,kplr010854768,Kepler-812b,17,"(54, 65)","(0.015384615384615385, 0.018518518518518517)"
725,10713616,K01311.01,Kepler-1667 b,CONFIRMED,Done,2018-08-16,CANDIDATE,0.939,0,0,0,0,q1_q17_dr25_sup_koi,NO_COMMENT,83.5781976,0.000278,-0.000278,202.45865,0.00253,-0.00253,2455035.459,0.00253,-0.00253,0.0,,,,,,0.544,0.001,-0.484,7.2487,0.098,-0.098,,,,630.8,13.3,-13.3,0.023697,0.003251,-0.000729,1.20698,0.84592,-0.04775,LS+MCMC,6.63,0.88,-2.06,0.4256,,,89.59,,,655.0,,,43.62,15.44,-23.84,76.4,26.8,-26.8,Claret (2011 A&A 529 75) ATLAS LS,0.0,0.0,0.2845,0.3747,q1_q17_dr25_koi,15.571879,46.45182,54.9,1,15.0,1.0,q1_q17_dr25_tce,11111111111111111000000000000000,0.8415,Mandel and Agol (2002 ApJ 580 171),,,010/010713/010713616/dv/kplr010713616-20160209194854_dvr.pdf,010/010713/010713616/dv/kplr010713616-001-20160209194854_dvs.pdf,6056.0,81.0,-72.0,3.788,0.264,-0.066,0.26,0.15,-0.15,2.562,0.341,-0.795,1.468,0.167,-0.204,,,,q1_q17_dr25_stellar,283.53296,48.094261,13.498,13.885,13.441,13.332,13.276,12.429,12.147,12.119,0.241,18.9022078,8.6e-06,48.094333,7.7e-05,0.38,0.31,0.26,0.28,-0.00027,0.00019,5e-05,0.00017,-0.06,0.17,0.21,0.25,0.22,0.24,-0.06,0.17,0.48,0.25,0.49,0.25,kplr010713616,Kepler-1667b,15,"(37, 45)","(0.022222222222222223, 0.02702702702702703)"
729,8191672,K00018.01,Kepler-5 b,CONFIRMED,Done,2018-08-16,CANDIDATE,0.754,0,1,0,0,q1_q17_dr25_sup_koi,MOD_SEC_DV---PLANET_OCCULT_DV---MOD_SEC_ALT---PLANET_OCCULT_ALT,3.548465446,1.83e-07,-1.83e-07,122.9014315,4.26e-05,-4.26e-05,2454955.901,4.26e-05,-4.26e-05,0.0,,,,,,0.075,0.013,-0.053,4.56904,0.00118,-0.00118,,,,7251.5,3.3,-3.3,0.078272,4.6e-05,-4.7e-05,0.3962,0.00321,-0.00076,LS+MCMC,14.92,1.08,-1.31,0.05,,,89.33,,,1640.0,,,1708.28,416.27,-397.63,6.4128,0.052,-0.052,Claret (2011 A&A 529 75) ATLAS LS,0.0,0.0,0.305,0.3201,q1_q17_dr25_koi,165.75914,2268.56,2486.5,1,378.0,1.0,q1_q17_dr25_tce,11111111111111111000000000000000,0.0,Mandel and Agol (2002 ApJ 580 171),,,008/008191/008191672/dv/kplr008191672-20160209194854_dvr.pdf,008/008191/008191672/dv/kplr008191672-001-20160209194854_dvs.pdf,6290.0,125.0,-125.0,4.074,0.05,-0.05,0.04,0.15,-0.15,1.746,0.126,-0.154,1.319,0.084,-0.137,,,,q1_q17_dr25_stellar,299.40701,44.035053,13.369,13.883,13.321,13.148,,12.115,11.863,11.769,0.0,19.96046907,1.6e-07,44.0350672,1.6e-06,0.022,0.0063,0.0547,0.0057,0.000405,8.3e-05,-0.00069,0.0001,-0.008,0.067,0.034,0.067,0.035,0.067,-0.003,0.067,0.026,0.067,0.026,0.067,kplr008191672,Kepler-5b,9,"(12, 15)","(0.06666666666666667, 0.08333333333333333)"
730,6851425,K00163.01,Kepler-477 b,CONFIRMED,Done,2018-08-16,CANDIDATE,1.0,0,0,0,0,q1_q17_dr25_sup_koi,CENT_KIC_POS,11.1199028,1.166e-05,-1.166e-05,139.753524,0.000843,-0.000843,2454972.754,0.000843,-0.000843,0.0,,,,,,0.72,0.152,-0.506,3.3759,0.0372,-0.0372,,,,636.3,7.3,-7.3,0.024835,0.002117,-0.001853,0.94776,1.45046,-0.62253,LS+MCMC,2.08,0.14,-0.09,0.0911,,,87.75,,,649.0,,,42.07,9.84,-6.52,18.37,7.0,-7.0,Claret (2011 A&A 529 75) ATLAS LS,0.0,0.0,0.153,0.5684,q1_q17_dr25_koi,11.871954,87.53735,100.3,1,120.0,1.0,q1_q17_dr25_tce,11111111111111111000000000000000,0.5863,Mandel and Agol (2002 ApJ 580 171),,,006/006851/006851425/dv/kplr006851425-20160209194854_dvr.pdf,006/006851/006851425/dv/kplr006851425-001-20160209194854_dvs.pdf,5078.0,101.0,-101.0,4.581,0.025,-0.053,0.0,0.15,-0.15,0.766,0.052,-0.033,0.816,0.041,-0.047,,,,q1_q17_dr25_stellar,288.0676,42.35537,13.536,14.174,13.489,13.263,13.175,12.274,11.832,11.729,0.001,19.2044976,3e-06,42.355277,3.5e-05,-0.39,0.12,-0.33,0.12,-2e-06,7.6e-05,0.00016,8e-05,-0.2,0.12,-0.299,0.094,0.36,0.11,-0.55,0.11,-0.441,0.096,0.7,0.12,kplr006851425,Kepler-477b,15,"(37, 45)","(0.022222222222222223, 0.02702702702702703)"
731,6934291,K01367.01,Kepler-828 b,CONFIRMED,Done,2018-08-16,CANDIDATE,1.0,0,0,0,0,q1_q17_dr25_sup_koi,NO_COMMENT,0.567856484,4.46e-07,-4.46e-07,134.063088,0.000658,-0.000658,2454967.063,0.000658,-0.000658,0.0,,,,,,0.324,0.154,-0.324,1.0258,0.0248,-0.0248,,,,334.8,7.5,-7.5,0.016679,0.000294,-0.000697,4.12097,0.86004,-1.10997,LS+MCMC,1.55,0.07,-0.13,0.0125,,,85.49,,,1848.0,,,2760.23,460.61,-581.88,4.126,0.861,-0.861,Claret (2011 A&A 529 75) ATLAS LS,0.0,0.0,0.1496,0.5746,q1_q17_dr25_koi,4.550782,36.96481,53.8,1,2354.0,1.0,q1_q17_dr25_tce,11111111111111111000000000000000,0.9971,Mandel and Agol (2002 ApJ 580 171),,,006/006934/006934291/dv/kplr006934291-20160209194854_dvr.pdf,006/006934/006934291/dv/kplr006934291-001-20160209194854_dvs.pdf,5073.0,83.0,-76.0,4.483,0.082,-0.027,0.14,0.15,-0.15,0.853,0.039,-0.072,0.806,0.056,-0.03,,,,q1_q17_dr25_stellar,286.88727,42.47126,15.055,15.779,15.003,14.745,14.626,13.586,13.146,12.992,0.297,19.1258102,6.5e-06,42.471225,7.5e-05,-0.31,0.26,-0.13,0.27,7.9e-05,7.5e-05,2.6e-05,7.8e-05,0.012,0.077,0.06,0.11,0.06,0.11,-0.04,0.11,-0.02,0.11,0.05,0.11,kplr006934291,Kepler-828b,17,"(54, 65)","(0.015384615384615385, 0.018518518518518517)"
734,11037335,K01435.01,Kepler-300 c,CONFIRMED,Done,2018-08-16,CANDIDATE,1.0,0,0,0,0,q1_q17_dr25_sup_koi,NO_COMMENT,40.7150498,0.0001383,-0.0001383,146.56647,0.00279,-0.00279,2454979.566,0.00279,-0.00279,0.0,,,,,,0.638,0.237,-0.416,8.587,0.11,-0.11,,,,563.9,10.6,-10.6,0.022834,0.002025,-0.00099,0.27742,0.25349,-0.21067,LS+MCMC,2.2,0.65,-0.21,0.2293,,,88.74,,,516.0,,,16.76,14.51,-4.53,29.0,13.2,-13.2,Claret (2011 A&A 529 75) ATLAS LS,0.0,0.0,0.2965,0.3342,q1_q17_dr25_koi,12.013242,46.191032,56.4,2,34.0,1.0,q1_q17_dr25_tce,11111111111111111000000000000000,0.4931,Mandel and Agol (2002 ApJ 580 171),,,011/011037/011037335/dv/kplr011037335-20160209194854_dvr.pdf,011/011037/011037335/dv/kplr011037335-001-20160209194854_dvs.pdf,5968.0,161.0,-179.0,4.534,0.036,-0.204,-0.26,0.3,-0.3,0.881,0.26,-0.081,0.97,0.118,-0.118,,,,q1_q17_dr25_stellar,295.2887,48.59972,14.201,14.644,14.155,14.012,13.965,13.113,12.803,12.742,0.312,19.6859142,7.7e-06,48.599849,7.6e-05,0.06,0.27,0.46,0.27,4e-05,0.00015,-0.00012,0.00015,0.15,0.19,0.15,0.19,0.22,0.22,0.24,0.17,0.25,0.18,0.34,0.2,kplr011037335,Kepler-300c,15,"(37, 45)","(0.022222222222222223, 0.02702702702702703)"
740,10925104,K00156.01,Kepler-114 c,CONFIRMED,Done,2018-08-16,CANDIDATE,0.68,0,0,0,0,q1_q17_dr25_sup_koi,CENT_KIC_POS,8.041347775,8.915e-06,-8.915e-06,143.038292,0.000916,-0.000916,2454976.038,0.000916,-0.000916,0.0,,,,,,0.26,0.134,-0.259,2.6332,0.0303,-0.0303,,,,591.0,8.3,-8.3,0.02196,0.000346,-0.000425,3.59149,0.55874,-0.53304,LS+MCMC,1.29,0.08,-0.07,0.0648,,,89.36,,,507.0,,,15.59,3.41,-2.9,23.07,3.6,-3.6,Claret (2011 A&A 529 75) ATLAS LS,0.0,0.0,0.2589,0.4639,q1_q17_dr25_koi,10.568704,59.488434,77.5,3,160.0,2.0,q1_q17_dr25_tce,11111111111111111000000000000000,0.5084,Mandel and Agol (2002 ApJ 580 171),,,010/010925/010925104/dv/kplr010925104-20160209194854_dvr.pdf,010/010925/010925104/dv/kplr010925104-002-20160209194854_dvs.pdf,3980.0,79.0,-79.0,4.722,0.03,-0.033,-0.2,0.15,-0.15,0.54,0.033,-0.033,0.56,0.031,-0.038,,,,q1_q17_dr25_stellar,294.12143,48.349522,13.738,14.679,13.66,13.334,13.155,12.035,11.469,11.366,0.0,19.608112,3.5e-06,48.349655,3.1e-05,0.62,0.13,0.48,0.11,0.00018,7.6e-05,-0.000252,6.9e-05,-0.224,0.088,0.23,0.14,0.32,0.13,0.235,0.089,0.95,0.12,0.98,0.12,kplr010925104,Kepler-114c,16,"(45, 54)","(0.018518518518518517, 0.022222222222222223)"
748,6541920,K00157.06,Kepler-11 b,CONFIRMED,Done,2018-08-16,CANDIDATE,1.0,0,0,0,0,q1_q17_dr25_sup_koi,NO_COMMENT,10.30401132,1.835e-05,-1.835e-05,138.50377,0.00145,-0.00145,2454971.504,0.00145,-0.00145,0.0,,,,,,0.017,0.363,-0.017,4.2246,0.0419,-0.0419,,,,316.1,6.0,-6.0,0.016083,0.000396,-0.000175,1.21036,0.00539,-0.39067,LS+MCMC,1.84,0.12,-0.12,0.0903,,,89.95,,,849.0,,,122.98,28.0,-22.94,18.939,0.0843,-0.0843,Claret (2011 A&A 529 75) ATLAS LS,0.0,0.0,0.2622,0.4035,q1_q17_dr25_koi,7.053083,40.980724,53.8,6,117.0,6.0,q1_q17_dr25_tce,11111111111111111000000000000000,0.6703,Mandel and Agol (2002 ApJ 580 171),,,006/006541/006541920/dv/kplr006541920-20160209194854_dvr.pdf,006/006541/006541920/dv/kplr006541920-006-20160209194854_dvs.pdf,5657.0,113.0,-101.0,4.364,0.055,-0.045,0.0,0.15,-0.15,1.046,0.068,-0.068,0.921,0.071,-0.052,,,,q1_q17_dr25_stellar,297.11511,41.909142,13.709,14.178,13.653,13.508,13.455,12.548,12.237,12.18,0.005,19.8076727,6e-06,41.909162,6.1e-05,-0.08,0.24,0.08,0.22,3e-06,7.2e-05,0.000121,6.6e-05,0.12,0.2,-0.09,0.15,0.15,0.2,0.04,0.2,0.07,0.14,0.08,0.14,kplr006541920,Kepler-11b,17,"(54, 65)","(0.015384615384615385, 0.018518518518518517)"
759,11027624,K01439.01,Kepler-849 b,CONFIRMED,Done,2018-08-16,CANDIDATE,1.0,0,0,0,0,q1_q17_dr25_sup_koi,NO_COMMENT,394.6249514,0.0008171,-0.0008171,177.84534,0.00154,-0.00154,2455010.845,0.00154,-0.00154,0.0,,,,,,0.336,0.092,-0.229,24.108,0.107,-0.107,,,,2013.3,10.1,-10.1,0.041298,6.7e-05,-0.000641,0.22747,0.04532,-0.0088,LS+MCMC,7.79,1.27,-1.9,1.1088,,,89.84,,,325.0,,,2.65,1.2,-1.26,123.3,24.6,-24.6,Claret (2011 A&A 529 75) ATLAS LS,0.0,0.0,0.2891,0.3589,q1_q17_dr25_koi,43.208004,77.076385,234.6,1,4.0,1.0,q1_q17_dr25_tce,11111111111111111000000000000000,0.1407,Mandel and Agol (2002 ApJ 580 171),,,011/011027/011027624/dv/kplr011027624-20160209194854_dvr.pdf,011/011027/011027624/dv/kplr011027624-001-20160209194854_dvs.pdf,5910.0,107.0,-119.0,4.03,0.196,-0.084,0.14,0.15,-0.15,1.727,0.281,-0.422,1.164,0.143,-0.12,,,,q1_q17_dr25_stellar,290.85178,48.521339,12.849,13.224,12.812,12.689,12.672,11.842,11.59,11.527,0.469,19.3901168,2e-06,48.521353,1.7e-05,-0.068,0.073,0.047,0.061,0.00012,0.00017,5e-05,0.00018,-0.07,0.14,0.0,0.13,0.07,0.14,0.05,0.12,0.0,0.15,0.05,0.12,kplr011027624,Kepler-849b,12,"(22, 26)","(0.038461538461538464, 0.045454545454545456)"
761,8751933,K01257.01,Kepler-420 b,CONFIRMED,Done,2018-08-16,CANDIDATE,0.117,0,0,0,0,q1_q17_dr25_sup_koi,DEPTH_ODDEVEN_ALT,86.64764448,4.403e-05,-4.403e-05,173.794641,0.000408,-0.000408,2455006.795,0.000408,-0.000408,0.0,,,,,,0.0,0.196,0.0,4.2326,0.0174,-0.0174,,,,7311.6,35.2,-35.2,0.07685,0.000514,-0.000196,12.03473,0.16898,-0.72276,LS+MCMC,9.4,1.33,-1.33,0.3786,,,90.0,,,419.0,,,7.28,2.73,-2.22,168.41,2.4,-2.4,Claret (2011 A&A 529 75) ATLAS LS,0.0,0.0,0.2193,0.4785,q1_q17_dr25_koi,71.32161,214.94081,241.9,1,16.0,1.0,q1_q17_dr25_tce,11111111111111111000000000000000,0.0783,Mandel and Agol (2002 ApJ 580 171),,,008/008751/008751933/dv/kplr008751933-20160209194854_dvr.pdf,008/008751/008751933/dv/kplr008751933-001-20160209194854_dvs.pdf,5522.0,75.0,-83.0,4.323,0.132,-0.108,0.26,0.15,-0.15,1.12,0.158,-0.158,0.963,0.058,-0.047,,,,q1_q17_dr25_stellar,291.22519,44.92738,14.651,15.313,14.602,14.367,14.246,13.222,12.827,12.726,0.065,19.4150126,1.8e-06,44.927333,1.8e-05,0.025,0.068,-0.17,0.064,-0.0008,0.00081,-0.0001,0.001,-0.012,0.07,-0.006,0.069,0.013,0.072,-0.131,0.072,-0.17,0.071,0.215,0.074,kplr008751933,Kepler-420b,9,"(12, 15)","(0.06666666666666667, 0.08333333333333333)"
762,8630788,K01258.01,Kepler-281 c,CONFIRMED,Done,2018-08-16,CANDIDATE,0.997,0,0,0,0,q1_q17_dr25_sup_koi,NO_COMMENT,36.33750453,7.262e-05,-7.262e-05,160.39806,0.00158,-0.00158,2454993.398,0.00158,-0.00158,0.0,,,,,,0.825,0.019,-0.069,7.06,0.161,-0.161,,,,2828.4,32.5,-32.5,0.054879,0.000677,-0.002003,0.24809,0.08569,-0.05861,LS+MCMC,5.3,1.38,-0.46,0.2137,,,88.17,,,513.0,,,16.36,12.57,-4.3,25.87,8.9,-8.9,Claret (2011 A&A 529 75) ATLAS LS,0.0,0.0,0.2622,0.4035,q1_q17_dr25_koi,17.845207,83.923164,96.8,3,38.0,1.0,q1_q17_dr25_tce,11111111111111111000000000000000,0.6455,Mandel and Agol (2002 ApJ 580 171),,,008/008630/008630788/dv/kplr008630788-20160209194854_dvr.pdf,008/008630/008630788/dv/kplr008630788-001-20160209194854_dvs.pdf,5717.0,156.0,-173.0,4.538,0.044,-0.187,0.0,0.25,-0.3,0.884,0.23,-0.077,0.984,0.102,-0.114,,,,q1_q17_dr25_stellar,294.10818,44.770699,15.773,16.345,15.722,15.528,15.439,14.5,14.16,13.994,0.133,19.607208,3.5e-06,44.770594,4.1e-05,-0.2,0.13,-0.38,0.15,0.0002,0.00046,0.0004,0.00055,-0.012,0.092,-0.03,0.11,0.03,0.11,-0.114,0.094,-0.04,0.11,0.122,0.093,kplr008630788,Kepler-281c,11,"(18, 22)","(0.045454545454545456, 0.05555555555555555)"
768,4164994,K01320.01,Kepler-816 b,CONFIRMED,Done,2018-08-16,CANDIDATE,1.0,0,0,0,0,q1_q17_dr25_sup_koi,NO_COMMENT,10.50682978,3.682e-06,-3.682e-06,360.082152,0.00025,-0.00025,2455193.082,0.00025,-0.00025,0.0,,,,,,0.407,0.074,-0.178,3.7769,0.0353,-0.0353,,,,13356.0,45.2,-45.2,0.105491,0.003215,-0.001652,1.78859,0.47803,-0.06018,LS+MCMC,9.01,1.2,-0.7,0.0895,,,88.93,,,668.0,,,47.21,22.62,-12.56,21.85,5.8,-5.8,Claret (2011 A&A 529 75) ATLAS LS,0.0,0.0,0.1914,0.5167,q1_q17_dr25_koi,60.11019,336.95108,343.4,1,83.0,1.0,q1_q17_dr25_tce,00011011101110111000000000000000,0.6928,Mandel and Agol (2002 ApJ 580 171),,,004/004164/004164994/dv/kplr004164994-20160209194854_dvr.pdf,004/004164/004164994/dv/kplr004164994-001-20160209194854_dvs.pdf,5127.0,185.0,-185.0,4.589,0.03,-0.09,0.12,0.25,-0.3,0.782,0.104,-0.061,0.872,0.057,-0.092,,,,q1_q17_dr25_stellar,293.36285,39.212448,15.95,16.737,15.892,15.612,15.452,14.426,14.045,13.892,0.0,19.55752104,7.9e-07,39.212615,1e-05,-0.07,0.033,0.594,0.036,-0.0014,0.0017,0.0123,0.0021,-0.026,0.071,-0.283,0.071,0.285,0.071,0.03,0.11,0.143,0.089,0.145,0.099,kplr004164994,Kepler-816b,7,"(9, 10)","(0.1, 0.1111111111111111)"
771,6766634,K01375.01,Kepler-1746 b,CONFIRMED,Done,2018-08-16,CANDIDATE,0.677,0,0,0,0,q1_q17_dr25_sup_koi,NO_COMMENT,321.2124365,0.0004036,-0.0004036,206.930556,0.000994,-0.000994,2455039.931,0.000994,-0.000994,0.0,,,,,,0.873,0.035,-0.581,4.012,0.165,-0.165,,,,2358.6,33.2,-33.2,0.051603,0.00048,-0.006415,8.48974,43.05226,-3.05603,LS+MCMC,7.25,1.16,-1.17,0.9453,,,89.86,,,310.0,,,2.17,1.0,-0.76,359.0,166.0,-166.0,Claret (2011 A&A 529 75) ATLAS LS,0.0,0.0,0.2844,0.3661,q1_q17_dr25_koi,37.382668,79.74445,81.7,1,5.0,1.0,q1_q17_dr25_tce,11111111111111111000000000000000,0.2828,Mandel and Agol (2002 ApJ 580 171),,,006/006766/006766634/dv/kplr006766634-20160209194854_dvr.pdf,006/006766/006766634/dv/kplr006766634-001-20160209194854_dvs.pdf,6018.0,120.0,-120.0,4.257,0.137,-0.112,0.06,0.15,-0.15,1.286,0.207,-0.207,1.09,0.1,-0.082,,,,q1_q17_dr25_stellar,288.32043,42.261414,13.709,14.12,13.648,13.533,,12.495,12.26,12.232,0.122,19.2213596,4.2e-06,42.261466,4.8e-05,-0.09,0.17,0.19,0.17,0.00015,0.00046,-0.00044,0.00052,-0.01,0.1,0.03,0.13,0.03,0.12,-0.15,0.11,0.04,0.19,0.15,0.11,kplr006766634,Kepler-1746b,11,"(18, 22)","(0.045454545454545456, 0.05555555555555555)"
777,7831264,K00171.01,Kepler-116 b,CONFIRMED,Done,2018-08-16,CANDIDATE,1.0,0,0,0,0,q1_q17_dr25_sup_koi,NO_COMMENT,5.968724048,6.037e-06,-6.037e-06,137.158607,0.000811,-0.000811,2454970.159,0.000811,-0.000811,0.0,,,,,,0.166,0.263,-0.166,3.651,0.029,-0.029,,,,510.6,5.3,-5.3,0.020737,0.000395,-0.000209,1.06053,0.03742,-0.3561,LS+MCMC,3.26,0.58,-0.58,0.067,,,89.25,,,1251.0,,,579.9,299.63,-219.39,12.593,0.444,-0.444,Claret (2011 A&A 529 75) ATLAS LS,0.0,0.0,0.2904,0.3534,q1_q17_dr25_koi,9.55923,85.64559,107.1,2,225.0,1.0,q1_q17_dr25_tce,11111111111111111000000000000000,0.7027,Mandel and Agol (2002 ApJ 580 171),,,007/007831/007831264/dv/kplr007831264-20160209194854_dvr.pdf,007/007831/007831264/dv/kplr007831264-001-20160209194854_dvs.pdf,6122.0,136.0,-124.0,4.173,0.168,-0.112,0.02,0.15,-0.15,1.439,0.257,-0.257,1.123,0.116,-0.085,,,,q1_q17_dr25_stellar,294.74207,43.536831,13.717,14.047,13.668,13.575,13.557,12.703,12.486,12.383,0.076,19.6494669,3e-06,43.536819,3.8e-05,-0.14,0.12,-0.04,0.14,8.8e-05,5.9e-05,-4.5e-05,7e-05,0.02,0.13,0.09,0.15,0.09,0.16,0.09,0.12,-0.04,0.15,0.1,0.11,kplr007831264,Kepler-116b,16,"(45, 54)","(0.018518518518518517, 0.022222222222222223)"
779,7532973,K01450.01,Kepler-854 b,CONFIRMED,Done,2018-08-16,FALSE POSITIVE,0.041,0,1,0,0,q1_q17_dr25_sup_koi,HAS_SEC_TCE,2.144632238,1.266e-06,-1.266e-06,133.984128,0.000482,-0.000482,2454966.984,0.000482,-0.000482,0.0,,,,,,1.228,0.059,-0.048,6.2701,0.0362,-0.0362,,,,19837.0,76.9,-76.9,0.415349,0.050539,-0.0461,0.04677,0.00247,-0.00233,LS+MCMC,59.19,17.96,-11.97,0.0334,,,56.9,,,1736.0,,,2146.82,1923.32,-961.12,2.249,0.119,-0.119,Claret (2011 A&A 529 75) ATLAS LS,0.0,0.0,0.3023,0.3153,q1_q17_dr25_koi,117.24942,1522.2762,334.8,1,629.0,1.0,q1_q17_dr25_tce,11111111111111111000000000000000,0.1422,Mandel and Agol (2002 ApJ 580 171),,,007/007532/007532973/dv/kplr007532973-20160209194854_dvr.pdf,007/007532/007532973/dv/kplr007532973-001-20160209194854_dvs.pdf,6296.0,175.0,-219.0,4.24,0.18,-0.18,-0.16,0.25,-0.3,1.305,0.396,-0.264,1.076,0.181,-0.131,,,,q1_q17_dr25_stellar,293.35129,43.13464,13.48,13.847,13.409,13.322,13.184,12.378,12.106,12.046,0.0,19.556751202,6.9e-08,43.13466615,7.2e-07,-0.059,0.0027,0.0941,0.0026,-0.00069,0.00045,-0.00057,0.00062,0.055,0.067,0.116,0.067,0.128,0.067,0.011,0.067,0.069,0.068,0.07,0.068,kplr007532973,Kepler-854b,0,"(2, 3)","(0.3333333333333333, 0.5)"
783,8678594,K01261.01,Kepler-799 b,CONFIRMED,Done,2018-08-16,CANDIDATE,1.0,0,0,0,0,q1_q17_dr25_sup_koi,NO_COMMENT,133.460999,0.0002571,-0.0002571,216.04334,0.00138,-0.00138,2455049.043,0.00138,-0.00138,0.0,,,,,,0.249,0.043,-0.249,11.4997,0.0691,-0.0691,,,,5032.9,32.4,-32.4,0.064443,0.000305,-0.000722,0.82029,0.09191,-0.03712,LS+MCMC,11.21,1.72,-2.59,0.5167,,,89.84,,,433.0,,,8.29,3.42,-3.64,91.8,10.3,-10.3,Claret (2011 A&A 529 75) ATLAS LS,0.0,0.0,0.2329,0.4554,q1_q17_dr25_koi,60.005577,120.222275,162.3,2,10.0,1.0,q1_q17_dr25_tce,11111111111111111000000000000000,0.0001,Mandel and Agol (2002 ApJ 580 171),,,008/008678/008678594/dv/kplr008678594-20160209194854_dvr.pdf,008/008678/008678594/dv/kplr008678594-001-20160209194854_dvs.pdf,5588.0,83.0,-75.0,4.047,0.203,-0.087,0.14,0.15,-0.15,1.593,0.245,-0.368,1.031,0.094,-0.094,,,,q1_q17_dr25_stellar,287.1749,44.878571,15.12,15.593,15.048,14.917,14.888,13.969,13.601,13.524,0.014,19.1449926,3.1e-06,44.878542,3.5e-05,-0.01,0.12,-0.1,0.13,-0.00053,0.00081,0.001,0.001,0.164,0.097,-0.18,0.094,0.244,0.096,0.02,0.1,-0.14,0.12,0.14,0.12,kplr008678594,Kepler-799b,10,"(15, 18)","(0.05555555555555555, 0.06666666666666667)"
784,10925104,K00156.02,Kepler-114 b,CONFIRMED,Done,2018-08-16,CANDIDATE,0.992,0,0,0,0,q1_q17_dr25_sup_koi,CENT_KIC_POS,5.188563677,6.366e-06,-6.366e-06,145.362252,0.000992,-0.000992,2454978.362,0.000992,-0.000992,0.0,,,,,,0.179,0.209,-0.179,2.3683,0.0297,-0.0297,,,,358.7,7.0,-7.0,0.017039,0.000381,-0.000301,3.31186,0.42087,-0.58528,LS+MCMC,1.0,0.07,-0.06,0.0484,,,89.39,,,586.0,,,27.95,6.1,-5.21,16.77,2.1,-2.1,Claret (2011 A&A 529 75) ATLAS LS,0.0,0.0,0.2589,0.4639,q1_q17_dr25_koi,7.282807,42.199,56.4,3,239.0,3.0,q1_q17_dr25_tce,11111111111111111000000000000000,0.1985,Mandel and Agol (2002 ApJ 580 171),,,010/010925/010925104/dv/kplr010925104-20160209194854_dvr.pdf,010/010925/010925104/dv/kplr010925104-003-20160209194854_dvs.pdf,3980.0,79.0,-79.0,4.722,0.03,-0.033,-0.2,0.15,-0.15,0.54,0.033,-0.033,0.56,0.031,-0.038,,,,q1_q17_dr25_stellar,294.12143,48.349522,13.738,14.679,13.66,13.334,13.155,12.035,11.469,11.366,0.0,19.6080946,5.1e-06,48.349619,4.5e-05,0.0,0.18,0.35,0.16,0.000311,6.2e-05,-0.0001,5.5e-05,-0.31,0.11,0.1,0.13,0.33,0.11,0.11,0.11,0.77,0.13,0.78,0.13,kplr010925104,Kepler-114b,17,"(54, 65)","(0.015384615384615385, 0.018518518518518517)"
788,4076098,K01323.01,Kepler-817 b,CONFIRMED,Done,2018-08-16,CANDIDATE,1.0,0,0,0,0,q1_q17_dr25_sup_koi,NO_COMMENT,3.990105908,1.431e-06,-1.431e-06,355.840837,0.000252,-0.000252,2455188.841,0.000252,-0.000252,0.0,,,,,,0.582,0.057,-0.329,2.4108,0.0414,-0.0414,,,,6154.9,32.5,-32.5,0.074711,0.003166,-0.002293,1.78404,1.33361,-0.0184,LS+MCMC,7.45,2.18,-0.73,0.0493,,,87.09,,,1124.0,,,378.53,327.65,-114.98,11.45,4.3,-4.3,Claret (2011 A&A 529 75) ATLAS LS,0.0,0.0,0.2889,0.3511,q1_q17_dr25_koi,24.950838,246.02412,247.8,1,212.0,1.0,q1_q17_dr25_tce,00011011101110111000000000000000,0.9883,Mandel and Agol (2002 ApJ 580 171),,,004/004076/004076098/dv/kplr004076098-20160209194854_dvr.pdf,004/004076/004076098/dv/kplr004076098-001-20160209194854_dvs.pdf,5926.0,166.0,-228.0,4.519,0.048,-0.192,-0.12,0.3,-0.3,0.913,0.267,-0.089,1.004,0.122,-0.135,,,,q1_q17_dr25_stellar,296.08185,39.161621,15.572,16.125,15.538,15.334,15.262,14.386,14.025,13.954,0.0,19.7387933,1.6e-06,39.16153,1.7e-05,0.14,0.065,-0.324,0.062,0.0001,0.00065,-0.00249,0.00076,-0.012,0.068,0.133,0.072,0.134,0.072,-0.013,0.068,0.011,0.068,0.017,0.068,kplr004076098,Kepler-817b,9,"(12, 15)","(0.06666666666666667, 0.08333333333333333)"
790,4282872,K01325.01,Kepler-818 b,CONFIRMED,Done,2018-08-16,CANDIDATE,1.0,0,0,0,0,q1_q17_dr25_sup_koi,NO_COMMENT,10.035381809,6.475e-06,-6.475e-06,137.471481,0.00054,-0.00054,2454970.471,0.00054,-0.00054,0.0,,,,,,0.079,0.284,-0.079,3.4062,0.0265,-0.0265,,,,2829.7,21.7,-21.7,0.048571,0.00075,-0.000314,2.45043,0.09733,-0.45195,LS+MCMC,4.42,1.13,-0.38,0.0886,,,89.81,,,786.0,,,90.33,68.12,-23.39,23.541,0.935,-0.935,Claret (2011 A&A 529 75) ATLAS LS,0.0,0.0,0.2787,0.3728,q1_q17_dr25_koi,18.218279,139.00804,150.9,1,107.0,1.0,q1_q17_dr25_tce,11111011101110111000000000000000,0.6847,Mandel and Agol (2002 ApJ 580 171),,,004/004282/004282872/dv/kplr004282872-20160209194854_dvr.pdf,004/004282/004282872/dv/kplr004282872-001-20160209194854_dvs.pdf,5813.0,157.0,-174.0,4.561,0.042,-0.168,-0.28,0.3,-0.3,0.833,0.213,-0.071,0.925,0.101,-0.111,,,,q1_q17_dr25_stellar,296.23511,39.370338,15.062,15.566,15.019,14.846,14.789,13.882,13.476,13.448,0.0,19.7490029,2.4e-06,39.370255,2.8e-05,-0.16,0.1,-0.3,0.1,-0.0015,0.00034,-0.00079,0.00036,0.16,0.086,0.042,0.074,0.165,0.088,-0.051,0.083,-0.12,0.072,0.13,0.077,kplr004282872,Kepler-818b,11,"(18, 22)","(0.045454545454545456, 0.05555555555555555)"
801,11600889,K01442.01,Kepler-407 b,CONFIRMED,Done,2018-08-16,CANDIDATE,1.0,0,0,0,0,q1_q17_dr25_sup_koi,NO_COMMENT,0.669310092,5.87e-07,-5.87e-07,134.131388,0.000727,-0.000727,2454967.131,0.000727,-0.000727,0.0,,,,,,0.157,0.272,-0.157,1.6274,0.0254,-0.0254,,,,131.8,2.1,-2.1,0.010342,0.000265,-0.000154,1.37509,0.04014,-0.44274,LS+MCMC,1.13,0.16,-0.09,0.0149,,,87.19,,,1983.0,,,3643.96,1449.66,-796.61,3.1933,0.0932,-0.0932,Claret (2011 A&A 529 75) ATLAS LS,0.0,0.0,0.2193,0.4785,q1_q17_dr25_koi,4.3349285,21.097862,75.3,1,1592.0,1.0,q1_q17_dr25_tce,11111110111011101000000000000000,1.0,Mandel and Agol (2002 ApJ 580 171),,,011/011600/011600889/dv/kplr011600889-20160209194854_dvr.pdf,011/011600/011600889/dv/kplr011600889-001-20160209194854_dvs.pdf,5475.0,109.0,-109.0,4.426,0.076,-0.104,0.34,0.1,-0.15,1.003,0.137,-0.08,0.977,0.046,-0.051,,,,q1_q17_dr25_stellar,286.03635,49.61451,12.521,13.046,12.442,12.296,12.235,11.332,10.983,10.911,0.664,19.0690917,8.4e-06,49.614547,8.8e-05,0.06,0.29,0.13,0.32,-1.6e-05,2.1e-05,-1e-06,2.3e-05,0.07,0.16,0.14,0.16,0.15,0.14,-0.03,0.16,0.18,0.16,0.18,0.17,kplr011600889,Kepler-407b,20,"(93, 112)","(0.008928571428571428, 0.010752688172043012)"
806,8547140,K01266.01,Kepler-801 b,CONFIRMED,Done,2018-08-16,CANDIDATE,1.0,0,0,0,0,q1_q17_dr25_sup_koi,NO_COMMENT,11.41926141,2.322e-05,-2.322e-05,137.66894,0.00166,-0.00166,2454970.669,0.00166,-0.00166,0.0,,,,,,0.242,0.182,-0.242,3.9908,0.0545,-0.0545,,,,915.6,18.1,-18.1,0.027481,0.000611,-0.000493,1.5102,0.17801,-0.36802,LS+MCMC,1.48,0.16,-0.23,0.0795,,,89.36,,,419.0,,,7.32,3.38,-2.98,21.83,2.6,-2.6,Claret (2011 A&A 529 75) ATLAS LS,0.0,0.0,0.426,0.2631,q1_q17_dr25_koi,7.3355713,45.465565,58.0,1,117.0,1.0,q1_q17_dr25_tce,11111111111111111000000000000000,0.371,Mandel and Agol (2002 ApJ 580 171),,,008/008547/008547140/dv/kplr008547140-20160209194854_dvr.pdf,008/008547/008547140/dv/kplr008547140-001-20160209194854_dvs.pdf,3823.0,167.0,-184.0,4.765,0.077,-0.056,-0.2,0.1,-0.15,0.492,0.054,-0.074,0.513,0.049,-0.074,,,,q1_q17_dr25_stellar,286.07523,44.664639,15.314,16.352,15.249,14.869,14.668,13.489,12.888,12.763,0.21,19.0716803,6.7e-06,44.664712,8e-05,-0.09,0.26,0.26,0.29,0.0,0.00024,-0.00024,0.00027,-0.044,0.092,-0.18,0.12,0.19,0.12,-0.169,0.096,-0.19,0.11,0.25,0.11,kplr008547140,Kepler-801b,14,"(31, 37)","(0.02702702702702703, 0.03225806451612903)"
818,9527915,K00165.01,Kepler-478 b,CONFIRMED,Done,2018-08-16,CANDIDATE,1.0,0,0,0,0,q1_q17_dr25_sup_koi,NO_COMMENT,13.22175358,1.342e-05,-1.342e-05,139.570627,0.000829,-0.000829,2454972.571,0.000829,-0.000829,0.0,,,,,,0.451,0.007,-0.445,2.7884,0.0322,-0.0322,,,,876.5,11.0,-11.0,0.027249,0.003845,-0.000646,4.04712,1.64017,-0.4068,LS+MCMC,2.38,0.18,-0.12,0.1032,,,89.23,,,640.0,,,39.56,9.88,-6.43,33.4,13.6,-13.6,Claret (2011 A&A 529 75) ATLAS LS,0.0,0.0,0.1959,0.5086,q1_q17_dr25_koi,12.088782,84.771255,93.6,1,100.0,1.0,q1_q17_dr25_tce,11111111111111111000000000000000,0.3071,Mandel and Agol (2002 ApJ 580 171),,,009/009527/009527915/dv/kplr009527915-20160209194854_dvr.pdf,009/009527/009527915/dv/kplr009527915-001-20160209194854_dvs.pdf,5211.0,103.0,-103.0,4.556,0.032,-0.059,0.0,0.15,-0.15,0.799,0.06,-0.038,0.838,0.046,-0.046,,,,q1_q17_dr25_stellar,292.48694,46.196209,13.938,14.574,13.896,13.665,13.531,12.57,12.113,12.005,0.0,19.4991311,3.6e-06,46.19626,4.2e-05,0.07,0.13,0.18,0.15,0.00013,0.00012,-0.00057,0.00014,0.03,0.12,-0.01,0.12,0.03,0.12,0.21,0.11,-0.03,0.12,0.21,0.12,kplr009527915,Kepler-478b,15,"(37, 45)","(0.022222222222222223, 0.02702702702702703)"
828,8564587,K01270.01,Kepler-57 b,CONFIRMED,Done,2018-08-16,CANDIDATE,1.0,0,0,0,0,q1_q17_dr25_sup_koi,NO_COMMENT,5.729317577,4.529e-06,-4.529e-06,138.559971,0.000641,-0.000641,2454971.56,0.000641,-0.000641,0.0,,,,,,0.597,0.297,-0.389,1.1816,0.0247,-0.0247,,,,865.4,17.7,-17.7,0.028094,0.003956,-0.001311,17.18007,13.57,-13.49255,LS+MCMC,2.41,0.38,-0.2,0.06,,,88.9,,,850.0,,,123.03,61.68,-30.46,31.0,12.2,-12.2,Claret (2011 A&A 529 75) ATLAS LS,0.0,0.0,0.2043,0.4966,q1_q17_dr25_koi,6.689879,41.12044,59.0,2,230.0,1.0,q1_q17_dr25_tce,11111111111111111000000000000000,0.9073,Mandel and Agol (2002 ApJ 580 171),,,008/008564/008564587/dv/kplr008564587-20160209194854_dvr.pdf,008/008564/008564587/dv/kplr008564587-001-20160209194854_dvs.pdf,5320.0,159.0,-143.0,4.589,0.028,-0.105,-0.06,0.3,-0.3,0.786,0.122,-0.066,0.882,0.061,-0.104,,,,q1_q17_dr25_stellar,293.6413,44.65704,14.809,15.428,14.736,14.544,14.437,13.437,13.022,12.897,,19.5760921,6.2e-06,44.657117,7.3e-05,0.23,0.24,0.28,0.26,,,-0.00019,0.00024,0.08,0.12,0.12,0.1,0.14,0.11,0.13,0.12,0.27,0.1,0.3,0.11,kplr008564587,Kepler-57b,14,"(31, 37)","(0.02702702702702703, 0.03225806451612903)"
829,10925104,K00156.03,Kepler-114 d,CONFIRMED,Done,2018-08-16,CANDIDATE,1.0,0,0,0,0,q1_q17_dr25_sup_koi,CENT_KIC_POS,11.776132317,6.963e-06,-6.963e-06,142.705753,0.000498,-0.000498,2454975.706,0.000498,-0.000498,0.0,,,,,,0.54,0.266,-0.335,2.8971,0.0261,-0.0261,,,,1430.8,9.6,-9.6,0.035355,0.00234,-0.001145,2.81699,1.33566,-1.83328,LS+MCMC,2.08,0.13,-0.12,0.0836,,,88.87,,,446.0,,,9.37,2.04,-1.75,27.4,13.0,-13.0,Claret (2011 A&A 529 75) ATLAS LS,0.0,0.0,0.2589,0.4639,q1_q17_dr25_koi,20.594381,137.93265,163.5,3,114.0,1.0,q1_q17_dr25_tce,11111111111111111000000000000000,0.3215,Mandel and Agol (2002 ApJ 580 171),,,010/010925/010925104/dv/kplr010925104-20160209194854_dvr.pdf,010/010925/010925104/dv/kplr010925104-001-20160209194854_dvs.pdf,3980.0,79.0,-79.0,4.722,0.03,-0.033,-0.2,0.15,-0.15,0.54,0.033,-0.033,0.56,0.031,-0.038,,,,q1_q17_dr25_stellar,294.12143,48.349522,13.738,14.679,13.66,13.334,13.155,12.035,11.469,11.366,0.0,19.6081081,1.7e-06,48.349659,1.4e-05,0.482,0.06,0.501,0.052,0.000634,9.4e-05,-0.000634,9.5e-05,-0.245,0.072,0.1,0.11,0.263,0.081,0.206,0.073,0.8,0.11,0.83,0.11,kplr010925104,Kepler-114d,13,"(26, 31)","(0.03225806451612903, 0.038461538461538464)"
833,8806072,K01273.01,Kepler-802 b,CONFIRMED,Done,2018-08-16,CANDIDATE,0.927,0,0,0,0,q1_q17_dr25_sup_koi,NO_COMMENT,40.05881661,9.527e-05,-9.527e-05,169.91063,0.00193,-0.00193,2455002.911,0.00193,-0.00193,0.0,,,,,,0.819,0.013,-0.572,5.595,0.108,-0.108,,,,1239.4,22.4,-22.4,0.03618,9.5e-05,-0.003812,0.49325,1.57648,-0.0115,LS+MCMC,3.43,0.98,-0.31,0.2265,,,88.65,,,489.0,,,13.57,11.36,-3.61,34.7,15.9,-15.9,Claret (2011 A&A 529 75) ATLAS LS,0.0,0.0,0.2622,0.4035,q1_q17_dr25_koi,11.998382,46.182766,62.6,1,32.0,1.0,q1_q17_dr25_tce,11111111111111111000000000000000,0.0501,Mandel and Agol (2002 ApJ 580 171),,,008/008806/008806072/dv/kplr008806072-20160209194854_dvr.pdf,008/008806/008806072/dv/kplr008806072-001-20160209194854_dvs.pdf,5668.0,152.0,-169.0,4.545,0.034,-0.195,-0.02,0.25,-0.3,0.868,0.248,-0.078,0.963,0.094,-0.104,,,,q1_q17_dr25_stellar,286.01587,45.007771,14.862,15.402,14.799,14.63,14.549,13.596,13.307,13.105,0.36,19.0677263,6.6e-06,45.00772,7.6e-05,0.09,0.25,-0.18,0.27,-0.00018,0.00033,0.00019,0.00036,-0.11,0.1,-0.01,0.097,0.11,0.1,-0.23,0.11,-0.046,0.097,0.24,0.11,kplr008806072,Kepler-802b,13,"(26, 31)","(0.03225806451612903, 0.038461538461538464)"
838,8972058,K00159.01,Kepler-115 c,CONFIRMED,Done,2018-08-16,CANDIDATE,1.0,0,0,0,0,q1_q17_dr25_sup_koi,NO_COMMENT,8.99088621,1.135e-05,-1.135e-05,136.73923,0.00107,-0.00107,2454969.739,0.00107,-0.00107,0.0,,,,,,0.77,0.016,-0.529,4.2447,0.0306,-0.0306,,,,469.7,5.4,-5.4,0.021706,5.2e-05,-0.001717,0.30277,0.63555,-0.07293,LS+MCMC,2.78,0.46,-0.39,0.0856,,,85.95,,,960.0,,,200.35,92.7,-62.82,10.9,4.6,-4.6,Claret (2011 A&A 529 75) ATLAS LS,0.0,0.0,0.2844,0.3661,q1_q17_dr25_koi,9.809175,72.13723,93.6,2,147.0,1.0,q1_q17_dr25_tce,11111111111111111000000000000000,0.3623,Mandel and Agol (2002 ApJ 580 171),,,008/008972/008972058/dv/kplr008972058-20160209194854_dvr.pdf,008/008972/008972058/dv/kplr008972058-001-20160209194854_dvs.pdf,5881.0,105.0,-117.0,4.315,0.115,-0.115,0.07,0.15,-0.15,1.171,0.196,-0.161,1.032,0.089,-0.067,,,,q1_q17_dr25_stellar,297.71185,45.261921,13.431,13.87,13.384,13.243,13.2,12.315,12.028,11.97,0.947,19.8474592,4.1e-06,45.261978,4e-05,0.12,0.16,0.21,0.15,6e-06,7.2e-05,-1.1e-05,6.8e-05,-0.02,0.13,0.15,0.12,0.15,0.12,0.14,0.14,0.36,0.13,0.38,0.15,kplr008972058,Kepler-115c,16,"(45, 54)","(0.018518518518518517, 0.022222222222222223)"
848,7832356,K01456.01,Kepler-855 b,CONFIRMED,Done,2018-08-16,CANDIDATE,1.0,0,0,0,0,q1_q17_dr25_sup_koi,NO_COMMENT,7.886632468,3.478e-06,-3.478e-06,360.514132,0.000308,-0.000308,2455193.514,0.000308,-0.000308,0.0,,,,,,0.048,0.1,-0.048,5.2147,0.0118,-0.0118,,,,6331.2,18.3,-18.3,0.07252,0.000238,-0.000112,0.57917,0.00319,-0.02982,LS+MCMC,8.99,2.64,-1.76,0.0762,,,89.78,,,996.0,,,232.07,205.05,-100.77,12.3949,0.0683,-0.0683,Claret (2011 A&A 529 75) ATLAS LS,0.0,0.0,0.2676,0.3928,q1_q17_dr25_koi,44.01799,340.98322,392.3,1,145.0,1.0,q1_q17_dr25_tce,00011111111111111000000000000000,0.5002,Mandel and Agol (2002 ApJ 580 171),,,007/007832/007832356/dv/kplr007832356-20160209194854_dvr.pdf,007/007832/007832356/dv/kplr007832356-001-20160209194854_dvs.pdf,5847.0,176.0,-193.0,4.304,0.18,-0.18,-0.12,0.3,-0.3,1.135,0.333,-0.222,0.946,0.14,-0.102,,,,q1_q17_dr25_stellar,295.095,43.537579,15.014,15.585,14.983,14.77,14.693,13.737,13.403,13.338,0.0,19.67299661,7e-07,43.5375807,8.1e-06,-0.105,0.027,0.002,0.029,0.00135,0.00037,0.00129,0.00048,-0.025,0.067,-0.027,0.067,0.036,0.068,0.004,0.068,-0.009,0.069,0.009,0.07,kplr007832356,Kepler-855b,9,"(12, 15)","(0.06666666666666667, 0.08333333333333333)"
849,9643874,K01457.01,Kepler-856 b,CONFIRMED,Done,2018-08-16,CANDIDATE,1.0,0,0,0,0,q1_q17_dr25_sup_koi,NO_COMMENT,8.027681123,1.97e-06,-1.97e-06,360.171355,0.000171,-0.000171,2455193.171,0.000171,-0.000171,0.0,,,,,,0.495,0.046,-0.148,3.0942,0.0307,-0.0307,,,,8725.4,23.9,-23.9,0.087025,0.000503,-0.001815,2.07468,0.51068,-0.20516,LS+MCMC,8.43,2.25,-0.75,0.0787,,,88.52,,,824.0,,,109.35,90.48,-29.96,19.19,4.7,-4.7,Claret (2011 A&A 529 75) ATLAS LS,0.0,0.0,0.224,0.4695,q1_q17_dr25_koi,52.73975,459.2871,461.5,1,142.0,1.0,q1_q17_dr25_tce,00011111111111111000000000000000,0.9255,Mandel and Agol (2002 ApJ 580 171),,,009/009643/009643874/dv/kplr009643874-20160209194854_dvr.pdf,009/009643/009643874/dv/kplr009643874-001-20160209194854_dvs.pdf,5569.0,183.0,-183.0,4.546,0.033,-0.187,0.21,0.2,-0.3,0.887,0.237,-0.079,1.009,0.084,-0.126,,,,q1_q17_dr25_stellar,289.60382,46.314949,15.57,16.182,15.499,15.307,15.188,14.277,13.918,13.905,0.0,19.30692641,7e-07,46.3148559,7.8e-06,0.165,0.026,-0.339,0.028,2e-05,0.00052,-0.00605,0.00072,-0.046,0.067,0.058,0.069,0.074,0.068,0.022,0.067,-0.022,0.068,0.031,0.068,kplr009643874,Kepler-856b,8,"(10, 12)","(0.08333333333333333, 0.1)"
850,8800954,K01274.01,Kepler-421 b,CONFIRMED,Done,2018-08-16,CANDIDATE,,0,0,0,0,q1_q17_dr25_sup_koi,,704.962626,0.00905,-0.00905,492.77178,0.00398,-0.00398,2455325.772,0.00398,-0.00398,0.0,,,,,,0.8495,0.0063,-0.3772,18.003,0.732,-0.732,,,,2319.1,58.1,-58.1,0.050753,0.000788,-0.004967,0.24101,0.42721,-0.1066,MCMC,4.53,0.35,-0.36,1.4108,,,89.95,,,178.0,,,0.24,0.06,-0.05,185.0,82.0,-82.0,Claret (2011 A&A 529 75) ATLAS LS,0.0,0.0,0.218,0.4744,q1_q16_koi,,,96.1,1,,,,,,Mandel and Agol (2002 ApJ 580 171),,,,,5305.0,121.0,-95.0,4.489,0.076,-0.046,-0.26,0.18,-0.14,0.818,0.062,-0.066,0.753,0.066,-0.029,,,,stellar_q1_q16,283.25681,45.08778,13.354,13.928,13.314,13.107,13.008,12.009,11.619,11.535,,,,,,,,,,,,,,,,,,,,,,,,,,kplr008800954,Kepler-421b,11,"(18, 22)","(0.045454545454545456, 0.05555555555555555)"
851,8583696,K01275.01,Kepler-803 b,CONFIRMED,Done,2018-08-16,CANDIDATE,0.936,0,0,0,0,q1_q17_dr25_sup_koi,NO_COMMENT,50.28635977,8.516e-05,-8.516e-05,167.63351,0.00133,-0.00133,2455000.634,0.00133,-0.00133,0.0,,,,,,0.018,0.326,-0.017,6.3212,0.0464,-0.0464,,,,1119.3,12.8,-12.8,0.030461,0.000503,-0.000226,1.8368,0.06218,-0.32526,LS+MCMC,3.88,0.62,-0.56,0.2678,,,89.98,,,543.0,,,20.59,9.07,-6.66,62.62,2.1,-2.1,Claret (2011 A&A 529 75) ATLAS LS,0.0,0.0,0.2868,0.3588,q1_q17_dr25_koi,23.326159,91.00462,99.5,1,24.0,1.0,q1_q17_dr25_tce,11111111111111111000000000000000,0.6261,Mandel and Agol (2002 ApJ 580 171),,,008/008583/008583696/dv/kplr008583696-20160209194854_dvr.pdf,008/008583/008583696/dv/kplr008583696-001-20160209194854_dvs.pdf,5900.0,105.0,-117.0,4.309,0.132,-0.108,0.0,0.15,-0.15,1.167,0.185,-0.168,1.012,0.082,-0.067,,,,q1_q17_dr25_stellar,299.22162,44.693871,13.672,14.207,13.611,13.442,13.347,12.415,12.074,11.993,0.0,19.9481108,4e-06,44.693839,4.3e-05,0.13,0.15,-0.11,0.16,-0.00012,0.00017,-0.00058,0.00018,0.08,0.14,0.145,0.095,0.17,0.11,0.12,0.16,0.17,0.1,0.21,0.12,kplr008583696,Kepler-803b,14,"(31, 37)","(0.02702702702702703, 0.03225806451612903)"
855,4155328,K01335.01,Kepler-820 b,CONFIRMED,Done,2018-08-16,CANDIDATE,1.0,0,0,0,0,q1_q17_dr25_sup_koi,NO_COMMENT,127.8334997,0.000404,-0.000404,293.41845,0.00249,-0.00249,2455126.418,0.00249,-0.00249,0.0,,,,,,0.416,0.035,-0.38,10.914,0.113,-0.113,,,,1829.9,27.4,-27.4,0.039937,0.003339,-0.000536,0.71826,0.24384,-0.0371,LS+MCMC,9.46,1.56,-2.14,0.5829,,,89.72,,,554.0,,,22.21,9.24,-9.6,85.3,29.0,-29.0,Claret (2011 A&A 529 75) ATLAS LS,0.0,0.0,0.3218,0.299,q1_q17_dr25_koi,20.093134,52.61262,76.9,1,10.0,1.0,q1_q17_dr25_tce,11111111111111111000000000000000,0.2702,Mandel and Agol (2002 ApJ 580 171),,,004/004155/004155328/dv/kplr004155328-20160209194854_dvr.pdf,004/004155/004155328/dv/kplr004155328-001-20160209194854_dvs.pdf,6505.0,71.0,-84.0,3.973,0.18,-0.105,0.36,0.1,-0.15,2.17,0.357,-0.492,1.613,0.122,-0.183,,,,q1_q17_dr25_stellar,291.02014,39.22068,13.968,14.42,13.942,13.774,13.712,12.841,12.584,12.53,0.241,19.4013392,3.4e-06,39.220626,4.2e-05,-0.17,0.14,-0.2,0.15,0.00014,0.00033,0.00023,0.00038,-0.11,0.11,-0.083,0.08,0.141,0.095,-0.22,0.11,-0.155,0.073,0.267,0.099,kplr004155328,Kepler-820b,12,"(22, 26)","(0.038461538461538464, 0.045454545454545456)"
862,2441495,K00166.01,Kepler-479 b,CONFIRMED,Done,2018-08-16,CANDIDATE,1.0,0,0,0,0,q1_q17_dr25_sup_koi,CENT_KIC_POS,12.49340725,1.236e-05,-1.236e-05,138.462232,0.000841,-0.000841,2454971.462,0.000841,-0.000841,0.0,,,,,,0.594,0.27,-0.395,2.2614,0.0287,-0.0287,,,,715.7,10.8,-10.8,0.025332,0.003488,-0.001296,5.32867,3.71981,-3.24893,LS+MCMC,2.2,0.17,-0.1,0.0994,,,89.04,,,649.0,,,42.08,10.56,-6.76,35.3,12.3,-12.3,Claret (2011 A&A 529 75) ATLAS LS,0.0,0.0,0.1959,0.5086,q1_q17_dr25_koi,11.230513,66.14145,76.2,1,107.0,1.0,q1_q17_dr25_tce,11111111111111111000000000000000,0.3994,Mandel and Agol (2002 ApJ 580 171),,,002/002441/002441495/dv/kplr002441495-20160209194854_dvr.pdf,002/002441/002441495/dv/kplr002441495-001-20160209194854_dvs.pdf,5207.0,103.0,-103.0,4.561,0.032,-0.063,0.0,0.15,-0.15,0.795,0.06,-0.037,0.84,0.043,-0.047,,,,q1_q17_dr25_stellar,291.02185,37.769791,13.575,14.183,13.504,13.315,13.194,12.237,11.784,11.716,0.006,19.4014544,4.4e-06,37.769677,6.1e-05,-0.07,0.19,-0.41,0.22,0.00025,0.00013,0.00012,0.00016,-0.173,0.099,0.085,0.091,0.193,0.098,0.142,0.091,0.398,0.099,0.42,0.1,kplr002441495,Kepler-479b,15,"(37, 45)","(0.022222222222222223, 0.02702702702702703)"
873,6541920,K00157.01,Kepler-11 c,CONFIRMED,Done,2018-08-16,CANDIDATE,1.0,0,0,0,0,q1_q17_dr25_sup_koi,NO_COMMENT,13.02493307,1.263e-05,-1.263e-05,138.176157,0.000779,-0.000779,2454971.176,0.000779,-0.000779,0.0,,,,,,0.004,0.337,-0.004,4.5706,0.0283,-0.0283,,,,778.4,6.7,-6.7,0.025235,0.000406,-0.000174,1.24113,0.02338,-0.22201,LS+MCMC,2.88,0.19,-0.18,0.1055,,,89.99,,,786.0,,,90.1,20.51,-16.81,22.327,0.421,-0.421,Claret (2011 A&A 529 75) ATLAS LS,0.0,0.0,0.2622,0.4035,q1_q17_dr25_koi,17.771702,94.94626,119.3,6,99.0,2.0,q1_q17_dr25_tce,11111111111111111000000000000000,0.4705,Mandel and Agol (2002 ApJ 580 171),,,006/006541/006541920/dv/kplr006541920-20160209194854_dvr.pdf,006/006541/006541920/dv/kplr006541920-002-20160209194854_dvs.pdf,5657.0,113.0,-101.0,4.364,0.055,-0.045,0.0,0.15,-0.15,1.046,0.068,-0.068,0.921,0.071,-0.052,,,,q1_q17_dr25_stellar,297.11511,41.909142,13.709,14.178,13.653,13.508,13.455,12.548,12.237,12.18,0.001,19.8076774,2.7e-06,41.90923,2.7e-05,0.11,0.11,0.324,0.097,-0.000134,8.3e-05,0.000123,7.7e-05,-0.11,0.12,0.12,0.13,0.16,0.12,-0.15,0.12,0.26,0.13,0.3,0.12,kplr006541920,Kepler-11c,15,"(37, 45)","(0.022222222222222223, 0.02702702702702703)"
893,8628758,K01279.01,Kepler-804 b,CONFIRMED,Done,2018-08-16,CANDIDATE,1.0,0,0,0,0,q1_q17_dr25_sup_koi,NO_COMMENT,14.37457572,3.311e-05,-3.311e-05,138.20189,0.00192,-0.00192,2454971.202,0.00192,-0.00192,0.0,,,,,,0.035,0.384,-0.035,4.7892,0.057,-0.057,,,,335.8,6.6,-6.6,0.016643,0.000446,-0.000215,1.15872,0.06673,-0.29441,LS+MCMC,1.94,0.29,-0.24,0.1137,,,89.91,,,779.0,,,87.24,37.61,-25.3,23.3,1.3,-1.3,Claret (2011 A&A 529 75) ATLAS LS,0.0,0.0,0.2622,0.4035,q1_q17_dr25_koi,6.8020535,42.90383,55.2,2,95.0,1.0,q1_q17_dr25_tce,11111111111111111000000000000000,0.5121,Mandel and Agol (2002 ApJ 580 171),,,008/008628/008628758/dv/kplr008628758-20160209194854_dvr.pdf,008/008628/008628758/dv/kplr008628758-001-20160209194854_dvs.pdf,5768.0,115.0,-115.0,4.358,0.121,-0.11,-0.04,0.15,-0.15,1.067,0.16,-0.131,0.946,0.072,-0.057,,,,q1_q17_dr25_stellar,293.37225,44.785141,13.749,14.201,13.695,13.555,13.486,12.631,12.3,12.246,0.094,19.5581433,6.2e-06,44.785121,6.9e-05,-0.28,0.24,-0.07,0.25,9.8e-05,8e-05,6.1e-05,8.3e-05,0.03,0.14,-0.04,0.14,0.06,0.14,-0.02,0.12,0.06,0.13,0.07,0.13,kplr008628758,Kepler-804b,17,"(54, 65)","(0.015384615384615385, 0.018518518518518517)"
897,8822366,K01282.01,Kepler-805 b,CONFIRMED,Done,2018-08-16,CANDIDATE,0.998,0,0,0,0,q1_q17_dr25_sup_koi,NO_COMMENT,30.8639476,0.000107,-0.000107,162.88077,0.00279,-0.00279,2454995.881,0.00279,-0.00279,0.0,,,,,,0.907,0.014,-0.649,8.864,0.11,-0.11,,,,256.5,4.7,-4.7,0.017519,6.8e-05,-0.002412,0.03676,0.33956,-0.00859,LS+MCMC,3.01,0.16,-0.13,0.1978,,,85.76,,,743.0,,,72.05,12.48,-9.15,12.28,6.0,-6.0,Claret (2011 A&A 529 75) ATLAS LS,0.0,0.0,0.2904,0.3534,q1_q17_dr25_koi,9.325203,43.234566,63.0,1,47.0,1.0,q1_q17_dr25_tce,11111111111111111000000000000000,0.44,Mandel and Agol (2002 ApJ 580 171),,,008/008822/008822366/dv/kplr008822366-20160209194854_dvr.pdf,008/008822/008822366/dv/kplr008822366-001-20160209194854_dvs.pdf,5977.0,80.0,-80.0,4.08,0.02,-0.018,-0.04,0.2,-0.15,1.571,0.086,-0.063,1.081,0.104,-0.069,,,,q1_q17_dr25_stellar,293.22995,45.05331,12.547,12.891,12.507,12.399,12.373,11.547,11.294,11.2,0.177,19.548665,4.8e-06,45.053413,5.5e-05,0.06,0.18,0.37,0.2,-1.7e-05,4.6e-05,-4.7e-05,5e-05,0.1,0.27,-0.14,0.16,0.17,0.21,0.21,0.27,0.08,0.16,0.22,0.26,kplr008822366,Kepler-805b,17,"(54, 65)","(0.015384615384615385, 0.018518518518518517)"
904,11666881,K00167.01,Kepler-480 b,CONFIRMED,Done,2018-08-16,CANDIDATE,1.0,0,0,0,0,q1_q17_dr25_sup_koi,NO_COMMENT,4.919584997,4.556e-06,-4.556e-06,134.602396,0.000743,-0.000743,2454967.602,0.000743,-0.000743,0.0,,,,,,0.243,0.142,-0.243,4.1988,0.0253,-0.0253,,,,425.7,3.8,-3.8,0.019011,0.000222,-0.000243,0.54735,0.05569,-0.09942,LS+MCMC,2.86,0.5,-0.36,0.0605,,,88.43,,,1312.0,,,702.13,337.95,-208.32,8.88,0.904,-0.904,Claret (2011 A&A 529 75) ATLAS LS,0.0,0.0,0.3052,0.3236,q1_q17_dr25_koi,10.438369,85.9939,132.0,1,272.0,1.0,q1_q17_dr25_tce,11111111111111111000000000000000,0.4412,Mandel and Agol (2002 ApJ 580 171),,,011/011666/011666881/dv/kplr011666881-20160209194854_dvr.pdf,011/011666/011666881/dv/kplr011666881-001-20160209194854_dvs.pdf,6236.0,111.0,-124.0,4.246,0.11,-0.121,0.12,0.15,-0.15,1.378,0.241,-0.175,1.224,0.097,-0.107,,,,q1_q17_dr25_stellar,294.4639,49.765041,13.273,13.562,13.216,13.15,13.144,12.332,12.11,12.065,0.482,19.6309253,3.1e-06,49.76506,3.4e-05,-0.02,0.11,0.07,0.12,4.1e-05,4.1e-05,3e-06,4.6e-05,-0.074,0.098,-0.007,0.095,0.075,0.098,-0.062,0.099,0.087,0.094,0.107,0.096,kplr011666881,Kepler-480b,16,"(45, 54)","(0.018518518518518517, 0.022222222222222223)"
906,9271752,K01406.01,Kepler-836 b,CONFIRMED,Done,2018-08-16,CANDIDATE,1.0,0,0,0,0,q1_q17_dr25_sup_koi,NO_COMMENT,11.36113254,2.414e-05,-2.414e-05,136.92584,0.0017,-0.0017,2454969.926,0.0017,-0.0017,0.0,,,,,,0.734,0.01,-0.528,4.1886,0.0592,-0.0592,,,,569.5,11.3,-11.3,0.023554,0.002479,-0.001558,0.47666,0.84668,-0.00244,LS+MCMC,2.6,0.86,-0.29,0.1013,,,87.16,,,869.0,,,134.97,132.49,-41.14,14.82,6.6,-6.6,Claret (2011 A&A 529 75) ATLAS LS,0.0,0.0,0.3032,0.3147,q1_q17_dr25_koi,7.1512623,47.52569,57.0,1,118.0,1.0,q1_q17_dr25_tce,11111111111111111000000000000000,0.3614,Mandel and Agol (2002 ApJ 580 171),,,009/009271/009271752/dv/kplr009271752-20160209194854_dvr.pdf,009/009271/009271752/dv/kplr009271752-001-20160209194854_dvs.pdf,6244.0,175.0,-197.0,4.46,0.056,-0.224,-0.2,0.3,-0.3,1.009,0.335,-0.112,1.069,0.158,-0.144,,,,q1_q17_dr25_stellar,287.45279,45.704399,14.63,15.026,14.581,14.46,14.414,13.539,13.244,13.15,0.281,19.1635169,7.2e-06,45.704349,7.6e-05,-0.09,0.27,-0.19,0.27,0.0001,0.00015,0.00011,0.00016,0.011,0.096,0.07,0.12,0.07,0.12,0.092,0.098,0.12,0.13,0.15,0.12,kplr009271752,Kepler-836b,15,"(37, 45)","(0.022222222222222223, 0.02702702702702703)"
914,12252424,K00153.01,Kepler-113 c,CONFIRMED,Done,2018-08-16,CANDIDATE,1.0,0,0,0,0,q1_q17_dr25_sup_koi,NO_COMMENT,8.925079516,5.992e-06,-5.992e-06,139.71389,0.000532,-0.000532,2454972.714,0.000532,-0.000532,0.0,,,,,,0.74,0.003,-0.525,2.6766,0.0265,-0.0265,,,,977.5,8.0,-8.0,0.031128,0.000379,-0.00278,1.46032,2.4083,-0.75396,LS+MCMC,2.36,0.16,-0.08,0.0763,,,87.69,,,628.0,,,36.89,8.87,-4.88,18.32,7.6,-7.6,Claret (2011 A&A 529 75) ATLAS LS,0.0,0.0,0.1082,0.627,q1_q17_dr25_koi,16.532843,122.09825,135.8,2,140.0,2.0,q1_q17_dr25_tce,11111111111111111000000000000000,0.7416,Mandel and Agol (2002 ApJ 580 171),,,012/012252/012252424/dv/kplr012252424-20160209194854_dvr.pdf,012/012252/012252424/dv/kplr012252424-002-20160209194854_dvs.pdf,4728.0,94.0,-94.0,4.628,0.012,-0.048,0.04,0.15,-0.15,0.693,0.049,-0.021,0.768,0.031,-0.047,,,,q1_q17_dr25_stellar,287.99789,50.944328,13.461,14.31,13.399,13.097,12.951,11.886,11.36,11.255,0.124,19.1998589,3.4e-06,50.944313,3.1e-05,0.01,0.12,-0.06,0.11,-0.00013,0.00011,9e-05,0.00011,-0.114,0.093,-0.02,0.11,0.116,0.096,-0.22,0.1,-0.27,0.12,0.35,0.13,kplr012252424,Kepler-113c,14,"(31, 37)","(0.02702702702702703, 0.03225806451612903)"
917,6541920,K00157.02,Kepler-11 d,CONFIRMED,Done,2018-08-16,CANDIDATE,1.0,0,0,0,0,q1_q17_dr25_sup_koi,NO_COMMENT,22.687155,2.645e-05,-2.645e-05,148.455435,0.000968,-0.000968,2454981.455,0.000968,-0.000968,0.0,,,,,,0.023,0.363,-0.023,5.4921,0.0355,-0.0355,,,,960.0,8.1,-8.1,0.028022,0.000553,-0.000183,1.25461,0.01663,-0.29132,LS+MCMC,3.2,0.21,-0.21,0.1528,,,89.96,,,653.0,,,42.95,9.78,-8.01,32.439,0.43,-0.43,Claret (2011 A&A 529 75) ATLAS LS,0.0,0.0,0.2622,0.4035,q1_q17_dr25_koi,19.658617,93.95543,122.8,6,57.0,3.0,q1_q17_dr25_tce,11111111111111111000000000000000,0.0093,Mandel and Agol (2002 ApJ 580 171),,,006/006541/006541920/dv/kplr006541920-20160209194854_dvr.pdf,006/006541/006541920/dv/kplr006541920-003-20160209194854_dvs.pdf,5657.0,113.0,-101.0,4.364,0.055,-0.045,0.0,0.15,-0.15,1.046,0.068,-0.068,0.921,0.071,-0.052,,,,q1_q17_dr25_stellar,297.11511,41.909142,13.709,14.178,13.653,13.508,13.455,12.548,12.237,12.18,0.0,19.8076695,2.6e-06,41.90919,2.6e-05,-0.21,0.1,0.18,0.094,0.00014,0.0001,0.000294,9.6e-05,-0.111,0.082,-0.1,0.087,0.15,0.083,-0.152,0.085,0.053,0.09,0.161,0.089,kplr006541920,Kepler-11d,14,"(31, 37)","(0.02702702702702703, 0.03225806451612903)"
929,8950853,K01412.01,Kepler-839 b,CONFIRMED,Done,2018-08-16,CANDIDATE,0.999,0,0,0,0,q1_q17_dr25_sup_koi,NO_COMMENT,37.8145252,0.000144,-0.000144,134.66424,0.00306,-0.00306,2454967.664,0.00306,-0.00306,0.0,,,,,,0.845,0.059,-0.573,9.109,0.128,-0.128,,,,412.5,8.0,-8.0,0.021172,0.001373,-0.002511,0.07963,0.32958,-0.01743,LS+MCMC,3.04,0.53,-0.4,0.2341,,,87.34,,,626.0,,,36.25,17.62,-11.27,18.19,8.4,-8.4,Claret (2011 A&A 529 75) ATLAS LS,0.0,0.0,0.2799,0.381,q1_q17_dr25_koi,9.57358,38.693222,57.9,1,37.0,1.0,q1_q17_dr25_tce,11111111111111111000000000000000,0.0391,Mandel and Agol (2002 ApJ 580 171),,,008/008950/008950853/dv/kplr008950853-20160209194854_dvr.pdf,008/008950/008950853/dv/kplr008950853-001-20160209194854_dvs.pdf,5988.0,107.0,-131.0,4.278,0.11,-0.121,0.34,0.1,-0.15,1.314,0.232,-0.174,1.196,0.074,-0.089,,,,q1_q17_dr25_stellar,291.07468,45.24258,13.601,13.989,13.55,13.434,13.414,12.554,12.31,12.25,0.002,19.4049925,6.8e-06,45.242676,8.2e-05,0.55,0.26,0.35,0.29,-0.00016,0.0001,-0.00018,0.00012,-0.01,0.14,0.4,0.27,0.4,0.27,0.03,0.14,0.32,0.27,0.32,0.27,kplr008950853,Kepler-839b,16,"(45, 54)","(0.018518518518518517, 0.022222222222222223)"
939,10790387,K01288.01,Kepler-807 b,CONFIRMED,Done,2018-08-16,CANDIDATE,1.0,0,0,0,0,q1_q17_dr25_sup_koi,NO_COMMENT,117.93110803,8.377e-05,-8.377e-05,219.704226,0.000548,-0.000548,2455052.704,0.000548,-0.000548,0.0,,,,,,0.615,0.028,-0.07,5.8796,0.0633,-0.0633,,,,8506.6,47.6,-47.6,0.088538,0.000473,-0.001248,3.54676,0.59466,-0.37941,LS+MCMC,10.36,3.5,-1.17,0.4884,,,89.74,,,418.0,,,7.2,6.94,-2.23,137.6,23.1,-23.1,Claret (2011 A&A 529 75) ATLAS LS,0.0,0.0,0.311,0.2914,q1_q17_dr25_koi,74.1955,200.66483,212.5,1,11.0,1.0,q1_q17_dr25_tce,11111111111111111000000000000000,0.6734,Mandel and Agol (2002 ApJ 580 171),,,010/010790/010790387/dv/kplr010790387-20160209194854_dvr.pdf,010/010790/010790387/dv/kplr010790387-001-20160209194854_dvs.pdf,6392.0,151.0,-207.0,4.425,0.056,-0.21,-0.2,0.25,-0.3,1.072,0.362,-0.121,1.116,0.153,-0.153,,,,q1_q17_dr25_stellar,289.02017,48.119808,15.128,15.502,15.083,14.967,14.924,14.079,13.765,13.688,0.0,19.2680127,2e-06,48.119831,1.9e-05,0.049,0.072,0.076,0.068,-0.0015,0.0011,0.0007,0.0015,0.029,0.071,0.01,0.08,0.03,0.072,-0.048,0.074,0.039,0.085,0.062,0.079,kplr010790387,Kepler-807b,8,"(10, 12)","(0.08333333333333333, 0.1)"
949,7303287,K01353.01,Kepler-289 c,CONFIRMED,Done,2018-08-16,CANDIDATE,1.0,0,0,0,0,q1_q17_dr25_sup_koi,NO_COMMENT,125.86540191,5.732e-05,-5.732e-05,236.659731,0.000324,-0.000324,2455069.66,0.000324,-0.000324,0.0,,,,,,0.101,0.014,-0.101,9.0191,0.015,-0.015,,,,12390.0,24.5,-24.5,0.101632,0.000117,-0.000187,1.91026,0.03976,-0.01252,LS+MCMC,12.37,1.94,-1.57,0.4913,,,89.95,,,394.0,,,5.71,2.49,-1.7,116.95,2.4,-2.4,Claret (2011 A&A 529 75) ATLAS LS,0.0,0.0,0.2889,0.3511,q1_q17_dr25_koi,104.12529,167.6314,544.7,3,10.0,1.0,q1_q17_dr25_tce,11111111111111111000000000000000,0.0,Mandel and Agol (2002 ApJ 580 171),,,007/007303/007303287/dv/kplr007303287-20160209194854_dvr.pdf,007/007303/007303287/dv/kplr007303287-001-20160209194854_dvs.pdf,5933.0,107.0,-119.0,4.342,0.115,-0.115,-0.06,0.15,-0.15,1.115,0.174,-0.142,0.998,0.081,-0.066,,,,q1_q17_dr25_stellar,297.46533,42.882839,13.956,14.403,13.921,13.764,13.691,12.861,12.596,12.508,0.0,19.83102105,4.7e-07,42.8828446,4.5e-06,-0.065,0.019,0.016,0.016,0.0008,0.0018,0.0003,0.0024,0.002,0.067,-0.009,0.068,0.009,0.068,0.07,0.068,0.035,0.072,0.079,0.069,kplr007303287,Kepler-289c,8,"(10, 12)","(0.08333333333333333, 0.1)"
951,11512246,K00168.01,Kepler-23 c,CONFIRMED,Done,2018-08-16,CANDIDATE,1.0,0,0,0,0,q1_q17_dr25_sup_koi,NO_COMMENT,10.74241765,1.62e-05,-1.62e-05,133.2867,0.00125,-0.00125,2454966.287,0.00125,-0.00125,0.0,,,,,,0.034,0.257,-0.034,6.0633,0.0348,-0.0348,,,,415.2,4.6,-4.6,0.018486,0.000251,-0.000102,0.42989,0.00022,-0.08195,LS+MCMC,3.06,0.19,-0.12,0.0965,,,89.86,,,1008.0,,,243.94,47.22,-29.78,13.79012,0.00706,-0.00706,Claret (2011 A&A 529 75) ATLAS LS,0.0,0.0,0.2638,0.4046,q1_q17_dr25_koi,8.862941,64.19754,95.4,3,126.0,1.0,q1_q17_dr25_tce,11111111111111111000000000000000,0.9198,Mandel and Agol (2002 ApJ 580 171),,,011/011512/011512246/dv/kplr011512246-20160209194854_dvr.pdf,011/011512/011512246/dv/kplr011512246-001-20160209194854_dvs.pdf,5761.0,86.0,-69.0,4.091,0.018,-0.018,0.06,0.2,-0.15,1.518,0.092,-0.061,1.036,0.101,-0.059,,,,q1_q17_dr25_stellar,294.21893,49.479221,13.438,13.89,13.43,13.244,13.216,12.353,12.047,11.998,,19.6145986,4.5e-06,49.479259,4.8e-05,0.12,0.16,0.14,0.17,-5e-06,6.3e-05,,,-0.11,0.13,0.12,0.12,0.16,0.13,-0.05,0.16,0.24,0.15,0.24,0.14,kplr011512246,Kepler-23c,17,"(54, 65)","(0.015384615384615385, 0.018518518518518517)"
954,11517719,K01416.01,Kepler-840 b,CONFIRMED,Done,2018-08-16,FALSE POSITIVE,0.92,0,1,0,0,q1_q17_dr25_sup_koi,MOD_SEC_ALT---PLANET_OCCULT_ALT---HAS_SEC_TCE,2.495780169,1.818e-06,-1.818e-06,135.336948,0.000603,-0.000603,2454968.337,0.000603,-0.000603,0.0,,,,,,0.133,0.058,-0.133,4.2721,0.0275,-0.0275,,,,25070.0,172.0,-172.0,0.145407,0.000705,-0.000707,0.40804,0.01179,-0.02614,LS+MCMC,15.75,4.7,-2.02,0.0355,,,88.51,,,1408.0,,,929.47,813.58,-303.75,5.122,0.148,-0.148,Claret (2011 A&A 529 75) ATLAS LS,0.0,0.0,0.2965,0.3342,q1_q17_dr25_koi,125.62736,1486.8234,171.4,1,537.0,1.0,q1_q17_dr25_tce,11111111111111111000000000000000,0.5786,Mandel and Agol (2002 ApJ 580 171),,,011/011517/011517719/dv/kplr011517719-20160209194854_dvr.pdf,011/011517/011517719/dv/kplr011517719-001-20160209194854_dvs.pdf,6039.0,163.0,-181.0,4.426,0.087,-0.203,-0.28,0.3,-0.3,0.992,0.296,-0.127,0.959,0.13,-0.117,,,,q1_q17_dr25_stellar,296.50739,49.457291,14.152,14.599,14.103,13.96,13.886,12.996,12.682,12.6,0.0,19.767160109,8.3e-08,49.45730259,8.7e-07,0.0495,0.0029,0.0453,0.0031,0.0008,0.0012,0.0012,0.0019,-0.011,0.067,-0.017,0.067,0.02,0.067,-0.059,0.067,-0.088,0.067,0.106,0.067,kplr011517719,Kepler-840b,6,"(7, 9)","(0.1111111111111111, 0.14285714285714285)"
961,12252424,K00153.02,Kepler-113 b,CONFIRMED,Done,2018-08-16,CANDIDATE,1.0,0,0,0,0,q1_q17_dr25_sup_koi,NO_COMMENT,4.75400072,2.846e-06,-2.846e-06,128.547155,0.000495,-0.000495,2454961.547,0.000495,-0.000495,0.0,,,,,,0.672,0.004,-0.507,2.5394,0.0219,-0.0219,,,,748.7,6.0,-6.0,0.026463,9.1e-05,-0.001978,1.15331,1.28011,-0.06922,LS+MCMC,2.0,0.14,-0.06,0.0502,,,86.54,,,775.0,,,85.23,20.48,-11.28,11.13,4.1,-4.1,Claret (2011 A&A 529 75) ATLAS LS,0.0,0.0,0.1082,0.627,q1_q17_dr25_koi,18.243238,129.67842,141.4,2,278.0,1.0,q1_q17_dr25_tce,11111111111111111000000000000000,0.278,Mandel and Agol (2002 ApJ 580 171),,,012/012252/012252424/dv/kplr012252424-20160209194854_dvr.pdf,012/012252/012252424/dv/kplr012252424-001-20160209194854_dvs.pdf,4728.0,94.0,-94.0,4.628,0.012,-0.048,0.04,0.15,-0.15,0.693,0.049,-0.021,0.768,0.031,-0.047,,,,q1_q17_dr25_stellar,287.99789,50.944328,13.461,14.31,13.399,13.097,12.951,11.886,11.36,11.255,0.048,19.1998606,3.3e-06,50.94432,3e-05,0.07,0.11,-0.04,0.11,-0.000147,8.3e-05,4.7e-05,8.1e-05,-0.01,0.076,0.068,0.087,0.069,0.087,-0.086,0.076,-0.248,0.085,0.262,0.083,kplr012252424,Kepler-113b,15,"(37, 45)","(0.022222222222222223, 0.02702702702702703)"
965,10874614,K00017.01,Kepler-6 b,CONFIRMED,Done,2018-08-16,CANDIDATE,0.987,0,0,0,0,q1_q17_dr25_sup_koi,NO_COMMENT,3.234699282,1.19e-07,-1.19e-07,121.4865708,2.92e-05,-2.92e-05,2454954.487,2.92e-05,-2.92e-05,0.0,,,,,,0.079,0.003,-0.058,3.59385,0.00078,-0.00078,,,,10559.0,4.2,-4.2,0.092633,3.2e-05,-8.2e-05,0.76885,0.00686,-0.00055,LS+MCMC,13.06,0.96,-0.96,0.0435,,,89.4,,,1356.0,,,797.62,197.63,-160.8,7.52,0.0671,-0.0671,Claret (2011 A&A 529 75) ATLAS LS,0.0,0.0,0.257,0.4213,q1_q17_dr25_koi,237.8818,2986.2598,3003.8,1,335.0,1.0,q1_q17_dr25_tce,11111101110111011000000000000000,0.9583,Mandel and Agol (2002 ApJ 580 171),,,010/010874/010874614/dv/kplr010874614-20160209194854_dvr.pdf,010/010874/010874614/dv/kplr010874614-001-20160209194854_dvs.pdf,5640.0,113.0,-101.0,4.236,0.055,-0.045,0.34,0.1,-0.15,1.291,0.095,-0.095,1.047,0.088,-0.064,,,,q1_q17_dr25_stellar,296.83725,48.239944,13.303,13.789,13.253,13.094,,12.001,11.706,11.634,0.0,19.78915116,1.1e-07,48.2399855,1.2e-06,0.0525,0.0041,0.1457,0.0042,0.00086,0.00012,0.00086,0.00017,-0.04,0.067,-0.057,0.067,0.069,0.067,0.073,0.069,0.175,0.07,0.189,0.07,kplr010874614,Kepler-6b,8,"(10, 12)","(0.08333333333333333, 0.1)"
966,6541920,K00157.03,Kepler-11 e,CONFIRMED,Done,2018-08-16,CANDIDATE,1.0,0,0,0,0,q1_q17_dr25_sup_koi,NO_COMMENT,31.99552485,3.109e-05,-3.109e-05,154.160745,0.000758,-0.000758,2454987.161,0.000758,-0.000758,0.0,,,,,,0.69,0.139,-0.465,4.2817,0.0485,-0.0485,,,,1376.1,11.2,-11.2,0.036106,0.000255,-0.002135,1.58753,1.99642,-0.0139,LS+MCMC,4.12,0.27,-0.26,0.1921,,,89.1,,,582.0,,,27.17,6.19,-5.07,44.1,18.5,-18.5,Claret (2011 A&A 529 75) ATLAS LS,0.0,0.0,0.2622,0.4035,q1_q17_dr25_koi,22.140804,102.289505,128.0,6,41.0,1.0,q1_q17_dr25_tce,11111111111111111000000000000000,0.7594,Mandel and Agol (2002 ApJ 580 171),,,006/006541/006541920/dv/kplr006541920-20160209194854_dvr.pdf,006/006541/006541920/dv/kplr006541920-001-20160209194854_dvs.pdf,5657.0,113.0,-101.0,4.364,0.055,-0.045,0.0,0.15,-0.15,1.046,0.068,-0.068,0.921,0.071,-0.052,,,,q1_q17_dr25_stellar,297.11511,41.909142,13.709,14.178,13.653,13.508,13.455,12.548,12.237,12.18,0.0,19.8076771,2.5e-06,41.909219,2.5e-05,0.098,0.099,0.283,0.091,-0.00023,0.00014,0.00027,0.00014,-0.057,0.082,-0.083,0.082,0.101,0.082,-0.13,0.09,0.042,0.088,0.137,0.097,kplr006541920,Kepler-11e,13,"(26, 31)","(0.03225806451612903, 0.038461538461538464)"
970,7211141,K01355.01,Kepler-827 b,CONFIRMED,Done,2018-08-16,CANDIDATE,0.995,0,0,0,0,q1_q17_dr25_sup_koi,NO_COMMENT,51.92920654,9.598e-05,-9.598e-05,151.93321,0.0015,-0.0015,2454984.933,0.0015,-0.0015,0.0,,,,,,0.398,0.412,-0.223,5.2637,0.0622,-0.0622,,,,3425.8,48.7,-48.7,0.053923,0.005859,-0.000912,2.78995,0.83497,-0.16167,LS+MCMC,8.49,1.4,-1.86,0.2742,,,89.69,,,574.0,,,25.6,11.23,-10.82,73.5,22.0,-22.0,Claret (2011 A&A 529 75) ATLAS LS,0.0,0.0,0.2638,0.4046,q1_q17_dr25_koi,19.216328,79.500046,81.8,1,25.0,1.0,q1_q17_dr25_tce,11111111111111111000000000000000,0.0427,Mandel and Agol (2002 ApJ 580 171),,,007/007211/007211141/dv/kplr007211141-20160209194854_dvr.pdf,007/007211/007211141/dv/kplr007211141-001-20160209194854_dvs.pdf,5671.0,85.0,-77.0,4.128,0.196,-0.098,0.14,0.15,-0.15,1.442,0.237,-0.316,1.017,0.093,-0.067,,,,q1_q17_dr25_stellar,294.96606,42.708569,15.897,16.431,15.842,15.668,15.563,14.668,14.266,14.209,0.004,19.6643978,4.2e-06,42.708648,5.2e-05,-0.22,0.17,0.28,0.19,0.00119,0.0007,-0.0006,0.00085,-0.065,0.078,-0.054,0.077,0.085,0.077,-0.094,0.077,-0.072,0.083,0.118,0.079,kplr007211141,Kepler-827b,11,"(18, 22)","(0.045454545454545456, 0.05555555555555555)"
973,7376983,K01358.01,Kepler-1987 d,CONFIRMED,Done,2018-08-16,CANDIDATE,1.0,0,0,0,0,q1_q17_dr25_sup_koi,CENT_KIC_POS,5.644914154,8.778e-06,-8.778e-06,356.73699,0.0011,-0.0011,2455189.737,0.0011,-0.0011,0.0,,,,,,0.445,0.037,-0.445,2.2599,0.0433,-0.0433,,,,1397.9,24.4,-24.4,0.03411,0.006918,-0.000933,3.36374,1.48099,-0.4015,LS+MCMC,2.66,0.25,-0.18,0.0571,,,88.57,,,744.0,,,72.38,27.67,-18.17,17.83,7.8,-7.8,Claret (2011 A&A 529 75) ATLAS LS,0.0,0.0,0.1054,0.6323,q1_q17_dr25_koi,7.3839817,51.430588,63.9,4,199.0,1.0,q1_q17_dr25_tce,00011111111111111000000000000000,0.7087,Mandel and Agol (2002 ApJ 580 171),,,007/007376/007376983/dv/kplr007376983-20160209194854_dvr.pdf,007/007376/007376983/dv/kplr007376983-001-20160209194854_dvs.pdf,4769.0,172.0,-172.0,4.622,0.024,-0.06,0.12,0.25,-0.3,0.714,0.068,-0.049,0.799,0.041,-0.081,,,,q1_q17_dr25_stellar,295.8255,42.94339,15.505,16.412,15.453,15.117,14.945,13.842,13.321,13.154,0.0,19.7216898,1.1e-06,42.942458,1.8e-05,-0.402,0.043,-3.356,0.066,-0.00022,0.00012,-0.00104,0.00016,0.179,0.093,6.008,0.095,6.011,0.095,-0.12,0.11,-0.018,0.089,0.12,0.11,kplr007376983,Kepler-1987d,13,"(26, 31)","(0.03225806451612903, 0.038461538461538464)"
974,5084942,K00161.01,Kepler-475 b,CONFIRMED,Done,2018-08-16,CANDIDATE,1.0,0,0,0,0,q1_q17_dr25_sup_koi,NO_COMMENT,3.105507835,1.149e-06,-1.149e-06,133.210427,0.000311,-0.000311,2454966.21,0.000311,-0.000311,0.0,,,,,,0.799,0.001,-0.561,1.7458,0.0224,-0.0224,,,,904.6,6.0,-6.0,0.030988,5e-05,-0.003153,1.38116,3.58773,-0.03496,LS+MCMC,2.68,0.17,-0.1,0.0399,,,84.85,,,980.0,,,217.91,47.94,-32.46,8.9,3.9,-3.9,Claret (2011 A&A 529 75) ATLAS LS,0.0,0.0,0.1405,0.5896,q1_q17_dr25_koi,18.367533,177.66934,178.6,1,433.0,1.0,q1_q17_dr25_tce,11111111111111111000000000000000,0.7822,Mandel and Agol (2002 ApJ 580 171),,,005/005084/005084942/dv/kplr005084942-20160209194854_dvr.pdf,005/005084/005084942/dv/kplr005084942-001-20160209194854_dvs.pdf,4989.0,90.0,-110.0,4.585,0.012,-0.064,0.3,0.15,-0.15,0.791,0.052,-0.028,0.878,0.021,-0.056,,,,q1_q17_dr25_stellar,287.05173,40.211552,13.341,14.16,13.273,12.99,12.833,11.821,11.331,11.241,0.256,19.1367783,1.4e-06,40.211428,1.6e-05,-0.122,0.059,-0.441,0.058,-1.3e-05,5.5e-05,4.8e-05,5.5e-05,-0.025,0.074,0.047,0.093,0.053,0.092,-0.131,0.074,-0.223,0.088,0.259,0.085,kplr005084942,Kepler-475b,14,"(31, 37)","(0.02702702702702703, 0.03225806451612903)"
989,10864656,K01299.01,Kepler-432 b,CONFIRMED,Done,2018-08-16,CANDIDATE,0.981,0,0,0,0,q1_q17_dr25_sup_koi,NO_COMMENT,52.5008645,0.0001465,-0.0001465,171.52114,0.00222,-0.00222,2455004.521,0.00222,-0.00222,0.0,,,,,,0.11,0.254,-0.11,14.9066,0.0781,-0.0781,,,,946.7,9.2,-9.2,0.027341,0.000552,-0.000247,0.14258,0.00414,-0.0274,LS+MCMC,12.41,0.61,-1.53,0.3035,,,89.77,,,812.0,,,102.94,15.4,-28.44,27.49,0.798,-0.798,Claret (2011 A&A 529 75) ATLAS LS,0.0,0.0,0.1653,0.5567,q1_q17_dr25_koi,16.007069,57.70616,116.2,1,25.0,1.0,q1_q17_dr25_tce,11111111111111111000000000000000,0.8232,Mandel and Agol (2002 ApJ 580 171),,,010/010864/010864656/dv/kplr010864656-20160209194854_dvr.pdf,010/010864/010864656/dv/kplr010864656-001-20160209194854_dvs.pdf,4976.0,54.0,-74.0,3.331,0.008,-0.009,-0.04,0.1,-0.15,4.157,0.205,-0.513,1.352,0.135,-0.314,,,,q1_q17_dr25_stellar,293.2822,48.2859,12.183,12.896,12.135,11.878,11.734,10.684,10.221,10.121,0.0,19.5521488,1.3e-06,48.285902,1.5e-05,0.055,0.045,0.006,0.052,-1.5e-05,5.3e-05,-0.000117,6.9e-05,0.07,0.13,-0.22,0.25,0.23,0.24,0.1,0.13,-0.1,0.25,0.14,0.21,kplr010864656,Kepler-432b,15,"(37, 45)","(0.022222222222222223, 0.02702702702702703)"
990,10975146,K01300.01,Kepler-808 b,CONFIRMED,Done,2018-08-16,CANDIDATE,1.0,0,0,0,0,q1_q17_dr25_sup_koi,NO_COMMENT,0.63133171,3.41e-07,-3.41e-07,133.94488,0.000399,-0.000399,2454966.945,0.000399,-0.000399,0.0,,,,,,0.726,0.002,-0.519,1.1487,0.0186,-0.0186,,,,434.5,6.0,-6.0,0.020758,0.00151,-0.001758,1.45293,2.07732,-0.06426,LS+MCMC,1.2,0.09,-0.1,0.0116,,,76.59,,,1322.0,,,726.72,212.51,-196.53,3.13,1.5,-1.5,Claret (2011 A&A 529 75) ATLAS LS,0.0,0.0,0.1554,0.5738,q1_q17_dr25_koi,4.3082986,17.12007,95.8,1,2115.0,1.0,q1_q17_dr25_tce,11111111111111111000000000000000,1.0,Mandel and Agol (2002 ApJ 580 171),,,010/010975/010975146/dv/kplr010975146-20160209194854_dvr.pdf,010/010975/010975146/dv/kplr010975146-001-20160209194854_dvs.pdf,4441.0,133.0,-146.0,4.71,0.056,-0.032,-0.98,0.3,-0.3,0.53,0.038,-0.046,0.526,0.044,-0.029,,,,q1_q17_dr25_stellar,291.59409,48.44561,14.285,15.235,14.274,13.878,13.647,12.555,12.011,11.879,0.0,19.4395894,5.3e-06,48.445528,5.1e-05,-0.6,0.19,-0.3,0.18,0.000147,4.3e-05,6e-06,4.2e-05,-0.004,0.08,-0.099,0.086,0.099,0.086,0.025,0.085,-0.307,0.085,0.308,0.084,kplr010975146,Kepler-808b,16,"(45, 54)","(0.018518518518518517, 0.022222222222222223)"
995,6946199,K01359.01,Kepler-1744 b,CONFIRMED,Done,2018-08-16,CANDIDATE,1.0,0,0,0,0,q1_q17_dr25_sup_koi,CENT_KIC_POS,37.1011418,0.0001187,-0.0001187,370.4803,0.00202,-0.00202,2455203.48,0.00202,-0.00202,0.0,,,,,,0.41,0.473,-0.225,5.5556,0.0788,-0.0788,,,,1357.5,27.4,-27.4,0.034349,0.000266,-0.000959,1.56368,0.59914,-0.01393,LS+MCMC,3.19,0.88,-0.35,0.2093,,,89.52,,,532.0,,,18.95,15.73,-6.0,48.5,18.6,-18.6,Claret (2011 A&A 529 75) ATLAS LS,0.0,0.0,0.2979,0.3238,q1_q17_dr25_koi,11.714631,47.76845,55.2,2,31.0,2.0,q1_q17_dr25_tce,00011111111111111000000000000000,0.0626,Mandel and Agol (2002 ApJ 580 171),,,006/006946/006946199/dv/kplr006946199-20160209194854_dvr.pdf,006/006946/006946199/dv/kplr006946199-002-20160209194854_dvs.pdf,5986.0,179.0,-215.0,4.527,0.06,-0.192,-0.5,0.3,-0.3,0.85,0.234,-0.094,0.886,0.099,-0.099,,,,q1_q17_dr25_stellar,291.02069,42.46244,15.229,15.705,15.188,15.025,14.921,14.013,13.65,13.532,0.01,19.4013781,6.9e-06,42.462448,6.7e-05,-0.08,0.27,0.03,0.24,-0.00074,0.00038,-0.00023,0.00035,1.12,0.66,-0.02,0.25,1.12,0.66,0.09,0.12,0.01,0.11,0.1,0.12,kplr006946199,Kepler-1744b,13,"(26, 31)","(0.03225806451612903, 0.038461538461538464)"
999,11611600,K01424.01,Kepler-842 b,CONFIRMED,Done,2018-08-16,CANDIDATE,1.0,0,0,0,0,q1_q17_dr25_sup_koi,NO_COMMENT,1.219568047,1.074e-06,-1.074e-06,133.460233,0.000741,-0.000741,2454966.46,0.000741,-0.000741,0.0,,,,,,0.067,0.397,-0.067,1.5681,0.026,-0.026,,,,494.9,9.1,-9.1,0.01975,0.000798,-0.000331,2.85159,0.19455,-0.93338,LS+MCMC,1.51,0.17,-0.1,0.0204,,,89.37,,,1252.0,,,578.96,211.93,-132.79,6.075,0.414,-0.414,Claret (2011 A&A 529 75) ATLAS LS,0.0,0.0,0.1082,0.627,q1_q17_dr25_koi,4.9724016,51.330387,65.9,1,1098.0,1.0,q1_q17_dr25_tce,11111111111111111000000000000000,0.0124,Mandel and Agol (2002 ApJ 580 171),,,011/011611/011611600/dv/kplr011611600-20160209194854_dvr.pdf,011/011611/011611600/dv/kplr011611600-001-20160209194854_dvs.pdf,4838.0,130.0,-145.0,4.625,0.027,-0.059,-0.04,0.3,-0.3,0.701,0.076,-0.047,0.778,0.054,-0.082,,,,q1_q17_dr25_stellar,292.32858,49.653542,15.127,15.961,15.059,14.77,14.593,13.538,12.997,12.913,0.142,19.4885808,5.8e-06,49.653638,5.6e-05,0.31,0.2,0.35,0.2,6.2e-05,8.7e-05,-8.2e-05,8.8e-05,-0.18,0.11,-0.08,0.1,0.2,0.12,0.02,0.11,0.08,0.1,0.08,0.11,kplr011611600,Kepler-842b,16,"(45, 54)","(0.018518518518518517, 0.022222222222222223)"
1000,11254382,K01425.01,Kepler-843 b,CONFIRMED,Done,2018-08-16,CANDIDATE,1.0,0,0,0,0,q1_q17_dr25_sup_koi,CENT_KIC_POS,2.05388477,3.356e-06,-3.356e-06,133.73432,0.00126,-0.00126,2454966.734,0.00126,-0.00126,0.0,,,,,,0.282,0.19,-0.282,2.1635,0.0445,-0.0445,,,,546.7,12.7,-12.7,0.021331,0.000554,-0.000556,1.63786,0.3418,-0.40464,LS+MCMC,2.74,0.42,-0.46,0.0313,,,87.74,,,1523.0,,,1271.11,511.98,-438.49,7.15,1.5,-1.5,Claret (2011 A&A 529 75) ATLAS LS,0.0,0.0,0.2602,0.4096,q1_q17_dr25_koi,4.7886105,40.152252,50.0,1,653.0,1.0,q1_q17_dr25_tce,11111111111111111000000000000000,0.7341,Mandel and Agol (2002 ApJ 580 171),,,011/011254/011254382/dv/kplr011254382-20160209194854_dvr.pdf,011/011254/011254382/dv/kplr011254382-001-20160209194854_dvs.pdf,5632.0,76.0,-76.0,4.282,0.156,-0.104,0.14,0.15,-0.15,1.176,0.18,-0.198,0.965,0.069,-0.055,,,,q1_q17_dr25_stellar,296.32199,48.971481,15.269,15.762,15.212,15.058,14.981,14.088,13.761,13.709,0.0,19.7547976,5.2e-06,48.97162,5.4e-05,-0.04,0.18,0.51,0.2,-7.1e-05,9.6e-05,0.00027,0.0001,0.36,0.1,-1.09,0.2,1.15,0.19,0.01,0.12,0.12,0.14,0.12,0.14,kplr011254382,Kepler-843b,16,"(45, 54)","(0.018518518518518517, 0.022222222222222223)"
1001,11122894,K01426.01,Kepler-297 b,CONFIRMED,Done,2018-08-16,CANDIDATE,1.0,0,0,0,0,q1_q17_dr25_sup_koi,NO_COMMENT,38.86848956,7.843e-05,-7.843e-05,171.30369,0.00163,-0.00163,2455004.304,0.00163,-0.00163,0.0,,,,,,0.028,0.334,-0.028,6.0573,0.0525,-0.0525,,,,1004.9,15.1,-15.1,0.028726,0.000605,-0.000261,1.60443,0.02337,-0.36592,LS+MCMC,2.81,0.31,-0.25,0.2125,,,89.97,,,509.0,,,15.89,5.3,-3.76,50.414,0.734,-0.734,Claret (2011 A&A 529 75) ATLAS LS,0.0,0.0,0.2434,0.4341,q1_q17_dr25_koi,14.101993,55.260147,73.4,3,36.0,3.0,q1_q17_dr25_tce,11111111111111111000000000000000,0.7236,Mandel and Agol (2002 ApJ 580 171),,,011/011122/011122894/dv/kplr011122894-20160209194854_dvr.pdf,011/011122/011122894/dv/kplr011122894-003-20160209194854_dvs.pdf,5618.0,112.0,-112.0,4.46,0.081,-0.09,-0.22,0.15,-0.15,0.897,0.099,-0.081,0.846,0.059,-0.049,,,,q1_q17_dr25_stellar,283.20917,48.777641,14.232,14.628,14.158,14.063,13.985,13.122,12.785,12.78,0.235,18.8806028,6.4e-06,48.777717,6.1e-05,-0.28,0.23,0.28,0.22,0.00028,0.00023,4e-05,0.00022,-0.07,0.11,0.02,0.16,0.07,0.11,-0.02,0.11,0.12,0.16,0.12,0.15,kplr011122894,Kepler-297b,14,"(31, 37)","(0.02702702702702703, 0.03225806451612903)"
1002,6677841,K01236.01,Kepler-279 c,CONFIRMED,Done,2018-08-16,CANDIDATE,0.086,0,0,0,0,q1_q17_dr25_sup_koi,LPP_DV,35.7353616,0.0001224,-0.0001224,151.1133,0.00277,-0.00277,2454984.113,0.00277,-0.00277,0.0,,,,,,0.878,0.051,-0.613,8.491,0.214,-0.214,,,,778.8,14.1,-14.1,0.029539,0.000705,-0.00316,0.07669,0.43688,-0.04179,LS+MCMC,5.47,0.92,-1.22,0.2236,,,87.09,,,774.0,,,84.66,39.48,-37.28,17.3,8.2,-8.2,Claret (2011 A&A 529 75) ATLAS LS,0.0,0.0,0.3023,0.3153,q1_q17_dr25_koi,6.997749,23.64805,58.4,4,36.0,2.0,q1_q17_dr25_tce,11111111111111111000000000000000,0.0438,Mandel and Agol (2002 ApJ 580 171),,,006/006677/006677841/dv/kplr006677841-20160209194854_dvr.pdf,006/006677/006677841/dv/kplr006677841-002-20160209194854_dvs.pdf,6366.0,116.0,-116.0,4.045,0.196,-0.098,-0.2,0.15,-0.15,1.697,0.285,-0.38,1.164,0.134,-0.11,,,,q1_q17_dr25_stellar,287.3912,42.194832,13.659,13.869,13.589,13.518,13.523,12.724,12.509,12.509,0.0,19.1594165,2.7e-06,42.194726,5.7e-05,0.08,0.11,-0.37,0.21,-0.0002,0.00011,-0.00116,0.00018,-0.11,0.35,-0.14,0.35,0.17,0.16,0.0,0.37,-0.13,0.36,0.13,0.36,kplr006677841,Kepler-279c,14,"(31, 37)","(0.02702702702702703, 0.03225806451612903)"
1010,6541920,K00157.04,Kepler-11 f,CONFIRMED,Done,2018-08-16,CANDIDATE,0.998,0,0,0,0,q1_q17_dr25_sup_koi,NO_COMMENT,46.6856205,0.000112,-0.000112,225.04604,0.00179,-0.00179,2455058.046,0.00179,-0.00179,0.0,,,,,,0.217,0.187,-0.217,6.3794,0.0615,-0.0615,,,,588.8,10.0,-10.0,0.022055,0.000437,-0.000381,1.51087,0.14623,-0.3176,LS+MCMC,2.52,0.16,-0.16,0.2472,,,89.78,,,513.0,,,16.41,3.74,-3.06,55.84,5.4,-5.4,Claret (2011 A&A 529 75) ATLAS LS,0.0,0.0,0.2622,0.4035,q1_q17_dr25_koi,11.762473,40.456486,59.0,6,28.0,5.0,q1_q17_dr25_tce,11111111111111111000000000000000,0.4608,Mandel and Agol (2002 ApJ 580 171),,,006/006541/006541920/dv/kplr006541920-20160209194854_dvr.pdf,006/006541/006541920/dv/kplr006541920-005-20160209194854_dvs.pdf,5657.0,113.0,-101.0,4.364,0.055,-0.045,0.0,0.15,-0.15,1.046,0.068,-0.068,0.921,0.071,-0.052,,,,q1_q17_dr25_stellar,297.11511,41.909142,13.709,14.178,13.653,13.508,13.455,12.548,12.237,12.18,0.005,19.8076824,5.6e-06,41.909202,5.7e-05,0.31,0.23,0.22,0.2,-0.00021,0.00013,0.00015,0.00012,-0.04,0.16,0.0,0.18,0.04,0.16,-0.1,0.16,0.15,0.19,0.18,0.19,kplr006541920,Kepler-11f,16,"(45, 54)","(0.018518518518518517, 0.022222222222222223)"
1028,5371776,K01557.01,Kepler-304 b,CONFIRMED,Done,2018-08-16,CANDIDATE,1.0,0,0,0,0,q1_q17_dr25_sup_koi,NO_COMMENT,3.295701024,1.921e-06,-1.921e-06,133.966333,0.00046,-0.00046,2454966.966,0.00046,-0.00046,0.0,,,,,,0.267,0.215,-0.267,1.8268,0.0256,-0.0256,,,,1745.7,17.3,-17.3,0.037296,0.001143,-0.00103,4.60524,0.55234,-1.49223,LS+MCMC,2.81,0.2,-0.1,0.0392,,,88.89,,,875.0,,,138.38,33.33,-19.77,13.83,1.7,-1.7,Claret (2011 A&A 529 75) ATLAS LS,0.0,0.0,0.1082,0.627,q1_q17_dr25_koi,13.646954,119.19753,114.7,4,327.0,1.0,q1_q17_dr25_tce,11111011101110111000000000000000,0.0423,Mandel and Agol (2002 ApJ 580 171),,,005/005371/005371776/dv/kplr005371776-20160209194854_dvr.pdf,005/005371/005371776/dv/kplr005371776-001-20160209194854_dvs.pdf,4723.0,94.0,-94.0,4.628,0.012,-0.045,0.02,0.15,-0.15,0.691,0.049,-0.025,0.76,0.031,-0.047,,,,q1_q17_dr25_stellar,294.44177,40.55759,14.84,15.731,14.755,14.457,14.285,13.243,12.75,12.626,0.0,19.6294521,2.5e-06,40.557554,2.5e-05,0.06,0.1,-0.129,0.089,-1e-05,0.00019,0.00039,0.00019,-0.034,0.075,0.016,0.078,0.038,0.075,0.053,0.075,-0.047,0.077,0.071,0.075,kplr005371776,Kepler-304b,13,"(26, 31)","(0.03225806451612903, 0.038461538461538464)"
1029,5371776,K01557.02,Kepler-304 d,CONFIRMED,Done,2018-08-16,CANDIDATE,1.0,0,0,0,0,q1_q17_dr25_sup_koi,NO_COMMENT,9.65349016,1.43e-05,-1.43e-05,134.85555,0.00115,-0.00115,2454967.856,0.00115,-0.00115,0.0,,,,,,0.149,0.305,-0.149,2.9029,0.0438,-0.0438,,,,1308.6,22.4,-22.4,0.031946,0.00115,-0.00056,3.54622,0.2983,-1.00346,LS+MCMC,2.41,0.17,-0.09,0.0803,,,89.67,,,611.0,,,32.98,7.94,-4.71,25.95,2.2,-2.2,Claret (2011 A&A 529 75) ATLAS LS,0.0,0.0,0.1082,0.627,q1_q17_dr25_koi,9.720999,57.264797,63.1,4,104.0,2.0,q1_q17_dr25_tce,11111011101110111000000000000000,0.0629,Mandel and Agol (2002 ApJ 580 171),,,005/005371/005371776/dv/kplr005371776-20160209194854_dvr.pdf,005/005371/005371776/dv/kplr005371776-002-20160209194854_dvs.pdf,4723.0,94.0,-94.0,4.628,0.012,-0.045,0.02,0.15,-0.15,0.691,0.049,-0.025,0.76,0.031,-0.047,,,,q1_q17_dr25_stellar,294.44177,40.55759,14.84,15.731,14.755,14.457,14.285,13.243,12.75,12.626,0.197,19.6294513,4.3e-06,40.55757,4.5e-05,0.02,0.18,-0.07,0.16,4e-05,0.00025,0.00023,0.00024,0.23,0.13,0.02,0.1,0.23,0.13,0.32,0.13,-0.04,0.12,0.32,0.13,kplr005371776,Kepler-304d,14,"(31, 37)","(0.02702702702702703, 0.03225806451612903)"
1031,9573539,K00180.01,Kepler-484 b,CONFIRMED,Done,2018-08-16,CANDIDATE,1.0,0,0,0,0,q1_q17_dr25_sup_koi,NO_COMMENT,10.04556377,1.571e-05,-1.571e-05,129.09371,0.00131,-0.00131,2454962.094,0.00131,-0.00131,0.0,,,,,,0.075,0.359,-0.075,3.2027,0.0445,-0.0445,,,,671.4,11.7,-11.7,0.023478,0.000641,-0.000301,2.74514,0.17553,-0.76645,LS+MCMC,2.19,0.28,-0.1,0.0896,,,89.82,,,766.0,,,81.61,29.84,-13.62,24.47,1.6,-1.6,Claret (2011 A&A 529 75) ATLAS LS,0.0,0.0,0.2622,0.4035,q1_q17_dr25_koi,14.592909,91.12792,66.5,1,128.0,1.0,q1_q17_dr25_tce,11111111111111111000000000000000,0.1082,Mandel and Agol (2002 ApJ 580 171),,,009/009573/009573539/dv/kplr009573539-20160209194854_dvr.pdf,009/009573/009573539/dv/kplr009573539-001-20160209194854_dvs.pdf,5632.0,101.0,-124.0,4.554,0.019,-0.11,-0.04,0.15,-0.15,0.853,0.109,-0.039,0.952,0.04,-0.08,,,,q1_q17_dr25_stellar,284.39429,46.249081,13.024,13.516,12.946,12.813,12.768,11.89,11.575,11.482,0.015,18.9596229,2.1e-06,46.249161,2.1e-05,0.11,0.078,0.291,0.074,-0.000111,5.4e-05,-2.2e-05,5.3e-05,-0.049,0.087,-0.05,0.12,0.069,0.087,-0.091,0.087,0.18,0.12,0.2,0.13,kplr009573539,Kepler-484b,15,"(37, 45)","(0.022222222222222223, 0.02702702702702703)"
1040,7950644,K00192.01,Kepler-427 b,CONFIRMED,Done,2018-08-16,CANDIDATE,0.991,0,0,0,0,q1_q17_dr25_sup_koi,NO_COMMENT,10.290994129,1.004e-06,-1.004e-06,137.0220594,8.17e-05,-8.17e-05,2454970.022,8.17e-05,-8.17e-05,0.0,,,,,,0.049,0.01,-0.049,4.28889,0.00281,-0.00281,,,,9655.7,8.9,-8.9,0.089546,4.7e-05,-6.2e-05,1.42075,0.00776,-0.00575,LS+MCMC,13.43,2.01,-3.02,0.0906,,,89.86,,,996.0,,,233.08,92.1,-100.23,19.961,0.109,-0.109,Claret (2011 A&A 529 75) ATLAS LS,0.0,0.0,0.2736,0.3819,q1_q17_dr25_koi,161.03957,1185.7482,1245.7,1,128.0,1.0,q1_q17_dr25_tce,11111111111111111000000000000000,0.0989,Mandel and Agol (2002 ApJ 580 171),,,007/007950/007950644/dv/kplr007950644-20160209194854_dvr.pdf,007/007950/007950644/dv/kplr007950644-001-20160209194854_dvs.pdf,5803.0,78.0,-78.0,4.134,0.201,-0.093,-0.18,0.15,-0.15,1.373,0.206,-0.308,0.937,0.073,-0.065,,,,q1_q17_dr25_stellar,288.25458,43.704868,14.221,14.621,14.172,14.049,13.99,13.161,12.814,12.777,0.0,19.21697377,2.5e-07,43.7048704,3e-06,0.0692,0.0098,0.001,0.011,1e-05,0.00025,0.00041,0.00033,-0.004,0.067,-0.011,0.067,0.012,0.067,0.033,0.068,-0.13,0.068,0.134,0.068,kplr007950644,Kepler-427b,8,"(10, 12)","(0.08333333333333333, 0.1)"
1046,10810838,K00174.01,Kepler-482 b,CONFIRMED,Done,2018-08-16,CANDIDATE,0.999,0,0,0,0,q1_q17_dr25_sup_koi,CENT_KIC_POS,56.35407916,9.756e-05,-9.756e-05,144.83768,0.00136,-0.00136,2454977.838,0.00136,-0.00136,0.0,,,,,,0.835,0.047,-0.572,3.4449,0.0661,-0.0661,,,,1037.0,20.2,-20.2,0.033885,0.000141,-0.004432,2.63903,9.64844,-0.08184,LS+MCMC,2.59,0.1,-0.16,0.2537,,,89.37,,,352.0,,,3.63,0.61,-0.69,76.2,34.8,-34.8,Claret (2011 A&A 529 75) ATLAS LS,0.0,0.0,0.1196,0.6106,q1_q17_dr25_koi,15.571933,51.238586,59.4,1,19.0,1.0,q1_q17_dr25_tce,11111101110111011000000000000000,0.758,Mandel and Agol (2002 ApJ 580 171),,,010/010810/010810838/dv/kplr010810838-20160209194854_dvr.pdf,010/010810/010810838/dv/kplr010810838-001-20160209194854_dvs.pdf,4802.0,96.0,-96.0,4.582,0.049,-0.017,-0.22,0.15,-0.15,0.701,0.027,-0.044,0.686,0.053,-0.026,,,,q1_q17_dr25_stellar,296.82291,48.107552,13.779,14.551,13.716,13.449,13.227,12.173,11.661,11.536,0.096,19.7882012,7e-06,48.107791,7.2e-05,0.28,0.25,0.87,0.26,-0.00018,0.00027,-0.00026,0.00028,0.1,0.15,-0.05,0.13,0.11,0.15,0.23,0.14,0.61,0.2,0.65,0.22,kplr010810838,Kepler-482b,13,"(26, 31)","(0.03225806451612903, 0.038461538461538464)"
1057,5357901,K00188.01,Kepler-425 b,CONFIRMED,Done,2018-08-16,CANDIDATE,0.995,0,0,0,0,q1_q17_dr25_sup_koi,NO_COMMENT,3.797018259,1.87e-07,-1.87e-07,133.508776,4.09e-05,-4.09e-05,2454966.509,4.09e-05,-4.09e-05,0.0,,,,,,0.321,0.036,-0.072,2.2608,0.00854,-0.00854,,,,14431.0,11.6,-11.6,0.108759,0.000367,-0.000764,3.3259,0.21962,-0.13721,LS+MCMC,10.07,0.75,-0.47,0.0457,,,88.65,,,982.0,,,219.64,50.33,-32.59,13.635,0.9,-0.9,Claret (2011 A&A 529 75) ATLAS LS,0.0,0.0,0.186,0.5256,q1_q17_dr25_koi,140.05356,1567.476,1549.0,1,356.0,1.0,q1_q17_dr25_tce,11111111111111111000000000000000,0.1145,Mandel and Agol (2002 ApJ 580 171),,,005/005357/005357901/dv/kplr005357901-20160209194854_dvr.pdf,005/005357/005357901/dv/kplr005357901-001-20160209194854_dvs.pdf,5167.0,82.0,-82.0,4.527,0.04,-0.06,0.24,0.15,-0.15,0.848,0.063,-0.04,0.883,0.036,-0.044,,,,q1_q17_dr25_stellar,290.35803,40.567741,14.741,15.416,14.65,14.452,14.339,13.376,12.931,12.806,0.0,19.35720057,2e-07,40.5677118,2.1e-06,-0.0299,0.0082,-0.1014,0.0077,0.00032,0.00046,-5e-05,0.00059,-0.001,0.067,-0.005,0.067,0.005,0.067,-0.07,0.067,-0.125,0.069,0.143,0.068,kplr005357901,Kepler-425b,7,"(9, 10)","(0.1, 0.1111111111111111)"
1061,8242434,K01726.01,Kepler-942 b,CONFIRMED,Done,2018-08-16,CANDIDATE,0.748,0,0,0,0,q1_q17_dr25_sup_koi,NO_COMMENT,44.96407458,7.489e-05,-7.489e-05,144.56002,0.00136,-0.00136,2454977.56,0.00136,-0.00136,0.0,,,,,,0.11,0.369,-0.11,4.981,0.0542,-0.0542,,,,811.6,10.4,-10.4,0.025141,0.000984,-0.000672,3.24935,0.05632,-1.24642,LS+MCMC,2.0,0.14,-0.07,0.2298,,,89.91,,,379.0,,,4.89,1.17,-0.69,70.29,1.2,-1.2,Claret (2011 A&A 529 75) ATLAS LS,0.0,0.0,0.1054,0.6323,q1_q17_dr25_koi,18.68955,71.70658,88.0,1,30.0,1.0,q1_q17_dr25_tce,11111111111111111000000000000000,0.2391,Mandel and Agol (2002 ApJ 580 171),,,008/008242/008242434/dv/kplr008242434-20160209194854_dvr.pdf,008/008242/008242434/dv/kplr008242434-001-20160209194854_dvs.pdf,4827.0,96.0,-96.0,4.615,0.012,-0.054,0.14,0.15,-0.15,0.729,0.051,-0.026,0.817,0.024,-0.054,,,,q1_q17_dr25_stellar,294.95511,44.149818,13.054,13.917,12.98,12.684,12.52,11.472,10.937,10.842,0.064,19.6636732,3e-06,44.149872,4e-05,-0.03,0.12,0.19,0.14,1e-05,9.8e-05,0.00014,0.00012,0.14,0.11,0.14,0.17,0.19,0.17,0.16,0.1,0.47,0.17,0.49,0.18,kplr008242434,Kepler-942b,15,"(37, 45)","(0.022222222222222223, 0.02702702702702703)"
1062,6185331,K01727.01,Kepler-943 b,CONFIRMED,Done,2018-08-16,CANDIDATE,0.998,0,0,0,0,q1_q17_dr25_sup_koi,NO_COMMENT,49.7700907,0.0001068,-0.0001068,159.98658,0.0018,-0.0018,2454992.987,0.0018,-0.0018,0.0,,,,,,0.655,0.065,-0.225,10.065,0.184,-0.184,,,,3529.2,37.8,-37.8,0.057313,0.000217,-0.002913,0.2356,0.15524,-0.06424,LS+MCMC,5.12,1.24,-0.41,0.2559,,,88.8,,,455.0,,,10.16,7.31,-2.55,31.4,10.3,-10.3,Claret (2011 A&A 529 75) ATLAS LS,0.0,0.0,0.2787,0.3728,q1_q17_dr25_koi,25.894827,88.690445,109.8,1,21.0,1.0,q1_q17_dr25_tce,11110111011101110000000000000000,0.9022,Mandel and Agol (2002 ApJ 580 171),,,006/006185/006185331/dv/kplr006185331-20160209194854_dvr.pdf,006/006185/006185331/dv/kplr006185331-001-20160209194854_dvs.pdf,5774.0,155.0,-172.0,4.567,0.04,-0.16,-0.3,0.3,-0.3,0.818,0.199,-0.066,0.907,0.09,-0.11,,,,q1_q17_dr25_stellar,284.27396,41.535019,15.64,16.156,15.6,15.418,15.346,14.467,14.099,13.97,0.634,18.9515931,3.7e-06,41.535028,4.2e-05,-0.2,0.15,0.03,0.15,0.00028,0.00064,-0.00018,0.00072,0.03,0.12,-0.08,0.16,0.09,0.13,-0.05,0.13,-0.11,0.16,0.12,0.18,kplr006185331,Kepler-943b,10,"(15, 18)","(0.05555555555555555, 0.06666666666666667)"
1067,7841925,K01499.01,Kepler-865 b,CONFIRMED,Done,2018-08-16,CANDIDATE,1.0,0,0,0,0,q1_q17_dr25_sup_koi,CENT_KIC_POS,14.16400071,2.467e-05,-2.467e-05,140.58934,0.00134,-0.00134,2454973.589,0.00134,-0.00134,0.0,,,,,,0.027,0.367,-0.027,4.3031,0.0479,-0.0479,,,,728.1,10.8,-10.8,0.024336,0.000583,-0.00026,1.61099,0.01145,-0.49395,LS+MCMC,2.35,0.51,-0.34,0.1057,,,89.94,,,694.0,,,54.95,36.73,-19.42,25.755,0.183,-0.183,Claret (2011 A&A 529 75) ATLAS LS,0.0,0.0,0.2434,0.4341,q1_q17_dr25_koi,9.7634325,58.517822,71.5,3,90.0,1.0,q1_q17_dr25_tce,11111111111111111000000000000000,0.0023,Mandel and Agol (2002 ApJ 580 171),,,007/007841/007841925/dv/kplr007841925-20160209194854_dvr.pdf,007/007841/007841925/dv/kplr007841925-001-20160209194854_dvs.pdf,5440.0,162.0,-162.0,4.438,0.144,-0.192,-0.24,0.35,-0.3,0.885,0.193,-0.129,0.782,0.116,-0.062,,,,q1_q17_dr25_stellar,297.72427,43.527431,14.48,15.106,14.44,14.211,14.105,13.154,12.736,12.684,0.004,19.8482864,5.4e-06,43.527215,5.5e-05,0.04,0.21,-0.77,0.2,-0.0001,0.00015,0.00025,0.00014,0.0,0.1,-0.04,0.12,0.04,0.12,0.0,0.11,-0.46,0.13,0.46,0.13,kplr007841925,Kepler-865b,15,"(37, 45)","(0.022222222222222223, 0.02702702702702703)"
1070,5219234,K01563.01,Kepler-305 b,CONFIRMED,Done,2018-08-16,CANDIDATE,1.0,0,0,0,0,q1_q17_dr25_sup_koi,NO_COMMENT,5.48711441,1.103e-05,-1.103e-05,356.0773,0.00145,-0.00145,2455189.077,0.00145,-0.00145,0.0,,,,,,0.812,0.033,-0.562,2.93,0.066,-0.066,,,,1328.6,27.5,-27.5,0.037656,0.000336,-0.004514,0.50287,1.4647,-0.30794,LS+MCMC,3.24,0.21,-0.16,0.0571,,,84.98,,,836.0,,,115.29,26.09,-19.15,9.28,4.5,-4.5,Claret (2011 A&A 529 75) ATLAS LS,0.0,0.0,0.153,0.5684,q1_q17_dr25_koi,5.5825257,40.321964,51.9,4,207.0,1.0,q1_q17_dr25_tce,00011111111111111000000000000000,0.0408,Mandel and Agol (2002 ApJ 580 171),,,005/005219/005219234/dv/kplr005219234-20160209194854_dvr.pdf,005/005219/005219234/dv/kplr005219234-001-20160209194854_dvs.pdf,5103.0,101.0,-101.0,4.562,0.032,-0.048,0.04,0.15,-0.15,0.787,0.051,-0.039,0.823,0.041,-0.047,,,,q1_q17_dr25_stellar,299.22433,40.343182,15.812,16.6,15.746,15.475,15.272,14.25,13.737,13.702,0.04,19.9483008,7.5e-06,40.343013,7.7e-05,0.53,0.31,-0.6,0.28,0.00067,0.00042,0.00019,0.00039,-0.04,0.11,0.06,0.14,0.07,0.16,-0.15,0.11,0.11,0.14,0.18,0.15,kplr005219234,Kepler-305b,13,"(26, 31)","(0.03225806451612903, 0.038461538461538464)"
1080,6387542,K01626.01,Kepler-912 b,CONFIRMED,Done,2018-08-16,CANDIDATE,1.0,0,0,0,0,q1_q17_dr25_sup_koi,NO_COMMENT,2.53475568,7.432e-06,-7.432e-06,132.68024,0.00275,-0.00275,2454965.68,0.00275,-0.00275,0.0,,,,,,0.878,0.017,-0.622,4.5716,0.0706,-0.0706,,,,463.0,10.2,-10.2,0.022945,0.001007,-0.002968,0.04134,0.18831,-0.01294,LS+MCMC,2.02,0.48,-0.21,0.0339,,,68.67,,,1218.0,,,519.95,387.24,-152.89,2.41,1.1,-1.1,Claret (2011 A&A 529 75) ATLAS LS,0.0,0.0,0.2865,0.3556,q1_q17_dr25_koi,4.7098107,38.49001,51.3,1,450.0,1.0,q1_q17_dr25_tce,00011111111111111000000000000000,0.1348,Mandel and Agol (2002 ApJ 580 171),,,006/006387/006387542/dv/kplr006387542-20160209194854_dvr.pdf,006/006387/006387542/dv/kplr006387542-001-20160209194854_dvs.pdf,5662.0,186.0,-186.0,4.532,0.077,-0.143,-0.44,0.3,-0.3,0.806,0.192,-0.082,0.808,0.106,-0.071,,,,q1_q17_dr25_stellar,298.11121,41.758331,15.341,15.928,15.307,15.09,14.936,14.014,13.632,13.602,0.0,19.8740776,7.7e-06,41.758281,7.8e-05,-0.1,0.31,-0.18,0.28,0.00021,0.00013,-0.00025,0.00012,-0.1,0.11,0.149,0.096,0.18,0.12,-0.11,0.12,0.042,0.097,0.12,0.12,kplr006387542,Kepler-912b,15,"(37, 45)","(0.022222222222222223, 0.02702702702702703)"
1090,12400538,K01503.01,Kepler-867 b,CONFIRMED,Done,2018-08-16,CANDIDATE,1.0,0,0,0,0,q1_q17_dr25_sup_koi,NO_COMMENT,150.2412582,0.0005486,-0.0005486,138.29013,0.00268,-0.00268,2454971.29,0.00268,-0.00268,0.0,,,,,,0.345,0.073,-0.345,10.849,0.126,-0.126,,,,2378.5,37.2,-37.2,0.044645,0.000506,-0.001084,0.95103,0.19521,-0.1794,LS+MCMC,4.6,0.6,-0.4,0.5375,,,89.81,,,327.0,,,2.72,1.04,-0.63,104.3,21.4,-21.4,Claret (2011 A&A 529 75) ATLAS LS,0.0,0.0,0.2327,0.4526,q1_q17_dr25_koi,27.327625,69.35844,72.3,1,10.0,1.0,q1_q17_dr25_tce,11111111111111111000000000000000,0.149,Mandel and Agol (2002 ApJ 580 171),,,012/012400/012400538/dv/kplr012400538-20160209194854_dvr.pdf,012/012400/012400538/dv/kplr012400538-001-20160209194854_dvs.pdf,5604.0,111.0,-111.0,4.451,0.076,-0.102,0.0,0.15,-0.15,0.943,0.123,-0.082,0.916,0.062,-0.056,,,,q1_q17_dr25_stellar,287.28531,51.249981,14.827,15.362,14.78,14.599,14.524,13.602,13.185,13.148,0.7,19.1523408,6.4e-06,51.250221,6.1e-05,-0.45,0.22,0.87,0.22,2e-05,0.00055,-0.00021,0.00061,0.03,0.1,-0.08,0.12,0.08,0.13,-0.1,0.11,-0.16,0.12,0.19,0.12,kplr012400538,Kepler-867b,12,"(22, 26)","(0.038461538461538464, 0.045454545454545456)"
1091,5184584,K01564.01,Kepler-891 b,CONFIRMED,Done,2018-08-16,CANDIDATE,0.989,0,0,0,0,q1_q17_dr25_sup_koi,NO_COMMENT,53.44944498,6.701e-05,-6.701e-05,149.20185,0.00103,-0.00103,2454982.202,0.00103,-0.00103,0.0,,,,,,0.092,0.27,-0.092,5.3091,0.0439,-0.0439,,,,3437.0,33.2,-33.2,0.053288,0.000873,-0.000421,3.47971,0.00643,-1.00916,LS+MCMC,5.82,1.49,-0.5,0.2881,,,89.93,,,486.0,,,13.23,10.07,-3.61,80.697,0.149,-0.149,Claret (2011 A&A 529 75) ATLAS LS,0.0,0.0,0.2826,0.3729,q1_q17_dr25_koi,30.049507,110.02427,119.5,1,24.0,1.0,q1_q17_dr25_tce,11111111111111111000000000000000,0.1809,Mandel and Agol (2002 ApJ 580 171),,,005/005184/005184584/dv/kplr005184584-20160209194854_dvr.pdf,005/005184/005184584/dv/kplr005184584-001-20160209194854_dvs.pdf,5919.0,162.0,-203.0,4.485,0.044,-0.187,0.21,0.2,-0.3,1.0,0.257,-0.086,1.114,0.1,-0.137,,,,q1_q17_dr25_stellar,291.0838,40.355251,15.287,15.794,15.222,15.07,15.033,14.18,13.84,13.85,0.0,19.4055886,2.9e-06,40.355198,2.9e-05,0.1,0.12,-0.19,0.1,0.00151,0.00052,0.00046,0.00055,-0.123,0.081,0.001,0.081,0.123,0.081,-0.037,0.079,-0.022,0.084,0.043,0.085,kplr005184584,Kepler-891b,11,"(18, 22)","(0.045454545454545456, 0.05555555555555555)"
1099,11391018,K00189.01,Kepler-486 b,CONFIRMED,Done,2018-08-16,CANDIDATE,0.982,0,0,0,0,q1_q17_dr25_sup_koi,NO_COMMENT,30.360445359,4.602e-06,-4.602e-06,148.091546,0.000118,-0.000118,2454981.092,0.000118,-0.000118,0.0,,,,,,0.359,0.02,-0.02,6.0134,0.0133,-0.0133,,,,21125.0,21.9,-21.9,0.131544,0.000314,-0.000368,1.45568,0.03681,-0.03406,LS+MCMC,10.99,0.9,-1.11,0.1725,,,89.5,,,459.0,,,10.47,3.34,-2.87,41.39,1.0,-1.0,Claret (2011 A&A 529 75) ATLAS LS,0.0,0.0,0.1611,0.5575,q1_q17_dr25_koi,229.49213,1091.1238,1126.2,1,35.0,1.0,q1_q17_dr25_tce,11111110111011101000000000000000,0.0757,Mandel and Agol (2002 ApJ 580 171),,,011/011391/011391018/dv/kplr011391018-20160209194854_dvr.pdf,011/011391/011391018/dv/kplr011391018-001-20160209194854_dvs.pdf,4939.0,148.0,-133.0,4.541,0.072,-0.044,-0.06,0.3,-0.3,0.765,0.063,-0.077,0.74,0.09,-0.055,,,,q1_q17_dr25_stellar,284.87997,49.266991,14.388,15.168,14.33,14.053,13.922,12.895,12.377,12.288,0.004,18.99199331,3.7e-07,49.2670877,3.4e-06,-0.165,0.013,0.352,0.012,0.0005,0.0012,-0.0004,0.0018,0.001,0.067,0.014,0.067,0.014,0.067,0.071,0.07,0.237,0.071,0.248,0.073,kplr011391018,Kepler-486b,6,"(7, 9)","(0.1111111111111111, 0.14285714285714285)"
1117,8082001,K01570.01,Kepler-893 b,CONFIRMED,Done,2018-08-16,CANDIDATE,1.0,0,0,0,0,q1_q17_dr25_sup_koi,NO_COMMENT,6.33855946,1.273e-05,-1.273e-05,354.85104,0.00146,-0.00146,2455187.851,0.00146,-0.00146,0.0,,,,,,0.907,0.004,-0.635,3.4617,0.0884,-0.0884,,,,721.7,14.1,-14.1,0.029391,0.000526,-0.003988,0.15324,1.33142,-0.02422,LS+MCMC,3.31,1.09,-0.37,0.0699,,,82.42,,,1034.0,,,270.47,272.24,-87.75,6.88,3.3,-3.3,Claret (2011 A&A 529 75) ATLAS LS,0.0,0.0,0.2844,0.3661,q1_q17_dr25_koi,6.5390487,47.97676,57.4,1,174.0,1.0,q1_q17_dr25_tce,00011111111111111000000000000000,0.6382,Mandel and Agol (2002 ApJ 580 171),,,008/008082/008082001/dv/kplr008082001-20160209194854_dvr.pdf,008/008082/008082001/dv/kplr008082001-001-20160209194854_dvs.pdf,6108.0,193.0,-236.0,4.466,0.056,-0.224,0.07,0.25,-0.35,1.03,0.341,-0.114,1.132,0.151,-0.166,,,,q1_q17_dr25_stellar,284.96304,43.91301,15.182,15.641,15.129,14.985,14.953,14.133,13.736,13.744,0.0,18.9975281,7.4e-06,43.913048,8.1e-05,-0.28,0.29,0.14,0.29,0.00064,0.00021,2e-05,0.00021,-0.14,0.12,0.06,0.11,0.15,0.12,-0.03,0.12,0.215,0.099,0.22,0.1,kplr008082001,Kepler-893b,14,"(31, 37)","(0.02702702702702703, 0.03225806451612903)"
1127,9631995,K00022.01,Kepler-422 b,CONFIRMED,Done,2018-08-16,CANDIDATE,0.988,0,0,0,0,q1_q17_dr25_sup_koi,NO_COMMENT,7.891448838,5.06e-07,-5.06e-07,177.2499624,5.03e-05,-5.03e-05,2455010.25,5.03e-05,-5.03e-05,0.0,,,,,,0.306,0.022,-0.028,4.2854,0.00697,-0.00697,,,,10345.0,6.9,-6.9,0.093464,0.000135,-0.000212,0.98147,0.02817,-0.02117,LS+MCMC,12.63,2.13,-1.42,0.0813,,,88.81,,,1028.0,,,263.54,114.26,-67.34,14.784,0.424,-0.424,Claret (2011 A&A 529 75) ATLAS LS,0.0,0.0,0.2826,0.3729,q1_q17_dr25_koi,204.69714,1973.1324,1955.1,1,169.0,1.0,q1_q17_dr25_tce,11111111111111111000000000000000,0.4421,Mandel and Agol (2002 ApJ 580 171),,,009/009631/009631995/dv/kplr009631995-20160209194854_dvr.pdf,009/009631/009631995/dv/kplr009631995-001-20160209194854_dvs.pdf,5972.0,72.0,-84.0,4.313,0.095,-0.116,0.24,0.15,-0.15,1.237,0.209,-0.139,1.148,0.071,-0.079,,,,q1_q17_dr25_stellar,282.62967,46.32336,13.435,13.832,13.376,13.265,13.235,12.357,12.126,12.041,0.0,18.84197254,2.3e-07,46.3233342,2e-06,-0.1774,0.0086,-0.0928,0.0072,0.00175,0.00018,0.00096,0.00024,-0.02,0.067,-0.011,0.067,0.023,0.067,-0.075,0.067,-0.143,0.067,0.161,0.067,kplr009631995,Kepler-422b,8,"(10, 12)","(0.08333333333333333, 0.1)"
1131,6442377,K00176.01,Kepler-483 b,CONFIRMED,Done,2018-08-16,CANDIDATE,1.0,0,0,0,0,q1_q17_dr25_sup_koi,NO_COMMENT,30.22910274,7.356e-05,-7.356e-05,134.52081,0.00193,-0.00193,2454967.521,0.00193,-0.00193,0.0,,,,,,0.77,0.118,-0.528,6.6751,0.0737,-0.0737,,,,443.4,7.0,-7.0,0.021046,0.000147,-0.001615,0.25832,0.53863,-0.02268,LS+MCMC,3.49,0.62,-0.62,0.2072,,,88.1,,,755.0,,,76.88,37.74,-29.38,23.19,9.7,-9.7,Claret (2011 A&A 529 75) ATLAS LS,0.0,0.0,0.3061,0.3279,q1_q17_dr25_koi,12.292663,53.19904,71.7,1,46.0,1.0,q1_q17_dr25_tce,11111111111111111000000000000000,0.5182,Mandel and Agol (2002 ApJ 580 171),,,006/006442/006442377/dv/kplr006442377-20160209194854_dvr.pdf,006/006442/006442377/dv/kplr006442377-001-20160209194854_dvs.pdf,6325.0,113.0,-138.0,4.188,0.125,-0.125,0.16,0.15,-0.15,1.518,0.271,-0.271,1.296,0.094,-0.129,,,,q1_q17_dr25_stellar,291.64676,41.884659,13.432,13.724,13.393,13.307,13.3,12.516,12.251,12.222,0.267,19.4431249,5.2e-06,41.884724,5.5e-05,0.33,0.21,0.23,0.2,-0.000102,9.1e-05,-2e-05,8.7e-05,-0.14,0.14,0.09,0.21,0.16,0.16,-0.07,0.13,0.23,0.21,0.24,0.2,kplr006442377,Kepler-483b,16,"(45, 54)","(0.018518518518518517, 0.022222222222222223)"
1135,10004519,K01572.01,Kepler-894 b,CONFIRMED,Done,2018-08-16,CANDIDATE,1.0,0,0,0,0,q1_q17_dr25_sup_koi,NO_COMMENT,9.80321143,2.868e-05,-2.868e-05,363.98686,0.00213,-0.00213,2455196.987,0.00213,-0.00213,0.0,,,,,,0.663,0.232,-0.438,4.4617,0.0684,-0.0684,,,,813.4,17.4,-17.4,0.027603,0.003288,-0.001359,0.45345,0.52517,-0.00602,LS+MCMC,2.99,0.99,-0.31,0.0916,,,87.12,,,896.0,,,152.12,152.65,-47.64,13.21,5.1,-5.1,Claret (2011 A&A 529 75) ATLAS LS,0.0,0.0,0.3032,0.3147,q1_q17_dr25_koi,6.697026,46.059982,53.1,1,118.0,1.0,q1_q17_dr25_tce,00011111111111111000000000000000,0.7559,Mandel and Agol (2002 ApJ 580 171),,,010/010004/010004519/dv/kplr010004519-20160209194854_dvr.pdf,010/010004/010004519/dv/kplr010004519-001-20160209194854_dvs.pdf,6170.0,196.0,-240.0,4.472,0.054,-0.216,-0.16,0.3,-0.3,0.992,0.327,-0.102,1.063,0.144,-0.144,,,,q1_q17_dr25_stellar,288.73407,46.939388,15.439,15.877,15.389,15.252,15.365,14.33,13.911,13.84,0.012,19.2489342,7.8e-06,46.939554,8.1e-05,-0.17,0.29,0.59,0.29,0.00017,0.00023,-0.00034,0.00024,-0.07,0.11,-0.03,0.15,0.08,0.14,-0.078,0.077,0.08,0.15,0.11,0.12,kplr010004519,Kepler-894b,14,"(31, 37)","(0.02702702702702703, 0.03225806451612903)"
1136,5031857,K01573.01,Kepler-1755 b,CONFIRMED,Done,2018-08-16,CANDIDATE,1.0,0,0,0,0,q1_q17_dr25_sup_koi,NO_COMMENT,24.81097206,1.931e-05,-1.931e-05,156.506971,0.000615,-0.000615,2454989.507,0.000615,-0.000615,0.0,,,,,,0.039,0.35,-0.039,3.2245,0.0297,-0.0297,,,,2090.8,18.5,-18.5,0.041991,0.000673,-0.00034,7.04712,0.1759,-1.60584,LS+MCMC,4.22,1.32,-0.44,0.1668,,,89.96,,,631.0,,,37.43,35.14,-11.15,61.21,1.5,-1.5,Claret (2011 A&A 529 75) ATLAS LS,0.0,0.0,0.2965,0.3342,q1_q17_dr25_koi,19.424139,91.72884,123.9,2,53.0,1.0,q1_q17_dr25_tce,11111111111111111000000000000000,0.1363,Mandel and Agol (2002 ApJ 580 171),,,005/005031/005031857/dv/kplr005031857-20160209194854_dvr.pdf,005/005031/005031857/dv/kplr005031857-001-20160209194854_dvs.pdf,6086.0,182.0,-200.0,4.511,0.052,-0.221,-0.26,0.3,-0.3,0.921,0.288,-0.096,1.003,0.129,-0.129,,,,q1_q17_dr25_stellar,296.84616,40.138611,14.373,14.813,14.32,14.185,14.1,13.231,12.931,12.911,0.066,19.7897379,3.2e-06,40.1386,3.1e-05,-0.25,0.13,-0.04,0.11,-0.00019,0.0003,-0.00027,0.00028,0.04,0.1,-0.07,0.12,0.08,0.11,-0.17,0.15,-0.2,0.14,0.27,0.18,kplr005031857,Kepler-1755b,12,"(22, 26)","(0.038461538461538464, 0.045454545454545456)"
1143,9729691,K01751.01,Kepler-949 b,CONFIRMED,Done,2018-08-16,CANDIDATE,1.0,0,0,0,0,q1_q17_dr25_sup_koi,NO_COMMENT,8.689301216,9.801e-06,-9.801e-06,133.661284,0.000867,-0.000867,2454966.661,0.000867,-0.000867,0.0,,,,,,0.029,0.379,-0.029,2.563,0.0313,-0.0313,,,,1117.0,17.4,-17.4,0.029843,0.000773,-0.000428,4.75215,0.04705,-1.41718,LS+MCMC,2.92,0.6,-0.42,0.0774,,,89.94,,,782.0,,,88.24,59.32,-31.32,26.669,0.264,-0.264,Claret (2011 A&A 529 75) ATLAS LS,0.0,0.0,0.1914,0.5167,q1_q17_dr25_koi,10.483351,61.405857,70.9,2,126.0,1.0,q1_q17_dr25_tce,11111101110111011000000000000000,0.4481,Mandel and Agol (2002 ApJ 580 171),,,009/009729/009729691/dv/kplr009729691-20160209194854_dvr.pdf,009/009729/009729691/dv/kplr009729691-001-20160209194854_dvs.pdf,5211.0,181.0,-163.0,4.447,0.12,-0.18,0.08,0.25,-0.3,0.895,0.186,-0.129,0.817,0.104,-0.064,,,,q1_q17_dr25_stellar,298.60788,46.453678,14.548,15.249,14.433,14.248,14.055,13.063,12.627,12.519,0.672,19.9071895,5.3e-06,46.453655,5.7e-05,-0.09,0.2,-0.09,0.2,0.00013,0.00022,5e-05,0.00023,-0.044,0.093,-0.157,0.097,0.16,0.1,-0.136,0.096,-0.178,0.1,0.22,0.11,kplr009729691,Kepler-949b,14,"(31, 37)","(0.02702702702702703, 0.03225806451612903)"
1146,10904857,K00194.01,Kepler-488 b,CONFIRMED,Done,2018-08-16,CANDIDATE,0.802,0,0,0,0,q1_q17_dr25_sup_koi,MOD_SEC_DV---MOD_SEC_ALT---PLANET_OCCULT_ALT---HAS_SEC_TCE,3.120828136,1.986e-06,-1.986e-06,139.466594,0.000513,-0.000513,2454972.467,0.000513,-0.000513,0.0,,,,,,0.784,0.029,-0.054,2.1878,0.0645,-0.0645,,,,16456.0,213.0,-213.0,0.130153,0.001033,-0.004862,1.37644,0.39705,-0.24839,LS+MCMC,14.16,4.43,-1.48,0.0428,,,84.95,,,1303.0,,,680.79,625.11,-203.01,8.92,2.6,-2.6,Claret (2011 A&A 529 75) ATLAS LS,0.0,0.0,0.2889,0.3511,q1_q17_dr25_koi,95.42834,1089.1381,113.5,1,435.0,1.0,q1_q17_dr25_tce,11111111111111111000000000000000,0.0013,Mandel and Agol (2002 ApJ 580 171),,,010/010904/010904857/dv/kplr010904857-20160209194854_dvr.pdf,010/010904/010904857/dv/kplr010904857-001-20160209194854_dvs.pdf,6122.0,165.0,-201.0,4.471,0.052,-0.208,-0.1,0.25,-0.35,0.996,0.312,-0.104,1.07,0.137,-0.137,,,,q1_q17_dr25_stellar,282.96616,48.34507,14.804,15.217,14.749,14.627,14.589,13.724,13.403,13.412,0.0,18.86440956,3.1e-07,48.3451182,2.8e-06,-0.041,0.011,0.173,0.01,9e-05,0.0009,0.0009,0.0013,-0.015,0.067,-0.008,0.067,0.017,0.067,0.119,0.068,0.005,0.068,0.119,0.068,kplr010904857,Kepler-488b,6,"(7, 9)","(0.1111111111111111, 0.14285714285714285)"
1152,7456001,K01517.01,Kepler-874 b,CONFIRMED,Done,2018-08-16,CANDIDATE,1.0,0,0,0,0,q1_q17_dr25_sup_koi,NO_COMMENT,40.0686713,0.0001018,-0.0001018,151.80901,0.00201,-0.00201,2454984.809,0.00201,-0.00201,0.0,,,,,,0.029,0.362,-0.029,5.8875,0.0665,-0.0665,,,,970.9,18.0,-18.0,0.028574,0.000591,-0.00037,1.80017,0.06458,-0.42767,LS+MCMC,3.1,0.85,-0.46,0.2234,,,89.97,,,560.0,,,23.27,19.42,-8.34,53.46,1.9,-1.9,Claret (2011 A&A 529 75) ATLAS LS,0.0,0.0,0.2965,0.3342,q1_q17_dr25_koi,11.227994,47.246983,62.0,1,33.0,1.0,q1_q17_dr25_tce,11111111111111111000000000000000,0.823,Mandel and Agol (2002 ApJ 580 171),,,007/007456/007456001/dv/kplr007456001-20160209194854_dvr.pdf,007/007456/007456001/dv/kplr007456001-001-20160209194854_dvs.pdf,6026.0,182.0,-182.0,4.411,0.105,-0.195,-0.36,0.3,-0.3,0.992,0.274,-0.147,0.924,0.12,-0.098,,,,q1_q17_dr25_stellar,294.95685,43.014332,14.683,15.166,14.658,14.475,14.416,13.543,13.223,13.14,0.0,19.6637949,5.4e-06,43.014433,5.9e-05,0.17,0.21,0.37,0.21,8e-05,0.00021,-0.00047,0.00022,0.0,0.11,0.0,0.12,0.0,0.13,0.07,0.11,0.1,0.12,0.12,0.14,kplr007456001,Kepler-874b,14,"(31, 37)","(0.02702702702702703, 0.03225806451612903)"
1153,10028792,K01574.01,Kepler-87 b,CONFIRMED,Done,2018-08-16,CANDIDATE,1.0,0,0,0,0,q1_q17_dr25_sup_koi,NO_COMMENT,114.73658,0.0001501,-0.0001501,165.150671,0.000977,-0.000977,2454998.151,0.000977,-0.000977,0.0,,,,,,0.595,0.037,-0.057,12.0355,0.0921,-0.0921,,,,4850.0,22.2,-22.2,0.06617,0.000471,-0.000881,0.38451,0.0544,-0.04242,LS+MCMC,12.28,1.06,-0.89,0.4572,,,89.47,,,476.0,,,12.13,3.37,-2.43,64.44,9.1,-9.1,Claret (2011 A&A 529 75) ATLAS LS,0.0,0.0,0.2472,0.4288,q1_q17_dr25_koi,69.59541,196.19203,230.6,4,11.0,1.0,q1_q17_dr25_tce,11111101110111011000000000000000,0.6295,Mandel and Agol (2002 ApJ 580 171),,,010/010028/010028792/dv/kplr010028792-20160209194854_dvr.pdf,010/010028/010028792/dv/kplr010028792-001-20160209194854_dvs.pdf,5597.0,112.0,-101.0,3.963,0.054,-0.045,-0.18,0.15,-0.15,1.699,0.147,-0.123,0.969,0.084,-0.063,,,,q1_q17_dr25_stellar,297.91687,46.96513,14.6,15.131,14.547,14.372,14.292,13.389,13.033,12.981,0.0,19.861113,2e-06,46.965078,1.8e-05,-0.455,0.074,-0.186,0.064,0.00148,0.00047,2e-05,0.00054,0.054,0.076,0.034,0.076,0.064,0.076,-0.141,0.077,-0.045,0.079,0.148,0.08,kplr010028792,Kepler-87b,10,"(15, 18)","(0.05555555555555555, 0.06666666666666667)"
1157,5299459,K01576.01,Kepler-307 b,CONFIRMED,Done,2018-08-16,CANDIDATE,1.0,0,0,0,0,q1_q17_dr25_sup_koi,NO_COMMENT,10.41572666,1.362e-05,-1.362e-05,143.04774,0.00106,-0.00106,2454976.048,0.00106,-0.00106,0.0,,,,,,0.682,0.176,-0.448,2.7719,0.0414,-0.0414,,,,825.3,13.5,-13.5,0.02789,0.002401,-0.001684,1.88209,2.18496,-1.22298,LS+MCMC,3.01,0.39,-0.26,0.0917,,,88.23,,,797.0,,,95.64,36.45,-21.35,22.1,8.6,-8.6,Claret (2011 A&A 529 75) ATLAS LS,0.0,0.0,0.224,0.4695,q1_q17_dr25_koi,10.29819,57.242867,69.3,3,132.0,1.0,q1_q17_dr25_tce,11111111111111111000000000000000,0.299,Mandel and Agol (2002 ApJ 580 171),,,005/005299/005299459/dv/kplr005299459-20160209194854_dvr.pdf,005/005299/005299459/dv/kplr005299459-001-20160209194854_dvs.pdf,5511.0,110.0,,4.426,0.081,-0.099,0.2,0.15,-0.15,0.987,0.128,-0.085,0.947,0.059,-0.053,,,,q1_q17_dr25_stellar,297.79514,40.417709,14.072,14.646,13.997,13.826,13.714,12.833,12.452,12.321,0.137,19.853015,4.5e-06,40.417654,4.7e-05,0.23,0.19,-0.2,0.17,-1e-05,0.00016,-0.00014,0.00015,-0.138,0.096,0.05,0.11,0.148,0.097,-0.214,0.092,-0.15,0.11,0.262,0.1,kplr005299459,Kepler-307b,14,"(31, 37)","(0.02702702702702703, 0.03225806451612903)"
1172,6803202,K00177.01,Kepler-1711 b,CONFIRMED,Done,2018-08-16,CANDIDATE,1.0,0,0,0,0,q1_q17_dr25_sup_koi,NO_COMMENT,21.06075303,5.702e-05,-5.702e-05,143.59983,0.00227,-0.00227,2454976.6,0.00227,-0.00227,0.0,,,,,,0.176,0.25,-0.176,5.2472,0.0663,-0.0663,,,,301.2,6.3,-6.3,0.015768,0.000399,-0.0003,1.23168,0.0705,-0.38825,LS+MCMC,1.78,0.26,-0.21,0.1463,,,89.67,,,669.0,,,47.39,19.64,-13.04,30.68,1.8,-1.8,Claret (2011 A&A 529 75) ATLAS LS,0.0,0.0,0.2622,0.4035,q1_q17_dr25_koi,7.581757,43.052994,54.4,1,65.0,1.0,q1_q17_dr25_tce,11111111111111111000000000000000,0.2406,Mandel and Agol (2002 ApJ 580 171),,,006/006803/006803202/dv/kplr006803202-20160209194854_dvr.pdf,006/006803/006803202/dv/kplr006803202-001-20160209194854_dvs.pdf,5706.0,114.0,-103.0,4.382,0.099,-0.11,0.0,0.15,-0.15,1.034,0.148,-0.121,0.94,0.073,-0.055,,,,q1_q17_dr25_stellar,298.17722,42.237041,13.182,13.655,13.143,12.979,12.926,12.017,11.702,11.643,0.07,19.8784894,8.4e-06,42.237005,7.7e-05,0.29,0.33,-0.13,0.28,-9e-05,0.0001,-8.8e-05,8.3e-05,0.35,0.21,0.0,0.14,0.35,0.21,0.45,0.2,0.02,0.15,0.45,0.2,kplr006803202,Kepler-1711b,17,"(54, 65)","(0.015384615384615385, 0.018518518518518517)"
1173,5299459,K01576.02,Kepler-307 c,CONFIRMED,Done,2018-08-16,CANDIDATE,1.0,0,0,0,0,q1_q17_dr25_sup_koi,NO_COMMENT,13.08424286,2.609e-05,-2.609e-05,132.63129,0.00157,-0.00157,2454965.631,0.00157,-0.00157,0.0,,,,,,0.701,0.185,-0.475,3.0401,0.0549,-0.0549,,,,662.0,14.4,-14.4,0.025138,0.002505,-0.001795,1.64444,2.32678,-0.18735,LS+MCMC,2.71,0.35,-0.23,0.1068,,,88.37,,,739.0,,,70.51,26.87,-15.74,24.6,11.6,-11.6,Claret (2011 A&A 529 75) ATLAS LS,0.0,0.0,0.224,0.4695,q1_q17_dr25_koi,9.113019,43.509666,51.2,3,102.0,2.0,q1_q17_dr25_tce,11111111111111111000000000000000,0.9113,Mandel and Agol (2002 ApJ 580 171),,,005/005299/005299459/dv/kplr005299459-20160209194854_dvr.pdf,005/005299/005299459/dv/kplr005299459-002-20160209194854_dvs.pdf,5511.0,110.0,0.0,4.426,0.081,-0.099,0.2,0.15,-0.15,0.987,0.128,-0.085,0.947,0.059,-0.053,,,,q1_q17_dr25_stellar,297.79514,40.417709,14.072,14.646,13.997,13.826,13.714,12.833,12.452,12.321,0.409,19.8530098,6e-06,40.417585,6.2e-05,0.02,0.25,-0.45,0.22,0.00014,0.00017,5e-05,0.00016,0.02,0.12,-0.26,0.12,0.26,0.12,-0.06,0.12,-0.45,0.11,0.45,0.11,kplr005299459,Kepler-307c,15,"(37, 45)","(0.022222222222222223, 0.02702702702702703)"
1174,9651668,K00183.01,Kepler-423 b,CONFIRMED,Done,2018-08-16,CANDIDATE,0.995,0,0,0,0,q1_q17_dr25_sup_koi,NO_COMMENT,2.684328541,8.2e-08,-8.2e-08,133.3548095,2.55e-05,-2.55e-05,2454966.355,2.55e-05,-2.55e-05,0.0,,,,,,0.076,0.008,-0.053,2.69382,0.00073,-0.00073,,,,18136.0,7.4,-7.4,0.121923,4.6e-05,-8.5e-05,1.63862,0.0125,-0.00075,LS+MCMC,12.73,1.6,-1.45,0.036,,,89.49,,,1265.0,,,603.57,202.56,-154.5,8.546,0.0652,-0.0652,Claret (2011 A&A 529 75) ATLAS LS,0.0,0.0,0.2396,0.4415,q1_q17_dr25_koi,193.02173,2803.75,2833.1,1,501.0,1.0,q1_q17_dr25_tce,11111111111111111000000000000000,0.9272,Mandel and Agol (2002 ApJ 580 171),,,009/009651/009651668/dv/kplr009651668-20160209194854_dvr.pdf,009/009651/009651668/dv/kplr009651668-001-20160209194854_dvs.pdf,5561.0,74.0,-74.0,4.411,0.11,-0.09,-0.1,0.15,-0.15,0.956,0.12,-0.109,0.859,0.065,-0.042,,,,q1_q17_dr25_stellar,292.85574,46.391178,14.29,14.729,14.225,14.102,14.028,13.142,12.847,12.779,0.0,19.52371696,1.1e-07,46.3911924,1.2e-06,0.0356,0.0042,0.0445,0.0042,0.00169,0.00038,-0.00139,0.00054,-0.008,0.067,0.002,0.067,0.008,0.067,0.002,0.067,0.032,0.067,0.032,0.067,kplr009651668,Kepler-423b,6,"(7, 9)","(0.1111111111111111, 0.14285714285714285)"
1182,11547505,K01655.01,Kepler-922 b,CONFIRMED,Done,2018-08-16,CANDIDATE,1.0,0,0,0,0,q1_q17_dr25_sup_koi,CENT_KIC_POS,0.938466959,9.39e-07,-9.39e-07,135.600698,0.000797,-0.000797,2454968.601,0.000797,-0.000797,0.0,,,,,,0.054,0.399,-0.054,1.3015,0.0284,-0.0284,,,,217.4,4.9,-4.9,0.013337,0.000445,-0.000221,3.78199,0.04217,-1.46628,LS+MCMC,1.58,0.24,-0.24,0.0182,,,89.45,,,1876.0,,,2919.17,1189.69,-929.75,5.6049,0.0625,-0.0625,Claret (2011 A&A 529 75) ATLAS LS,0.0,0.0,0.2291,0.4603,q1_q17_dr25_koi,4.324426,41.280567,54.4,1,1135.0,1.0,q1_q17_dr25_tce,11111110111011101000000000000000,0.8727,Mandel and Agol (2002 ApJ 580 171),,,011/011547/011547505/dv/kplr011547505-20160209194854_dvr.pdf,011/011547/011547505/dv/kplr011547505-001-20160209194854_dvs.pdf,5499.0,82.0,-74.0,4.323,0.15,-0.1,0.12,0.15,-0.15,1.087,0.165,-0.165,0.906,0.066,-0.038,,,,q1_q17_dr25_stellar,284.73145,49.533192,13.757,14.219,13.706,13.559,13.528,12.613,12.26,12.188,0.08,18.982095,8.5e-06,49.533131,9.8e-05,-0.06,0.3,-0.21,0.35,7.2e-05,5.3e-05,5.4e-05,6.2e-05,-0.03,0.14,-0.03,0.18,0.04,0.16,0.32,0.15,-0.04,0.21,0.32,0.16,kplr011547505,Kepler-922b,18,"(65, 78)","(0.01282051282051282, 0.015384615384615385)"
1184,11502867,K00195.01,Kepler-426 b,CONFIRMED,Done,2018-08-16,CANDIDATE,1.0,0,0,0,0,q1_q17_dr25_sup_koi,NO_COMMENT,3.217518511,1.75e-07,-1.75e-07,133.6320632,4.48e-05,-4.48e-05,2454966.632,4.48e-05,-4.48e-05,0.0,,,,,,0.638,0.009,-0.01,2.11481,0.007,-0.007,,,,14319.0,14.2,-14.2,0.115425,0.000279,-0.000341,2.21495,0.06968,-0.06904,LS+MCMC,11.38,1.51,-0.93,0.041,,,86.57,,,1185.0,,,464.73,164.49,-93.72,10.662,0.335,-0.335,Claret (2011 A&A 529 75) ATLAS LS,0.0,0.0,0.2711,0.3858,q1_q17_dr25_koi,97.47379,1264.7878,1287.4,1,413.0,1.0,q1_q17_dr25_tce,11111111111111111000000000000000,0.0118,Mandel and Agol (2002 ApJ 580 171),,,011/011502/011502867/dv/kplr011502867-20160209194854_dvr.pdf,011/011502/011502867/dv/kplr011502867-001-20160209194854_dvs.pdf,5720.0,77.0,-77.0,4.473,0.063,-0.108,-0.22,0.15,-0.15,0.903,0.12,-0.074,0.882,0.06,-0.049,,,,q1_q17_dr25_stellar,289.43463,49.4734,14.835,15.329,14.779,14.624,14.549,13.624,13.23,13.212,0.0,19.29564616,3.1e-07,49.4734245,3e-06,0.146,0.011,0.088,0.011,0.00095,0.00051,0.00106,0.00076,-0.002,0.067,-0.006,0.067,0.006,0.067,-0.038,0.069,0.092,0.068,0.099,0.068,kplr011502867,Kepler-426b,7,"(9, 10)","(0.1, 0.1111111111111111)"
1187,11551692,K01781.01,Kepler-411 c,CONFIRMED,Done,2018-08-16,CANDIDATE,1.0,0,0,0,0,q1_q17_dr25_sup_koi,CENT_KIC_POS,7.834433676,2.959e-06,-2.959e-06,135.222143,0.000296,-0.000296,2454968.222,0.000296,-0.000296,0.0,,,,,,0.714,0.066,-0.488,2.89,0.0363,-0.0363,,,,2018.1,8.6,-8.6,0.04418,0.000276,-0.003365,1.21437,1.61008,-0.34525,LS+MCMC,3.47,0.29,-0.1,0.0714,,,87.41,,,689.0,,,53.33,14.22,-7.09,15.79,7.0,-7.0,Claret (2011 A&A 529 75) ATLAS LS,0.0,0.0,0.1496,0.5746,q1_q17_dr25_koi,34.478985,238.17216,246.6,3,135.0,1.0,q1_q17_dr25_tce,11111110111011101000000000000000,0.6652,Mandel and Agol (2002 ApJ 580 171),,,011/011551/011551692/dv/kplr011551692-20160209194854_dvr.pdf,011/011551/011551692/dv/kplr011551692-001-20160209194854_dvs.pdf,4920.0,98.0,-98.0,4.62,0.01,-0.059,0.07,0.15,-0.15,0.72,0.059,-0.022,0.822,0.03,-0.059,,,,q1_q17_dr25_stellar,287.60559,49.523258,12.231,13.041,12.163,11.884,11.744,10.641,10.161,10.062,0.0,19.17371035,6.9e-07,49.5233935,7.3e-06,0.177,0.024,0.481,0.026,9e-06,6.7e-05,0.000159,8.8e-05,0.036,0.082,-0.06,0.12,0.07,0.11,0.227,0.086,0.47,0.11,0.52,0.1,kplr011551692,Kepler-411c,12,"(22, 26)","(0.038461538461538464, 0.045454545454545456)"
1188,11551692,K01781.02,Kepler-411 b,CONFIRMED,Done,2018-08-16,CANDIDATE,1.0,0,0,0,0,q1_q17_dr25_sup_koi,CENT_KIC_POS,3.005156911,1.922e-06,-1.922e-06,137.103362,0.000515,-0.000515,2454970.103,0.000515,-0.000515,0.0,,,,,,0.844,0.004,-0.585,2.0747,0.0267,-0.0267,,,,691.6,6.7,-6.7,0.027938,0.000607,-0.003631,0.58859,2.12041,-0.16905,LS+MCMC,2.2,0.18,-0.07,0.0377,,,82.59,,,949.0,,,191.27,51.01,-25.41,6.55,2.9,-2.9,Claret (2011 A&A 529 75) ATLAS LS,0.0,0.0,0.1496,0.5746,q1_q17_dr25_koi,14.961813,134.81491,115.1,3,342.0,2.0,q1_q17_dr25_tce,11111110111011101000000000000000,0.4268,Mandel and Agol (2002 ApJ 580 171),,,011/011551/011551692/dv/kplr011551692-20160209194854_dvr.pdf,011/011551/011551692/dv/kplr011551692-002-20160209194854_dvs.pdf,4920.0,98.0,-98.0,4.62,0.01,-0.059,0.07,0.15,-0.15,0.72,0.059,-0.022,0.822,0.03,-0.059,,,,q1_q17_dr25_stellar,287.60559,49.523258,12.231,13.041,12.163,11.884,11.744,10.641,10.161,10.062,0.016,19.1737121,1.4e-06,49.523394,1.5e-05,0.238,0.049,0.483,0.053,-3.9e-05,3.5e-05,5.2e-05,3.9e-05,0.0,0.11,-0.22,0.12,0.22,0.12,0.16,0.11,0.25,0.13,0.3,0.11,kplr011551692,Kepler-411b,14,"(31, 37)","(0.02702702702702703, 0.03225806451612903)"
1200,5972334,K00191.01,Kepler-487 b,CONFIRMED,Done,2018-08-16,CANDIDATE,0.998,0,0,0,0,q1_q17_dr25_sup_koi,NO_COMMENT,15.358767771,2.129e-06,-2.129e-06,132.385085,0.000114,-0.000114,2454965.385,0.000114,-0.000114,0.0,,,,,,0.487,0.016,-0.031,4.1223,0.0157,-0.0157,,,,14638.0,20.2,-20.2,0.112441,0.000354,-0.000544,1.85072,0.09612,-0.06724,LS+MCMC,10.89,1.11,-0.82,0.1157,,,89.02,,,662.0,,,45.46,14.22,-9.61,28.47,1.5,-1.5,Claret (2011 A&A 529 75) ATLAS LS,0.0,0.0,0.2327,0.4526,q1_q17_dr25_koi,110.88531,695.00134,812.6,4,71.0,1.0,q1_q17_dr25_tce,11111011101110111000000000000000,0.7728,Mandel and Agol (2002 ApJ 580 171),,,005/005972/005972334/dv/kplr005972334-20160209194854_dvr.pdf,005/005972/005972334/dv/kplr005972334-001-20160209194854_dvs.pdf,5422.0,108.0,-108.0,4.484,0.063,-0.077,0.02,0.15,-0.15,0.887,0.09,-0.067,0.874,0.055,-0.046,,,,q1_q17_dr25_stellar,295.28723,41.221958,14.991,15.562,14.955,14.747,14.68,13.732,13.326,13.25,0.0,19.68581524,4.9e-07,41.222018,4.8e-06,-0.002,0.02,0.209,0.017,0.0014,0.001,-0.0001,0.0014,-0.148,0.068,-0.009,0.068,0.148,0.068,-0.019,0.074,0.116,0.079,0.118,0.079,kplr005972334,Kepler-487b,7,"(9, 10)","(0.1, 0.1111111111111111)"
1220,5617854,K01588.01,Kepler-901 b,CONFIRMED,Done,2018-08-16,CANDIDATE,1.0,0,0,0,0,q1_q17_dr25_sup_koi,CENT_KIC_POS,3.517494725,3.791e-06,-3.791e-06,135.546724,0.000906,-0.000906,2454968.547,0.000906,-0.000906,0.0,,,,,,0.742,0.081,-0.515,1.5639,0.0333,-0.0333,,,,532.8,12.0,-12.0,0.023021,0.000548,-0.002302,2.72472,4.85027,-1.10732,LS+MCMC,1.42,0.07,-0.08,0.0378,,,86.49,,,704.0,,,58.08,11.61,-10.45,12.12,5.4,-5.4,Claret (2011 A&A 529 75) ATLAS LS,0.0,0.0,0.1171,0.6215,q1_q17_dr25_koi,5.011481,42.818226,52.6,1,384.0,1.0,q1_q17_dr25_tce,11111111111111111000000000000000,0.7722,Mandel and Agol (2002 ApJ 580 171),,,005/005617/005617854/dv/kplr005617854-20160209194854_dvr.pdf,005/005617/005617854/dv/kplr005617854-001-20160209194854_dvs.pdf,4132.0,82.0,-91.0,4.699,0.025,-0.028,-0.3,0.15,-0.15,0.564,0.03,-0.03,0.578,0.031,-0.034,,,,q1_q17_dr25_stellar,291.15295,40.887489,14.699,15.902,14.671,14.184,13.882,12.753,12.096,11.907,0.053,19.4101904,6.1e-06,40.887742,6.6e-05,-0.28,0.25,0.91,0.24,-3e-05,0.00013,-0.00017,0.00012,0.02,0.1,0.1,0.1,0.1,0.1,-0.32,0.11,0.63,0.11,0.71,0.11,kplr005617854,Kepler-901b,15,"(37, 45)","(0.022222222222222223, 0.02702702702702703)"
1233,11656246,K01532.01,Kepler-885 b,CONFIRMED,Done,2018-08-16,CANDIDATE,0.997,0,0,0,0,q1_q17_dr25_sup_koi,NO_COMMENT,18.11473813,5.25e-05,-5.25e-05,147.4904,0.00254,-0.00254,2454980.49,0.00254,-0.00254,0.0,,,,,,0.896,0.024,-0.604,5.2706,0.0702,-0.0702,,,,241.5,5.3,-5.3,0.016794,0.000766,-0.002452,0.11727,0.89399,-0.03459,LS+MCMC,2.49,0.45,-0.36,0.1432,,,85.95,,,830.0,,,112.43,55.53,-37.45,12.67,6.0,-6.0,Claret (2011 A&A 529 75) ATLAS LS,0.0,0.0,0.2891,0.3589,q1_q17_dr25_koi,7.2776318,39.39738,51.3,1,71.0,1.0,q1_q17_dr25_tce,11111111111111111000000000000000,0.9807,Mandel and Agol (2002 ApJ 580 171),,,011/011656/011656246/dv/kplr011656246-20160209194854_dvr.pdf,011/011656/011656246/dv/kplr011656246-001-20160209194854_dvs.pdf,6109.0,110.0,-134.0,4.247,0.12,-0.12,0.14,0.15,-0.15,1.36,0.244,-0.199,1.194,0.088,-0.107,,,,q1_q17_dr25_stellar,288.66156,49.737209,12.841,13.137,12.767,12.714,12.689,11.833,11.633,11.535,0.218,19.2441096,8e-06,49.73724,8.5e-05,0.19,0.28,0.11,0.31,-4.7e-05,6.8e-05,-5.7e-05,7.4e-05,0.25,0.24,0.4,0.23,0.47,0.26,0.28,0.21,0.27,0.24,0.38,0.24,kplr011656246,Kepler-885b,17,"(54, 65)","(0.015384615384615385, 0.018518518518518517)"
1242,5972334,K00191.02,Kepler-487 d,CONFIRMED,Done,2018-08-16,CANDIDATE,0.996,0,0,0,0,q1_q17_dr25_sup_koi,NO_COMMENT,2.418406841,2.472e-06,-2.472e-06,132.505587,0.000864,-0.000864,2454965.506,0.000864,-0.000864,0.0,,,,,,0.018,0.439,-0.018,2.0744,0.0311,-0.0311,,,,665.4,10.9,-10.9,0.023206,0.000783,-0.000257,2.46233,0.13494,-0.76116,LS+MCMC,2.25,0.23,-0.17,0.0337,,,89.89,,,1226.0,,,535.84,167.62,-113.31,9.131,0.5,-0.5,Claret (2011 A&A 529 75) ATLAS LS,0.0,0.0,0.2327,0.4526,q1_q17_dr25_koi,8.395141,52.920734,69.1,4,426.0,2.0,q1_q17_dr25_tce,11111011101110111000000000000000,0.1946,Mandel and Agol (2002 ApJ 580 171),,,005/005972/005972334/dv/kplr005972334-20160209194854_dvr.pdf,005/005972/005972334/dv/kplr005972334-002-20160209194854_dvs.pdf,5422.0,108.0,-108.0,4.484,0.063,-0.077,0.02,0.15,-0.15,0.887,0.09,-0.067,0.874,0.055,-0.046,,,,q1_q17_dr25_stellar,295.28723,41.221958,14.991,15.562,14.955,14.747,14.68,13.732,13.326,13.25,0.063,19.6858078,6.1e-06,41.222011,5.9e-05,-0.31,0.25,0.18,0.21,0.00025,0.00016,1e-05,0.00014,-0.33,0.83,0.09,0.28,0.34,0.84,-0.11,0.81,0.18,0.3,0.21,0.62,kplr005972334,Kepler-487d,15,"(37, 45)","(0.022222222222222223, 0.02702702702702703)"
1248,8692861,K00172.01,Kepler-69 b,CONFIRMED,Done,2018-08-16,CANDIDATE,1.0,0,0,0,0,q1_q17_dr25_sup_koi,NO_COMMENT,13.7223682,1.822e-05,-1.822e-05,137.84083,0.00112,-0.00112,2454970.841,0.00112,-0.00112,0.0,,,,,,0.009,0.359,-0.009,5.1231,0.0357,-0.0357,,,,571.1,6.5,-6.5,0.021681,0.000409,-0.000171,0.91895,0.01958,-0.18908,LS+MCMC,2.23,0.28,-0.27,0.1048,,,89.98,,,746.0,,,73.16,26.92,-20.94,20.914,0.446,-0.446,Claret (2011 A&A 529 75) ATLAS LS,0.0,0.0,0.2787,0.3728,q1_q17_dr25_koi,12.482682,82.31395,97.9,2,97.0,1.0,q1_q17_dr25_tce,11111111111111111000000000000000,0.3965,Mandel and Agol (2002 ApJ 580 171),,,008/008692/008692861/dv/kplr008692861-20160209194854_dvr.pdf,008/008692/008692861/dv/kplr008692861-001-20160209194854_dvs.pdf,5637.0,113.0,-101.0,4.399,0.132,-0.088,-0.3,0.15,-0.15,0.943,0.117,-0.117,0.813,0.072,-0.036,,,,q1_q17_dr25_stellar,293.26093,44.868889,13.749,14.19,13.701,13.559,13.496,12.631,12.284,12.234,0.257,19.5507298,3.6e-06,44.868839,4e-05,0.02,0.14,-0.18,0.14,8.9e-05,7.8e-05,-2.7e-05,8.2e-05,0.04,0.12,0.04,0.11,0.05,0.15,0.01,0.13,-0.07,0.12,0.07,0.11,kplr008692861,Kepler-69b,16,"(45, 54)","(0.018518518518518517, 0.022222222222222223)"
1250,9480310,K01470.01,Kepler-1668 b,CONFIRMED,Done,2018-08-16,CANDIDATE,1.0,0,0,0,0,q1_q17_dr25_sup_koi,CENT_KIC_POS,15.43400996,3.693e-05,-3.693e-05,363.29494,0.00159,-0.00159,2455196.295,0.00159,-0.00159,0.0,,,,,,0.707,0.005,-0.52,4.2572,0.0764,-0.0764,,,,1785.9,34.9,-34.9,0.04136,0.003111,-0.002676,0.75718,1.12709,-0.03769,LS+MCMC,4.3,1.27,-0.43,0.124,,,88.09,,,721.0,,,63.79,55.86,-19.48,21.2,10.5,-10.5,Claret (2011 A&A 529 75) ATLAS LS,0.0,0.0,0.2844,0.3661,q1_q17_dr25_koi,9.993257,51.55364,59.7,1,58.0,1.0,q1_q17_dr25_tce,00011101110111011000000000000000,0.6232,Mandel and Agol (2002 ApJ 580 171),,,009/009480/009480310/dv/kplr009480310-20160209194854_dvr.pdf,009/009480/009480310/dv/kplr009480310-001-20160209194854_dvs.pdf,5900.0,164.0,-226.0,4.509,0.037,-0.213,0.07,0.25,-0.3,0.951,0.282,-0.094,1.065,0.11,-0.138,,,,q1_q17_dr25_stellar,297.35233,46.09594,15.703,16.266,15.658,15.461,15.396,14.492,14.101,14.013,0.0,19.8234777,3.4e-06,46.096327,5.3e-05,-0.39,0.13,1.39,0.19,-0.00016,0.00027,0.00265,0.0004,0.15,0.15,-3.05,0.91,3.06,0.91,0.01,0.17,0.31,0.15,0.31,0.15,kplr009480310,Kepler-1668b,12,"(22, 26)","(0.038461538461538464, 0.045454545454545456)"
1268,6616218,K01692.01,Kepler-314 c,CONFIRMED,Done,2018-08-16,CANDIDATE,1.0,0,0,0,0,q1_q17_dr25_sup_koi,NO_COMMENT,5.960400011,4.39e-06,-4.39e-06,137.265171,0.000636,-0.000636,2454970.265,0.000636,-0.000636,0.0,,,,,,0.8,0.077,-0.553,2.8617,0.0441,-0.0441,,,,828.3,7.3,-7.3,0.029409,0.00016,-0.002785,0.59047,1.6615,-0.00333,LS+MCMC,2.85,0.33,-0.12,0.0639,,,85.57,,,890.0,,,148.26,50.61,-22.66,10.35,4.9,-4.9,Claret (2011 A&A 529 75) ATLAS LS,0.0,0.0,0.2193,0.4785,q1_q17_dr25_koi,18.942575,135.83038,126.1,2,104.0,1.0,q1_q17_dr25_tce,10011001100110011000000000000000,0.4196,Mandel and Agol (2002 ApJ 580 171),,,006/006616/006616218/dv/kplr006616218-20160209194854_dvr.pdf,006/006616/006616218/dv/kplr006616218-001-20160209194854_dvs.pdf,5418.0,98.0,-108.0,4.534,0.024,-0.102,0.28,0.15,-0.15,0.886,0.104,-0.037,0.978,0.037,-0.067,,,,q1_q17_dr25_stellar,294.6741,42.075581,12.557,13.126,12.459,12.313,12.205,11.242,10.85,10.778,0.225,19.6449473,1.7e-06,42.075601,1.6e-05,0.266,0.068,0.077,0.058,-4.1e-05,5.6e-05,3.5e-05,5e-05,-0.074,0.092,0.0,0.12,0.074,0.092,0.038,0.093,0.2,0.12,0.2,0.13,kplr006616218,Kepler-314c,14,"(31, 37)","(0.02702702702702703, 0.03225806451612903)"
1269,7761545,K01472.01,Kepler-857 b,CONFIRMED,Done,2018-08-16,CANDIDATE,0.936,0,0,0,0,q1_q17_dr25_sup_koi,NO_COMMENT,85.3514875,0.0001029,-0.0001029,161.007608,0.000939,-0.000939,2454994.008,0.000939,-0.000939,0.0,,,,,,0.052,0.227,-0.052,6.7504,0.0404,-0.0404,,,,4674.7,36.6,-36.6,0.06161,0.000734,-0.000302,2.79021,0.00206,-0.50665,LS+MCMC,6.31,0.86,-0.36,0.3751,,,89.97,,,390.0,,,5.44,1.96,-0.89,102.4237,0.0756,-0.0756,Claret (2011 A&A 529 75) ATLAS LS,0.0,0.0,0.2291,0.4603,q1_q17_dr25_koi,45.288082,143.4172,142.8,1,17.0,1.0,q1_q17_dr25_tce,11111111111111111000000000000000,0.2037,Mandel and Agol (2002 ApJ 580 171),,,007/007761/007761545/dv/kplr007761545-20160209194854_dvr.pdf,007/007761/007761545/dv/kplr007761545-001-20160209194854_dvs.pdf,5584.0,75.0,-83.0,4.478,0.045,-0.113,0.14,0.15,-0.15,0.938,0.127,-0.054,0.966,0.05,-0.055,,,,q1_q17_dr25_stellar,294.63239,43.400471,15.061,15.599,15.02,14.831,14.757,13.847,13.499,13.403,0.0,19.642161,2.5e-06,43.400534,2.9e-05,0.091,0.098,0.23,0.1,0.00142,0.0006,-7e-05,0.00072,-0.03,0.069,-0.047,0.07,0.056,0.07,0.118,0.073,0.07,0.07,0.137,0.072,kplr007761545,Kepler-857b,10,"(15, 18)","(0.05555555555555555, 0.06666666666666667)"
1271,12365184,K01474.01,Kepler-419 b,CONFIRMED,Done,2018-08-16,CANDIDATE,0.985,0,0,0,0,q1_q17_dr25_sup_koi,NO_COMMENT,69.72646639,2.38e-05,-2.38e-05,196.093243,0.000276,-0.000276,2455029.093,0.000276,-0.000276,0.0,,,,,,0.019,0.149,-0.019,3.7177,0.0108,-0.0108,,,,4491.2,17.4,-17.4,0.061648,0.000246,-0.000122,13.68843,0.01595,-0.95533,LS+MCMC,11.65,2.12,-2.12,0.371,,,89.99,,,613.0,,,33.3,15.5,-12.14,152.089,0.177,-0.177,Claret (2011 A&A 529 75) ATLAS LS,0.0,0.0,0.3189,0.2981,q1_q17_dr25_koi,60.760292,177.54475,300.7,1,20.0,1.0,q1_q17_dr25_tce,11111111111111111000000000000000,0.6666,Mandel and Agol (2002 ApJ 580 171),,,012/012365/012365184/dv/kplr012365184-20160209194854_dvr.pdf,012/012365/012365184/dv/kplr012365184-001-20160209194854_dvs.pdf,6430.0,77.0,-83.0,4.107,0.149,-0.122,0.2,0.15,-0.15,1.731,0.315,-0.315,1.398,0.121,-0.121,,,,q1_q17_dr25_stellar,295.41788,51.184761,13.005,13.276,12.969,12.889,12.879,12.088,11.899,11.859,0.54,19.69453822,9.9e-07,51.184905,1e-05,0.414,0.033,0.522,0.037,7e-05,0.00036,-7e-05,0.00055,0.006,0.074,0.009,0.072,0.01,0.077,0.089,0.076,0.062,0.071,0.109,0.075,kplr012365184,Kepler-419b,10,"(15, 18)","(0.05555555555555555, 0.06666666666666667)"
1275,10748390,K00003.01,Kepler-3 b,CONFIRMED,Done,2018-08-16,CANDIDATE,0.913,0,0,0,0,q1_q17_dr25_sup_koi,CENT_SATURATED,4.887803076,4.66e-07,-4.66e-07,124.8130808,7.51e-05,-7.51e-05,2454957.813,7.51e-05,-7.51e-05,0.0,,,,,,0.054,0.145,-0.054,2.36255,0.00466,-0.00466,,,,4315.8,6.1,-6.1,0.057823,0.000351,-0.000174,3.69348,0.0202,-0.31849,LS+MCMC,4.82,0.17,-0.18,0.053,,,89.82,,,800.0,,,96.67,14.91,-13.89,16.7084,0.0914,-0.0914,Claret (2011 A&A 529 75) ATLAS LS,0.0,0.0,0.0989,0.6441,q1_q17_dr25_koi,245.26993,2034.6268,862.3,1,215.0,1.0,q1_q17_dr25_tce,11111101110111011000000000000000,0.0139,Mandel and Agol (2002 ApJ 580 171),,,010/010748/010748390/dv/kplr010748390-20160209194854_dvr.pdf,010/010748/010748390/dv/kplr010748390-001-20160209194854_dvs.pdf,4778.0,86.0,-95.0,4.591,0.015,-0.036,0.32,0.15,-0.15,0.763,0.028,-0.028,0.83,0.02,-0.047,,,,q1_q17_dr25_stellar,297.70935,48.080853,9.174,10.665,9.479,,,7.608,7.131,7.009,0.0,19.84734499,2.9e-07,48.0816448,1.7e-06,1.98,0.01,2.8504,0.0063,0.001684,5.3e-05,0.000811,4.8e-05,-6.2,1.7,-2.27,0.89,6.6,1.8,-4.0,1.4,1.55,0.97,4.3,1.2,kplr010748390,Kepler-3b,10,"(15, 18)","(0.05555555555555555, 0.06666666666666667)"
1276,11804465,K00020.01,Kepler-12 b,CONFIRMED,Done,2018-08-16,CANDIDATE,0.761,0,0,0,0,q1_q17_dr25_sup_koi,NO_COMMENT,4.437962934,1.71e-07,-1.71e-07,171.0091259,2.88e-05,-2.88e-05,2455004.009,2.88e-05,-2.88e-05,0.0,,,,,,0.069,0.007,-0.05,4.69813,0.00079,-0.00079,,,,16388.0,5.3,-5.3,0.116814,4.4e-05,-5.3e-05,0.50482,0.00357,-0.00068,LS+MCMC,18.05,2.92,-3.57,0.0545,,,89.51,,,1338.0,,,757.65,339.17,-311.08,8.0702,0.0571,-0.0571,Claret (2011 A&A 529 75) ATLAS LS,0.0,0.0,0.2891,0.3589,q1_q17_dr25_koi,302.35617,3302.585,3535.6,1,238.0,1.0,q1_q17_dr25_tce,11111110111011101000000000000000,0.4049,Mandel and Agol (2002 ApJ 580 171),,,011/011804/011804465/dv/kplr011804465-20160209194854_dvr.pdf,011/011804/011804465/dv/kplr011804465-001-20160209194854_dvs.pdf,5953.0,105.0,-129.0,4.175,0.168,-0.112,0.08,0.15,-0.15,1.415,0.229,-0.28,1.093,0.109,-0.089,,,,q1_q17_dr25_stellar,286.24344,50.040379,13.438,13.782,13.374,13.29,13.274,12.406,12.107,12.066,0.018,19.082895075,9.9e-08,50.04038486,1e-06,-0.0078,0.0034,0.0175,0.0036,-5e-05,0.00026,9e-05,0.00039,0.001,0.067,-0.001,0.067,0.002,0.067,-0.044,0.072,-0.073,0.068,0.085,0.07,kplr011804465,Kepler-12b,7,"(9, 10)","(0.1, 0.1111111111111111)"
1277,9663113,K00179.01,Kepler-458 c,CONFIRMED,Done,2018-08-16,CANDIDATE,0.999,0,0,0,0,q1_q17_dr25_sup_koi,NO_COMMENT,20.74028645,2.965e-05,-2.965e-05,142.80003,0.00112,-0.00112,2454975.8,0.00112,-0.00112,0.0,,,,,,0.431,0.037,-0.363,10.3939,0.0626,-0.0626,,,,1023.3,7.5,-7.5,0.029861,0.00149,-0.000456,0.128,0.04307,-0.0171,LS+MCMC,4.24,0.75,-0.57,0.154,,,88.27,,,798.0,,,95.68,46.87,-29.35,14.28,4.8,-4.8,Claret (2011 A&A 529 75) ATLAS LS,0.0,0.0,0.3029,0.3239,q1_q17_dr25_koi,20.704483,117.66725,155.3,2,52.0,1.0,q1_q17_dr25_tce,11111101110111011000000000000000,0.0955,Mandel and Agol (2002 ApJ 580 171),,,009/009663/009663113/dv/kplr009663113-20160209194854_dvr.pdf,009/009663/009663113/dv/kplr009663113-001-20160209194854_dvs.pdf,6226.0,112.0,-124.0,4.264,0.115,-0.115,0.0,0.15,-0.15,1.299,0.231,-0.173,1.129,0.106,-0.077,,,,q1_q17_dr25_stellar,297.04541,46.328701,13.955,14.398,13.915,13.765,13.712,12.823,12.546,12.502,0.0,19.8030249,2.5e-06,46.328651,2.4e-05,-0.116,0.093,-0.178,0.088,0.000185,9.8e-05,-0.000157,9.6e-05,0.103,0.092,0.06,0.13,0.12,0.12,0.128,0.098,-0.076,0.088,0.149,0.096,kplr009663113,Kepler-458c,14,"(31, 37)","(0.02702702702702703, 0.03225806451612903)"
1293,12403119,K01478.01,Kepler-858 b,CONFIRMED,Done,2018-08-16,CANDIDATE,0.961,0,0,0,0,q1_q17_dr25_sup_koi,CENT_KIC_POS,76.13622222,5.204e-05,-5.204e-05,199.476237,0.000554,-0.000554,2455032.476,0.000554,-0.000554,0.0,,,,,,0.044,0.253,-0.044,7.9393,0.0329,-0.0329,,,,2949.5,10.0,-10.0,0.049061,0.000527,-0.000172,1.47766,0.01345,-0.25182,LS+MCMC,4.78,0.6,-0.31,0.3403,,,89.97,,,399.0,,,6.01,2.24,-1.15,76.789,0.699,-0.699,Claret (2011 A&A 529 75) ATLAS LS,0.0,0.0,0.2396,0.4415,q1_q17_dr25_koi,96.01898,280.73087,339.4,1,16.0,1.0,q1_q17_dr25_tce,11111111111111111000000000000000,0.9594,Mandel and Agol (2002 ApJ 580 171),,,012/012403/012403119/dv/kplr012403119-20160209194854_dvr.pdf,012/012403/012403119/dv/kplr012403119-001-20160209194854_dvs.pdf,5591.0,111.0,-111.0,4.494,0.053,-0.098,-0.06,0.15,-0.15,0.892,0.113,-0.057,0.904,0.056,-0.056,,,,q1_q17_dr25_stellar,288.84863,51.209049,12.45,12.907,12.392,12.254,12.191,11.297,10.943,10.862,0.0,19.2565882,1.2e-06,51.20895,1.2e-05,0.435,0.041,-0.359,0.044,0.00036,0.00015,-0.00039,0.00019,0.024,0.072,0.126,0.075,0.128,0.074,0.381,0.073,0.114,0.08,0.398,0.073,kplr012403119,Kepler-858b,11,"(18, 22)","(0.045454545454545456, 0.05555555555555555)"
1302,12019440,K00186.01,Kepler-485 b,CONFIRMED,Done,2018-08-16,CANDIDATE,0.998,0,0,0,0,q1_q17_dr25_sup_koi,NO_COMMENT,3.24325988,2.09e-07,-2.09e-07,133.6690203,5.24e-05,-5.24e-05,2454966.669,5.24e-05,-5.24e-05,0.0,,,,,,0.117,0.028,-0.08,3.03318,0.00154,-0.00154,,,,16451.0,11.8,-11.8,0.116687,2.8e-05,-0.000205,1.3532,0.02681,-0.02137,LS+MCMC,12.91,2.11,-0.91,0.0433,,,89.27,,,1243.0,,,563.17,236.5,-104.64,9.095,0.18,-0.18,Claret (2011 A&A 529 75) ATLAS LS,0.0,0.0,0.2602,0.4096,q1_q17_dr25_koi,133.76108,1636.7843,1586.2,1,413.0,1.0,q1_q17_dr25_tce,11111111111111111000000000000000,0.7637,Mandel and Agol (2002 ApJ 580 171),,,012/012019/012019440/dv/kplr012019440-20160209194854_dvr.pdf,012/012019/012019440/dv/kplr012019440-001-20160209194854_dvs.pdf,5823.0,69.0,-87.0,4.438,0.051,-0.127,0.1,0.15,-0.15,1.013,0.166,-0.071,1.027,0.063,-0.063,,,,q1_q17_dr25_stellar,294.99631,50.470058,14.952,15.394,14.876,14.763,14.696,13.782,13.479,13.433,0.0,19.66642323,2.5e-07,50.4700641,2.5e-06,0.0869,0.0087,0.0149,0.0091,-0.00176,0.00048,-0.00089,0.00073,0.02,0.067,-0.007,0.067,0.021,0.067,0.064,0.068,-0.052,0.067,0.082,0.068,kplr012019440,Kepler-485b,7,"(9, 10)","(0.1, 0.1111111111111111)"
1304,10004738,K01598.01,Kepler-310 c,CONFIRMED,Done,2018-08-16,CANDIDATE,0.986,0,0,0,0,q1_q17_dr25_sup_koi,NO_COMMENT,56.4758069,0.0001281,-0.0001281,143.81128,0.00187,-0.00187,2454976.811,0.00187,-0.00187,0.0,,,,,,0.862,0.019,-0.587,5.961,0.169,-0.169,,,,1091.8,16.7,-16.7,0.035104,0.000743,-0.004436,0.42341,2.03356,-0.23924,LS+MCMC,3.22,0.25,-0.14,0.2838,,,88.81,,,417.0,,,7.14,1.61,-0.96,41.5,19.9,-19.9,Claret (2011 A&A 529 75) ATLAS LS,0.0,0.0,0.2291,0.4603,q1_q17_dr25_koi,14.585626,56.980606,70.0,3,24.0,1.0,q1_q17_dr25_tce,11111111111111111000000000000000,0.7502,Mandel and Agol (2002 ApJ 580 171),,,010/010004/010004738/dv/kplr010004738-20160209194854_dvr.pdf,010/010004/010004738/dv/kplr010004738-001-20160209194854_dvs.pdf,5497.0,74.0,-82.0,4.57,0.014,-0.063,0.07,0.15,-0.2,0.839,0.065,-0.035,0.952,0.034,-0.067,,,,q1_q17_dr25_stellar,288.83936,46.98674,14.279,14.782,14.242,14.063,14.149,13.056,12.69,12.626,0.528,19.2559602,4.8e-06,46.986757,4.9e-05,0.13,0.18,0.06,0.18,-8e-05,0.0002,0.00011,0.0002,0.01,0.1,0.15,0.1,0.15,0.1,-0.11,0.13,0.366,0.092,0.382,0.1,kplr010004738,Kepler-310c,13,"(26, 31)","(0.03225806451612903, 0.038461538461538464)"
1309,7626370,K01706.01,Kepler-932 b,CONFIRMED,Done,2018-08-16,CANDIDATE,1.0,0,0,0,0,q1_q17_dr25_sup_koi,NO_COMMENT,1.921437488,2.196e-06,-2.196e-06,131.806204,0.000961,-0.000961,2454964.806,0.000961,-0.000961,0.0,,,,,,0.919,0.031,-0.672,1.9046,0.0285,-0.0285,,,,278.7,5.8,-5.8,0.019017,0.000574,-0.003352,0.22347,2.34245,-0.10251,LS+MCMC,1.77,0.41,-0.24,0.0279,,,74.86,,,1276.0,,,626.79,443.77,-203.34,3.52,1.8,-1.8,Claret (2011 A&A 529 75) ATLAS LS,0.0,0.0,0.2043,0.4966,q1_q17_dr25_koi,4.187052,40.189835,56.7,1,697.0,1.0,q1_q17_dr25_tce,11111111111111111000000000000000,0.4227,Mandel and Agol (2002 ApJ 580 171),,,007/007626/007626370/dv/kplr007626370-20160209194854_dvr.pdf,007/007626/007626370/dv/kplr007626370-001-20160209194854_dvs.pdf,5238.0,158.0,-142.0,4.472,0.117,-0.273,-0.08,0.3,-0.25,0.851,0.197,-0.112,0.784,0.114,-0.057,,,,q1_q17_dr25_stellar,296.95206,43.271969,14.131,14.823,14.076,13.835,13.687,12.732,12.271,12.21,0.17,19.7968024,5.4e-06,43.271946,7.1e-05,-0.06,0.21,-0.08,0.25,2.7e-05,5.6e-05,6.1e-05,6.7e-05,-0.02,0.14,-0.07,0.1,0.07,0.11,0.02,0.15,0.2,0.1,0.2,0.098,kplr007626370,Kepler-932b,16,"(45, 54)","(0.018518518518518517, 0.022222222222222223)"
1313,9597806,K01481.01,Kepler-860 b,CONFIRMED,Done,2018-08-16,CANDIDATE,1.0,0,0,0,0,q1_q17_dr25_sup_koi,NO_COMMENT,5.101375725,8.821e-06,-8.821e-06,357.48217,0.00117,-0.00117,2455190.482,0.00117,-0.00117,0.0,,,,,,0.027,0.358,-0.027,2.595,0.0378,-0.0378,,,,894.6,18.9,-18.9,0.027246,0.000643,-0.000359,2.67226,0.07382,-0.67835,LS+MCMC,2.84,0.88,-0.3,0.058,,,89.9,,,1050.0,,,287.28,264.29,-87.12,15.434,0.426,-0.426,Claret (2011 A&A 529 75) ATLAS LS,0.0,0.0,0.2622,0.4035,q1_q17_dr25_koi,6.1429543,45.956264,55.1,1,220.0,1.0,q1_q17_dr25_tce,00011111111111111000000000000000,0.4033,Mandel and Agol (2002 ApJ 580 171),,,009/009597/009597806/dv/kplr009597806-20160209194854_dvr.pdf,009/009597/009597806/dv/kplr009597806-001-20160209194854_dvs.pdf,5869.0,164.0,-205.0,4.479,0.067,-0.202,-0.04,0.25,-0.3,0.954,0.297,-0.099,1.001,0.127,-0.127,,,,q1_q17_dr25_stellar,295.57727,46.254742,15.455,15.994,15.396,15.224,15.153,14.129,13.838,13.75,0.036,19.7051499,6.9e-06,46.254583,7.8e-05,-0.05,0.26,-0.56,0.28,0.00013,0.00023,0.00031,0.00025,0.002,0.088,0.03,0.11,0.03,0.11,0.07,0.1,-0.02,0.1,0.08,0.11,kplr009597806,Kepler-860b,15,"(37, 45)","(0.022222222222222223, 0.02702702702702703)"
1319,9663113,K00179.02,Kepler-458 b,CONFIRMED,Done,2018-08-16,CANDIDATE,0.0,0,0,0,0,q1_q17_dr25_sup_koi,INCONSISTENT_TRANS---CENT_FEW_DIFFS,572.376632,0.006215,-0.006215,306.51006,0.00425,-0.00425,2455139.51,0.00425,-0.00425,0.0,,,,,,0.712,0.063,-0.332,24.42,0.559,-0.559,,,,1743.4,22.3,-22.3,0.040914,0.003347,-0.001929,0.14543,0.16461,-0.0618,LS+MCMC,5.8,1.04,-0.77,1.4062,,,89.7,,,264.0,,,1.15,0.56,-0.35,136.1,51.3,-51.3,Claret (2011 A&A 529 75) ATLAS LS,0.0,0.0,0.3029,0.3239,q1_q17_dr25_koi,29.135689,28.84485,78.6,2,4.0,2.0,q1_q17_dr25_tce,11111101110111011000000000000000,-1.0,Mandel and Agol (2002 ApJ 580 171),,,009/009663/009663113/dv/kplr009663113-20160209194854_dvr.pdf,009/009663/009663113/dv/kplr009663113-002-20160209194854_dvs.pdf,6226.0,112.0,-124.0,4.264,0.115,-0.115,0.0,0.15,-0.15,1.299,0.231,-0.173,1.129,0.106,-0.077,,,,q1_q17_dr25_stellar,297.04541,46.328701,13.955,14.398,13.915,13.765,13.712,12.823,12.546,12.502,0.911,19.8030305,4.9e-06,46.328619,5.1e-05,0.09,0.18,-0.29,0.18,-4e-05,0.00026,-5e-05,0.00029,-0.1,2.0,0.06,0.7,0.1,1.0,0.0,1.7,-0.06,0.58,0.06,0.59,kplr009663113,Kepler-458b,12,"(22, 26)","(0.038461538461538464, 0.045454545454545456)"
1333,7898352,K01486.01,Kepler-302 c,CONFIRMED,Done,2018-08-16,CANDIDATE,1.0,0,0,0,0,q1_q17_dr25_sup_koi,NO_COMMENT,127.2824442,0.0001696,-0.0001696,163.89,0.00115,-0.00115,2454996.89,0.00115,-0.00115,0.0,,,,,,0.827,0.009,-0.011,7.1545,0.0744,-0.0744,,,,8088.6,62.6,-62.6,0.093207,0.000529,-0.001037,1.06975,0.07479,-0.08104,LS+MCMC,12.04,1.87,-2.06,0.4913,,,89.51,,,392.0,,,5.61,2.49,-2.03,97.12,6.8,-6.8,Claret (2011 A&A 529 75) ATLAS LS,0.0,0.0,0.2602,0.4096,q1_q17_dr25_koi,46.034946,116.552216,148.1,2,11.0,1.0,q1_q17_dr25_tce,11111111111111111000000000000000,0.3049,Mandel and Agol (2002 ApJ 580 171),,,007/007898/007898352/dv/kplr007898352-20160209194854_dvr.pdf,007/007898/007898352/dv/kplr007898352-001-20160209194854_dvs.pdf,5733.0,115.0,-104.0,4.281,0.143,-0.104,0.06,0.15,-0.15,1.183,0.184,-0.202,0.974,0.079,-0.065,,,,q1_q17_dr25_stellar,294.31699,43.629341,15.505,16.016,15.46,15.286,15.189,14.259,13.913,13.9,0.0,19.6211208,3e-06,43.629298,3.7e-05,-0.44,0.12,-0.15,0.13,0.003,0.0019,-0.001,0.0025,-0.004,0.072,-0.03,0.083,0.03,0.083,-0.085,0.072,-0.35,0.093,0.36,0.092,kplr007898352,Kepler-302c,8,"(10, 12)","(0.08333333333333333, 0.1)"
1334,11402995,K00173.01,Kepler-481 b,CONFIRMED,Done,2018-08-16,CANDIDATE,1.0,0,0,0,0,q1_q17_dr25_sup_koi,NO_COMMENT,10.06083238,1.495e-05,-1.495e-05,138.96723,0.00126,-0.00126,2454971.967,0.00126,-0.00126,0.0,,,,,,0.672,0.015,-0.515,4.5718,0.0508,-0.0508,,,,460.2,6.1,-6.1,0.020765,0.002175,-0.00112,0.40512,0.50513,-0.01047,LS+MCMC,2.58,0.41,-0.4,0.0894,,,87.02,,,899.0,,,154.16,68.53,-51.89,12.94,5.4,-5.4,Claret (2011 A&A 529 75) ATLAS LS,0.0,0.0,0.2622,0.4035,q1_q17_dr25_koi,9.39896,68.921616,86.4,1,130.0,1.0,q1_q17_dr25_tce,11111111111111111000000000000000,0.132,Mandel and Agol (2002 ApJ 580 171),,,011/011402/011402995/dv/kplr011402995-20160209194854_dvr.pdf,011/011402/011402995/dv/kplr011402995-001-20160209194854_dvs.pdf,5705.0,114.0,-103.0,4.297,0.156,-0.104,0.0,0.15,-0.15,1.14,0.177,-0.177,0.939,0.074,-0.054,,,,q1_q17_dr25_stellar,291.90704,49.262051,13.844,14.277,13.801,13.659,13.613,12.724,12.4,12.383,0.0,19.4604717,4e-06,49.262033,4.9e-05,0.09,0.14,-0.06,0.18,-0.00012,6.5e-05,-0.00014,8.1e-05,-0.034,0.097,0.027,0.088,0.043,0.094,-0.144,0.092,0.23,0.11,0.27,0.1,kplr011402995,Kepler-481b,16,"(45, 54)","(0.018518518518518517, 0.022222222222222223)"
1338,7951018,K01553.01,Kepler-890 b,CONFIRMED,Done,2018-08-16,CANDIDATE,0.331,0,0,0,0,q1_q17_dr25_sup_koi,NO_COMMENT,52.75878505,3.347e-05,-3.347e-05,156.306351,0.000526,-0.000526,2454989.306,0.000526,-0.000526,0.0,,,,,,0.344,0.079,-0.221,6.6517,0.0404,-0.0404,,,,5805.8,26.6,-26.6,0.070522,0.001655,-0.000658,1.575,0.32377,-0.01809,LS+MCMC,8.76,2.91,-0.97,0.2944,,,89.68,,,540.0,,,20.08,19.73,-6.5,61.4,12.6,-12.6,Claret (2011 A&A 529 75) ATLAS LS,0.0,0.0,0.3022,0.3344,q1_q17_dr25_koi,56.394043,237.59964,265.4,1,26.0,1.0,q1_q17_dr25_tce,11111111111111111000000000000000,0.0949,Mandel and Agol (2002 ApJ 580 171),,,007/007951/007951018/dv/kplr007951018-20160209194854_dvr.pdf,007/007951/007951018/dv/kplr007951018-001-20160209194854_dvs.pdf,6228.0,174.0,-239.0,4.413,0.054,-0.216,0.21,0.2,-0.35,1.137,0.378,-0.126,1.221,0.152,-0.169,,,,q1_q17_dr25_stellar,288.43576,43.763489,15.182,15.629,15.117,14.991,14.937,14.057,13.808,13.665,0.608,19.2290529,1.3e-06,43.763529,1.4e-05,0.113,0.052,0.14,0.052,-0.0001,0.00049,-0.00015,0.00061,0.005,0.071,0.005,0.076,0.007,0.074,-0.041,0.072,-0.039,0.076,0.056,0.075,kplr007951018,Kepler-890b,9,"(12, 15)","(0.06666666666666667, 0.08333333333333333)"
1353,6468138,K01826.01,Kepler-965 b,CONFIRMED,Done,2018-08-16,CANDIDATE,0.987,0,0,0,0,q1_q17_dr25_sup_koi,NO_COMMENT,134.2520474,0.0005467,-0.0005467,182.70534,0.00306,-0.00306,2455015.705,0.00306,-0.00306,0.0,,,,,,0.001,0.392,-0.001,9.0636,0.0904,-0.0904,,,,832.1,16.6,-16.6,0.026201,0.000658,-0.000263,1.64351,0.00615,-0.49174,LS+MCMC,3.43,0.54,-0.53,0.512,,,90.0,,,393.0,,,5.63,2.44,-1.92,116.123,0.435,-0.435,Claret (2011 A&A 529 75) ATLAS LS,0.0,0.0,0.2622,0.4035,q1_q17_dr25_koi,20.61069,52.910034,57.2,1,9.0,1.0,q1_q17_dr25_tce,11111111111111111000000000000000,0.8776,Mandel and Agol (2002 ApJ 580 171),,,006/006468/006468138/dv/kplr006468138-20160209194854_dvr.pdf,006/006468/006468138/dv/kplr006468138-001-20160209194854_dvs.pdf,5818.0,105.0,-117.0,4.276,0.143,-0.104,0.02,0.15,-0.15,1.2,0.186,-0.186,0.991,0.081,-0.065,,,,q1_q17_dr25_stellar,298.51532,41.891201,13.35,13.762,13.304,13.173,13.125,12.298,11.979,11.91,0.115,19.9010195,7.5e-06,41.891163,8.3e-05,-0.1,0.3,-0.13,0.3,9e-05,0.00025,0.00025,0.00025,0.28,0.14,-0.19,0.17,0.34,0.15,0.22,0.13,-0.3,0.23,0.38,0.2,kplr006468138,Kepler-965b,15,"(37, 45)","(0.022222222222222223, 0.02702702702702703)"
1354,10019708,K00199.01,Kepler-490 b,CONFIRMED,Done,2018-08-16,CANDIDATE,0.999,0,0,0,0,q1_q17_dr25_sup_koi,NO_COMMENT,3.268695042,2.62e-07,-2.62e-07,137.4817205,6.5e-05,-6.5e-05,2454970.482,6.5e-05,-6.5e-05,0.0,,,,,,0.065,0.081,-0.044,3.45188,0.00218,-0.00218,,,,10091.0,7.9,-7.9,0.091563,1.7e-05,-7.3e-05,0.87558,0.00701,-0.00031,LS+MCMC,16.91,2.61,-3.92,0.0453,,,89.53,,,1597.0,,,1539.0,624.72,-678.87,7.9079,0.0633,-0.0633,Claret (2011 A&A 529 75) ATLAS LS,0.0,0.0,0.2891,0.3589,q1_q17_dr25_koi,93.92894,1341.4701,1429.9,2,413.0,1.0,q1_q17_dr25_tce,11111111111111111000000000000000,0.3667,Mandel and Agol (2002 ApJ 580 171),,,010/010019/010019708/dv/kplr010019708-20160209194854_dvr.pdf,010/010019/010019708/dv/kplr010019708-001-20160209194854_dvs.pdf,5927.0,80.0,-80.0,4.046,0.182,-0.098,0.14,0.15,-0.15,1.691,0.261,-0.392,1.161,0.132,-0.096,,,,q1_q17_dr25_stellar,295.02567,46.956001,14.879,15.248,14.817,14.72,14.71,13.819,13.502,13.469,0.0,19.66837491,2.5e-07,46.9560419,3.2e-06,-0.1138,0.0092,0.151,0.012,0.00049,0.00023,0.00266,0.00033,-0.008,0.067,-0.02,0.067,0.021,0.067,-0.048,0.067,-0.11,0.067,0.119,0.067,kplr010019708,Kepler-490b,8,"(10, 12)","(0.08333333333333333, 0.1)"
1357,7046804,K00205.01,Kepler-492 b,CONFIRMED,Done,2018-08-16,CANDIDATE,0.998,0,0,0,0,q1_q17_dr25_sup_koi,NO_COMMENT,11.720123999,1.574e-06,-1.574e-06,142.173999,0.000109,-0.000109,2454975.174,0.000109,-0.000109,0.0,,,,,,0.623,0.016,-0.026,3.0039,0.0165,-0.0165,,,,9763.3,17.0,-17.0,0.094404,0.000387,-0.000773,2.65963,0.19552,-0.15615,LS+MCMC,7.94,1.06,-0.71,0.0935,,,88.67,,,660.0,,,44.89,20.14,-11.57,26.83,2.0,-2.0,Claret (2011 A&A 529 75) ATLAS LS,0.0,0.0,0.2075,0.49,q1_q17_dr25_koi,100.10436,749.69366,707.3,1,111.0,1.0,q1_q17_dr25_tce,11111111111111111000000000000000,0.3553,Mandel and Agol (2002 ApJ 580 171),,,007/007046/007046804/dv/kplr007046804-20160209194854_dvr.pdf,007/007046/007046804/dv/kplr007046804-001-20160209194854_dvs.pdf,5215.0,158.0,-142.0,4.564,0.052,-0.078,-0.16,0.3,-0.3,0.77,0.103,-0.069,0.792,0.085,-0.07,,,,q1_q17_dr25_stellar,295.49667,42.537891,14.518,15.192,14.471,14.228,14.118,13.095,12.709,12.656,0.0,19.69978116,4e-07,42.5379341,4.3e-06,0.153,0.016,0.159,0.016,0.00298,0.00044,-0.00133,0.00058,-0.017,0.068,-0.006,0.069,0.018,0.068,0.084,0.069,0.162,0.069,0.182,0.069,kplr007046804,Kepler-492b,8,"(10, 12)","(0.08333333333333333, 0.1)"
1368,6305192,K00219.01,Kepler-494 b,CONFIRMED,Done,2018-08-16,CANDIDATE,1.0,0,0,0,0,q1_q17_dr25_sup_koi,NO_COMMENT,8.025118521,3.166e-06,-3.166e-06,132.469133,0.000325,-0.000325,2454965.469,0.000325,-0.000325,0.0,,,,,,0.454,0.042,-0.323,5.3694,0.0396,-0.0396,,,,3120.4,10.6,-10.6,0.052128,3.8e-05,-0.001171,0.37629,0.13853,-0.00546,LS+MCMC,7.79,1.37,-1.37,0.0804,,,87.6,,,1093.0,,,336.73,167.37,-125.86,10.86,4.0,-4.0,Claret (2011 A&A 529 75) ATLAS LS,0.0,0.0,0.2904,0.3534,q1_q17_dr25_koi,40.004295,393.82916,373.0,1,169.0,1.0,q1_q17_dr25_tce,11111111111111111000000000000000,0.9238,Mandel and Agol (2002 ApJ 580 171),,,006/006305/006305192/dv/kplr006305192-20160209194854_dvr.pdf,006/006305/006305192/dv/kplr006305192-001-20160209194854_dvs.pdf,6002.0,120.0,-120.0,4.196,0.162,-0.108,0.0,0.15,-0.15,1.369,0.241,-0.241,1.073,0.102,-0.082,,,,q1_q17_dr25_stellar,297.21408,41.66404,14.153,14.685,14.109,13.925,13.823,12.899,12.54,12.468,0.0,19.81426939,6.8e-07,41.6640105,7e-06,-0.134,0.028,-0.106,0.025,-0.00024,0.00011,0.00021,0.00012,0.004,0.069,-0.075,0.068,0.075,0.068,-0.007,0.07,-0.112,0.069,0.112,0.069,kplr006305192,Kepler-494b,11,"(18, 22)","(0.045454545454545456, 0.05555555555555555)"
1373,3326377,K01830.01,Kepler-967 b,CONFIRMED,Done,2018-08-16,CANDIDATE,1.0,0,0,0,0,q1_q17_dr25_sup_koi,CENT_KIC_POS,13.22714056,2.728e-05,-2.728e-05,142.20251,0.00166,-0.00166,2454975.203,0.00166,-0.00166,0.0,,,,,,0.013,0.406,-0.013,3.2861,0.051,-0.051,,,,812.0,17.8,-17.8,0.025421,0.000815,-0.000369,3.39073,0.18174,-0.91132,LS+MCMC,2.22,0.15,-0.12,0.1027,,,89.98,,,638.0,,,39.1,9.11,-6.79,31.53,1.7,-1.7,Claret (2011 A&A 529 75) ATLAS LS,0.0,0.0,0.1959,0.5086,q1_q17_dr25_koi,7.2477627,45.19574,51.8,2,100.0,1.0,q1_q17_dr25_tce,11111111111111111000000000000000,0.7774,Mandel and Agol (2002 ApJ 580 171),,,003/003326/003326377/dv/kplr003326377-20160209194854_dvr.pdf,003/003326/003326377/dv/kplr003326377-001-20160209194854_dvs.pdf,5180.0,103.0,-103.0,4.548,0.036,-0.054,0.0,0.15,-0.15,0.8,0.054,-0.043,0.825,0.046,-0.046,,,,q1_q17_dr25_stellar,286.55807,38.405369,14.443,15.107,14.404,14.159,13.973,12.991,12.539,12.396,0.009,19.1038566,6.1e-06,38.405078,6.7e-05,-0.65,0.26,-1.05,0.24,-1e-05,0.00022,0.00033,0.00021,0.28,0.11,0.07,0.11,0.28,0.11,0.082,0.099,-0.27,0.13,0.28,0.14,kplr003326377,Kepler-967b,15,"(37, 45)","(0.022222222222222223, 0.02702702702702703)"
1374,11601584,K01831.01,Kepler-324 c,CONFIRMED,Done,2018-08-16,CANDIDATE,1.0,0,0,0,0,q1_q17_dr25_sup_koi,NO_COMMENT,51.8098276,0.0002294,-0.0002294,182.97335,0.00327,-0.00327,2455015.973,0.00327,-0.00327,0.0,,,,,,0.273,0.668,-0.597,6.343,0.454,-0.454,,,,1025.4,23.2,-23.2,0.028842,0.010862,-0.005247,1.67158,1.43042,-1.56991,LS+MCMC,2.6,0.19,-0.16,0.2571,,,89.75,,,410.0,,,6.71,1.66,-1.25,61.9,26.5,-26.5,Claret (2011 A&A 529 75) ATLAS LS,0.0,0.0,0.1914,0.5167,q1_q17_dr25_koi,14.466879,46.575012,56.8,4,17.0,1.0,q1_q17_dr25_tce,11111110111011101000000000000000,0.0116,Mandel and Agol (2002 ApJ 580 171),,,011/011601/011601584/dv/kplr011601584-20160209194854_dvr.pdf,011/011601/011601584/dv/kplr011601584-001-20160209194854_dvs.pdf,5191.0,103.0,-103.0,4.53,0.044,-0.055,0.08,0.15,-0.15,0.826,0.061,-0.05,0.844,0.049,-0.044,,,,q1_q17_dr25_stellar,286.47147,49.649021,14.122,14.72,14.038,13.866,13.758,12.783,12.337,12.291,,19.0980971,6.8e-06,49.64901,7.4e-05,-0.03,0.24,-0.04,0.26,,,0.0004,0.00029,-0.17,0.14,-0.06,0.15,0.18,0.16,-0.188,0.099,0.19,0.14,0.27,0.12,kplr011601584,Kepler-324c,14,"(31, 37)","(0.02702702702702703, 0.03225806451612903)"
1379,11673802,K01894.01,Kepler-1004 b,CONFIRMED,Done,2018-08-16,CANDIDATE,1.0,0,0,0,0,q1_q17_dr25_sup_koi,NO_COMMENT,5.28790754,1.129e-05,-1.129e-05,135.36119,0.0018,-0.0018,2454968.361,0.0018,-0.0018,0.0,,,,,,0.474,0.354,-0.273,8.5274,0.0591,-0.0591,,,,343.9,4.3,-4.3,0.017041,0.002113,-0.000484,0.05453,0.02349,-0.00095,LS+MCMC,7.1,0.35,-0.96,0.0671,,,83.69,,,1661.0,,,1802.31,262.7,-548.56,4.32,1.9,-1.9,Claret (2011 A&A 529 75) ATLAS LS,0.0,0.0,0.1611,0.5645,q1_q17_dr25_koi,5.4748645,49.242104,90.6,1,255.0,1.0,q1_q17_dr25_tce,11111111111111111000000000000000,0.4615,Mandel and Agol (2002 ApJ 580 171),,,011/011673/011673802/dv/kplr011673802-20160209194854_dvr.pdf,011/011673/011673802/dv/kplr011673802-001-20160209194854_dvs.pdf,4994.0,52.0,-89.0,3.433,0.02,-0.024,0.08,0.1,-0.15,3.818,0.185,-0.517,1.441,0.121,-0.338,,,,q1_q17_dr25_stellar,297.35928,49.79755,13.427,14.305,13.364,13.05,12.815,11.7,11.155,11.06,0.006,19.82396,3.6e-06,49.797539,3.6e-05,0.25,0.13,-0.04,0.13,-7.5e-05,4.1e-05,-5.6e-05,4.2e-05,0.02,0.12,0.03,0.18,0.03,0.19,0.13,0.14,-0.01,0.18,0.13,0.13,kplr011673802,Kepler-1004b,17,"(54, 65)","(0.015384615384615385, 0.018518518518518517)"
1399,5728139,K00206.01,Kepler-433 b,CONFIRMED,Done,2018-08-16,CANDIDATE,1.0,0,0,0,0,q1_q17_dr25_sup_koi,NO_COMMENT,5.334082429,1.332e-06,-1.332e-06,131.981761,0.000208,-0.000208,2454964.982,0.000208,-0.000208,0.0,,,,,,0.045,0.052,-0.045,6.2226,0.00687,-0.00687,,,,4676.5,8.3,-8.3,0.062872,9.2e-05,-6e-05,0.22622,0.00117,-0.00432,LS+MCMC,13.08,2.45,-3.0,0.0665,,,89.63,,,1495.0,,,1180.64,571.89,-512.17,6.9812,0.0361,-0.0361,Claret (2011 A&A 529 75) ATLAS LS,0.0,0.0,0.305,0.3201,q1_q17_dr25_koi,47.406998,569.9242,653.4,1,253.0,1.0,q1_q17_dr25_tce,11111111111111111000000000000000,0.3468,Mandel and Agol (2002 ApJ 580 171),,,005/005728/005728139/dv/kplr005728139-20160209194854_dvr.pdf,005/005728/005728139/dv/kplr005728139-001-20160209194854_dvs.pdf,6332.0,82.0,-75.0,4.016,0.18,-0.12,0.04,0.15,-0.15,1.905,0.357,-0.437,1.373,0.148,-0.162,,,,q1_q17_dr25_stellar,297.59366,40.977268,14.463,14.953,14.413,14.253,14.166,13.201,12.948,12.826,0.0,19.83957516,4e-07,40.9772595,5.3e-06,-0.063,0.016,-0.038,0.019,1e-05,0.00013,-0.00189,0.00017,-0.013,0.067,0.041,0.068,0.043,0.068,-0.022,0.069,-0.076,0.069,0.08,0.069,kplr005728139,Kepler-433b,10,"(15, 18)","(0.05555555555555555, 0.06666666666666667)"
1408,11046458,K00214.01,Kepler-424 b,CONFIRMED,Done,2018-08-16,CANDIDATE,1.0,0,0,0,0,q1_q17_dr25_sup_koi,NO_COMMENT,3.311864148,3.55e-07,-3.55e-07,131.7427761,8.65e-05,-8.65e-05,2454964.743,8.65e-05,-8.65e-05,0.0,,,,,,0.905,0.005,-0.007,1.4049,0.0139,-0.0139,,,,5976.5,24.2,-24.2,0.088567,0.00112,-0.001394,2.25943,0.11028,-0.17755,LS+MCMC,9.06,1.16,-0.33,0.0437,,,85.26,,,1116.0,,,365.94,125.14,-46.03,10.942,0.534,-0.534,Claret (2011 A&A 529 75) ATLAS LS,0.0,0.0,0.2111,0.4955,q1_q17_dr25_koi,39.35819,436.30713,448.2,1,319.0,1.0,q1_q17_dr25_tce,11111101110111011000000000000000,0.14,Mandel and Agol (2002 ApJ 580 171),,,011/011046/011046458/dv/kplr011046458-20160209194854_dvr.pdf,011/011046/011046458/dv/kplr011046458-001-20160209194854_dvs.pdf,5461.0,73.0,-82.0,4.499,0.023,-0.12,0.44,0.05,-0.15,0.937,0.12,-0.034,1.012,0.029,-0.057,,,,q1_q17_dr25_stellar,298.62488,48.57745,14.256,14.847,14.188,14.003,13.937,12.905,12.6,12.47,0.0,19.90833264,8.8e-07,48.577482,8.8e-06,0.237,0.031,0.115,0.032,0.00024,0.00043,-0.00145,0.00062,-0.003,0.071,0.044,0.071,0.044,0.071,0.194,0.072,0.143,0.071,0.241,0.074,kplr011046458,Kepler-424b,8,"(10, 12)","(0.08333333333333333, 0.1)"
1410,7132798,K00220.01,Kepler-119 b,CONFIRMED,Done,2018-08-16,CANDIDATE,1.0,0,0,0,0,q1_q17_dr25_sup_koi,NO_COMMENT,2.422084188,4.83e-07,-4.83e-07,132.940079,0.000165,-0.000165,2454965.94,0.000165,-0.000165,0.0,,,,,,0.058,0.229,-0.058,2.5613,0.00828,-0.00828,,,,1871.8,5.2,-5.2,0.039181,0.000376,-0.000179,1.37113,0.00358,-0.28373,LS+MCMC,3.55,0.75,-0.32,0.0344,,,89.56,,,1213.0,,,511.66,323.27,-136.32,7.5197,0.0196,-0.0196,Claret (2011 A&A 529 75) ATLAS LS,0.0,0.0,0.2396,0.4415,q1_q17_dr25_koi,27.22816,399.3786,423.7,2,551.0,1.0,q1_q17_dr25_tce,11111111111111111000000000000000,0.1542,Mandel and Agol (2002 ApJ 580 171),,,007/007132/007132798/dv/kplr007132798-20160209194854_dvr.pdf,007/007132/007132798/dv/kplr007132798-001-20160209194854_dvs.pdf,5598.0,149.0,-166.0,4.565,0.036,-0.144,-0.1,0.3,-0.3,0.83,0.176,-0.075,0.928,0.083,-0.111,,,,q1_q17_dr25_stellar,295.94641,42.65892,14.236,14.761,14.164,14.011,13.919,12.997,12.636,12.58,0.0,19.72976003,6.8e-07,42.6588612,8.2e-06,-0.05,0.027,-0.212,0.03,-6e-06,5.8e-05,0.000272,6.7e-05,0.007,0.068,-0.007,0.073,0.01,0.072,-0.058,0.07,-0.194,0.074,0.203,0.073,kplr007132798,Kepler-119b,13,"(26, 31)","(0.03225806451612903, 0.038461538461538464)"
1415,9471268,K01835.02,Kepler-326 b,CONFIRMED,Done,2018-08-16,CANDIDATE,1.0,0,0,0,0,q1_q17_dr25_sup_koi,NO_COMMENT,2.248288213,2.61e-06,-2.61e-06,133.425805,0.000957,-0.000957,2454966.426,0.000957,-0.000957,0.0,,,,,,0.004,0.46,-0.004,2.0361,0.0311,-0.0311,,,,263.2,5.0,-5.0,0.014461,0.00057,-0.000192,2.36193,0.07482,-0.94848,LS+MCMC,1.25,0.08,-0.06,0.0315,,,89.97,,,1127.0,,,380.75,87.12,-61.45,8.578,0.272,-0.272,Claret (2011 A&A 529 75) ATLAS LS,0.0,0.0,0.153,0.5684,q1_q17_dr25_koi,6.2117267,44.245068,59.7,3,596.0,1.0,q1_q17_dr25_tce,11111111111111111000000000000000,0.5616,Mandel and Agol (2002 ApJ 580 171),,,009/009471/009471268/dv/kplr009471268-20160209194854_dvr.pdf,009/009471/009471268/dv/kplr009471268-001-20160209194854_dvs.pdf,5103.0,101.0,-101.0,4.558,0.032,-0.05,0.04,0.15,-0.15,0.789,0.052,-0.037,0.82,0.047,-0.043,,,,q1_q17_dr25_stellar,294.32553,46.002251,13.693,14.404,13.623,13.388,13.26,12.229,11.783,11.673,0.0,19.6217036,5.2e-06,46.002361,5.5e-05,0.03,0.2,0.4,0.2,7.1e-05,5e-05,-0.000154,5.1e-05,-0.02,0.083,0.34,0.12,0.34,0.12,0.169,0.082,0.44,0.13,0.47,0.13,kplr009471268,Kepler-326b,18,"(65, 78)","(0.01282051282051282, 0.015384615384615385)"
1430,10663396,K02046.01,Kepler-1069 b,CONFIRMED,Done,2018-08-16,CANDIDATE,1.0,0,0,0,0,q1_q17_dr25_sup_koi,NO_COMMENT,23.8990075,0.0001281,-0.0001281,151.39847,0.00431,-0.00431,2454984.398,0.00431,-0.00431,0.0,,,,,,0.153,0.27,-0.153,15.955,0.121,-0.121,,,,293.4,5.5,-5.5,0.015456,0.000405,-0.000249,0.05041,0.00124,-0.01887,LS+MCMC,3.26,0.57,-0.86,0.1685,,,89.24,,,823.0,,,108.3,50.64,-52.76,11.503,0.283,-0.283,Claret (2011 A&A 529 75) ATLAS LS,0.0,0.0,0.2329,0.4554,q1_q17_dr25_koi,8.416729,33.028297,61.5,1,30.0,1.0,q1_q17_dr25_tce,11001100110011001000000000000000,0.1265,Mandel and Agol (2002 ApJ 580 171),,,010/010663/010663396/dv/kplr010663396-20160209194854_dvr.pdf,010/010663/010663396/dv/kplr010663396-001-20160209194854_dvs.pdf,5511.0,82.0,-74.0,3.914,0.21,-0.09,0.1,0.15,-0.1,1.93,0.34,-0.51,1.115,0.11,-0.152,,,,q1_q17_dr25_stellar,290.97934,47.988998,13.153,13.651,13.086,12.939,12.877,11.945,11.628,11.538,0.282,19.39861,7.7e-06,47.988973,6.6e-05,-0.43,0.28,-0.1,0.24,0.000104,8.2e-05,-1.9e-05,7.1e-05,0.13,0.14,-0.42,0.33,0.44,0.29,0.08,0.14,-0.61,0.4,0.61,0.39,kplr010663396,Kepler-1069b,18,"(65, 78)","(0.01282051282051282, 0.015384615384615385)"
1438,6046540,K00200.01,Kepler-74 b,CONFIRMED,Done,2018-08-16,CANDIDATE,0.998,0,0,0,0,q1_q17_dr25_sup_koi,NO_COMMENT,7.340714946,8.05e-07,-8.05e-07,134.3457036,9.21e-05,-9.21e-05,2454967.346,9.21e-05,-9.21e-05,0.0,,,,,,0.568,0.022,-0.028,2.9987,0.0141,-0.0141,,,,8510.5,12.7,-12.7,0.087453,0.000366,-0.000479,1.83834,0.11056,-0.11765,LS+MCMC,14.31,0.88,-1.34,0.0801,,,88.13,,,1155.0,,,421.03,92.67,-106.78,17.37,1.0,-1.0,Claret (2011 A&A 529 75) ATLAS LS,0.0,0.0,0.2845,0.3747,q1_q17_dr25_koi,103.31487,913.0406,856.3,1,184.0,1.0,q1_q17_dr25_tce,11111111111111111000000000000000,0.6798,Mandel and Agol (2002 ApJ 580 171),,,006/006046/006046540/dv/kplr006046540-20160209194854_dvr.pdf,006/006046/006046540/dv/kplr006046540-001-20160209194854_dvs.pdf,6056.0,120.0,-144.0,4.191,0.06,-0.045,0.36,0.1,-0.2,1.498,0.093,-0.14,1.268,0.054,-0.092,,,,q1_q17_dr25_stellar,293.09253,41.355518,14.412,14.876,14.35,14.212,14.182,13.306,13.008,12.958,0.0,19.53950056,3.9e-07,41.3555528,3.7e-06,-0.058,0.016,0.118,0.013,-0.00025,0.00029,-0.00054,0.00036,-0.018,0.067,0.052,0.069,0.055,0.069,0.033,0.068,0.055,0.069,0.064,0.069,kplr006046540,Kepler-74b,8,"(10, 12)","(0.08333333333333333, 0.1)"
1440,3762468,K00208.01,Kepler-493 b,CONFIRMED,Done,2018-08-16,CANDIDATE,1.0,0,0,0,0,q1_q17_dr25_sup_koi,NO_COMMENT,3.003879547,3.581e-06,-3.581e-06,134.709874,0.000991,-0.000991,2454967.71,0.000991,-0.000991,0.0,,,,,,0.338,0.05,-0.338,3.2848,0.0587,-0.0587,,,,8538.0,122.0,-122.0,0.085668,0.000702,-0.001677,0.79594,0.19383,-0.06067,LS+MCMC,10.96,3.52,-1.17,0.0439,,,87.33,,,1438.0,,,1011.87,959.94,-321.7,7.24,1.8,-1.8,Claret (2011 A&A 529 75) ATLAS LS,0.0,0.0,0.3022,0.3344,q1_q17_dr25_koi,41.05356,482.27795,80.8,1,354.0,1.0,q1_q17_dr25_tce,11111011101110111000000000000000,0.5524,Mandel and Agol (2002 ApJ 580 171),,,003/003762/003762468/dv/kplr003762468-20160209194854_dvr.pdf,003/003762/003762468/dv/kplr003762468-001-20160209194854_dvs.pdf,6311.0,177.0,-243.0,4.398,0.054,-0.216,0.21,0.2,-0.35,1.172,0.376,-0.125,1.253,0.154,-0.184,,,,q1_q17_dr25_stellar,295.30753,38.881641,14.996,15.446,14.95,14.803,14.759,13.956,13.696,13.727,0.0,19.68717084,4.8e-07,38.8815308,6e-06,0.065,0.02,-0.393,0.022,-0.00085,0.00048,-0.00131,0.00061,0.011,0.067,0.023,0.067,0.026,0.067,-0.035,0.068,-0.168,0.068,0.171,0.068,kplr003762468,Kepler-493b,9,"(12, 15)","(0.06666666666666667, 0.08333333333333333)"
1452,3937519,K00221.01,Kepler-495 b,CONFIRMED,Done,2018-08-16,CANDIDATE,1.0,0,0,0,0,q1_q17_dr25_sup_koi,NO_COMMENT,3.413036353,6.26e-07,-6.26e-07,132.443054,0.000151,-0.000151,2454965.443,0.000151,-0.000151,0.0,,,,,,0.046,0.117,-0.046,2.61366,0.00578,-0.00578,,,,3868.7,8.9,-8.9,0.055812,0.000216,-8.9e-05,1.90183,0.01064,-0.08982,LS+MCMC,6.62,1.37,-1.12,0.0427,,,89.75,,,1200.0,,,490.24,266.14,-169.63,10.5406,0.059,-0.059,Claret (2011 A&A 529 75) ATLAS LS,0.0,0.0,0.224,0.4695,q1_q17_dr25_koi,32.43251,455.0805,480.7,2,398.0,1.0,q1_q17_dr25_tce,11111111111111111000000000000000,0.5661,Mandel and Agol (2002 ApJ 580 171),,,003/003937/003937519/dv/kplr003937519-20160209194854_dvr.pdf,003/003937/003937519/dv/kplr003937519-001-20160209194854_dvs.pdf,5392.0,80.0,-72.0,4.314,0.165,-0.15,0.18,0.15,-0.1,1.087,0.224,-0.184,0.888,0.061,-0.035,,,,q1_q17_dr25_stellar,285.93069,39.098141,14.622,15.223,14.571,14.364,14.253,13.314,12.859,12.81,0.02,19.06204571,8.1e-07,39.098074,1e-05,-0.041,0.034,-0.237,0.037,-0.00023,0.00017,-6e-05,0.00019,0.0,0.068,0.0,0.073,0.001,0.07,0.059,0.069,-0.021,0.069,0.062,0.069,kplr003937519,Kepler-495b,11,"(18, 22)","(0.045454545454545456, 0.05555555555555555)"
1456,3338885,K01845.01,Kepler-975 b,CONFIRMED,Done,2018-08-16,CANDIDATE,1.0,0,0,0,0,q1_q17_dr25_sup_koi,NO_COMMENT,1.970340203,2.276e-06,-2.276e-06,131.948389,0.00096,-0.00096,2454964.948,0.00096,-0.00096,0.0,,,,,,0.859,0.033,-0.606,1.7901,0.0341,-0.0341,,,,403.2,8.5,-8.5,0.021783,0.000904,-0.003386,0.51893,2.37777,-0.15737,LS+MCMC,3.97,2.57,-2.34,0.0303,,,79.56,,,1599.0,,,1540.07,3171.86,-1307.7,4.74,2.2,-2.2,Claret (2011 A&A 529 75) ATLAS LS,0.0,0.0,0.1396,0.5988,q1_q17_dr25_koi,4.657093,44.915237,56.3,2,675.0,1.0,q1_q17_dr25_tce,11111111111111111000000000000000,0.8567,Mandel and Agol (2002 ApJ 580 171),,,003/003338/003338885/dv/kplr003338885-20160209194854_dvr.pdf,003/003338/003338885/dv/kplr003338885-001-20160209194854_dvs.pdf,4883.0,146.0,-132.0,3.972,0.57,-0.38,0.56,0.05,-0.3,1.667,1.082,-0.983,0.951,0.198,-0.144,,,,q1_q17_dr25_stellar,290.54855,38.495281,14.438,15.344,14.362,14.05,13.861,12.807,12.276,12.19,0.395,19.3698971,5.2e-06,38.495277,6.7e-05,-0.29,0.22,-0.01,0.24,3.3e-05,8.8e-05,-6.6e-05,9.6e-05,-0.03,0.41,-0.03,0.16,0.04,0.18,-0.11,0.44,0.02,0.17,0.11,0.46,kplr003338885,Kepler-975b,16,"(45, 54)","(0.018518518518518517, 0.022222222222222223)"
1458,6776401,K01847.01,Kepler-977 b,CONFIRMED,Done,2018-08-16,CANDIDATE,1.0,0,0,0,0,q1_q17_dr25_sup_koi,NO_COMMENT,26.85323647,6.691e-05,-6.691e-05,143.31303,0.00203,-0.00203,2454976.313,0.00203,-0.00203,0.0,,,,,,0.01,0.424,-0.01,4.4557,0.0624,-0.0624,,,,965.8,20.9,-20.9,0.027896,0.000912,-0.000412,2.78077,0.03809,-0.95352,LS+MCMC,2.65,0.47,-0.39,0.162,,,89.99,,,544.0,,,20.77,11.67,-7.36,47.326,0.648,-0.648,Claret (2011 A&A 529 75) ATLAS LS,0.0,0.0,0.2043,0.4966,q1_q17_dr25_koi,9.713177,43.310688,53.3,1,51.0,1.0,q1_q17_dr25_tce,11111111111111111000000000000000,0.1707,Mandel and Agol (2002 ApJ 580 171),,,006/006776/006776401/dv/kplr006776401-20160209194854_dvr.pdf,006/006776/006776401/dv/kplr006776401-001-20160209194854_dvs.pdf,5329.0,159.0,-159.0,4.455,0.117,-0.143,-0.14,0.3,-0.3,0.869,0.155,-0.127,0.786,0.113,-0.061,,,,q1_q17_dr25_stellar,291.5162,42.248192,14.812,15.476,14.768,14.528,14.419,13.434,13.018,12.92,0.244,19.4344092,6e-06,42.248203,6.1e-05,-0.19,0.24,0.05,0.22,5e-05,0.00024,-0.00019,0.00023,-0.14,0.15,0.06,0.2,0.15,0.16,-0.13,0.15,-0.24,0.2,0.27,0.18,kplr006776401,Kepler-977b,14,"(31, 37)","(0.02702702702702703, 0.03225806451612903)"
1468,9044228,K01988.01,Kepler-1039 b,CONFIRMED,Done,2018-08-16,CANDIDATE,1.0,0,0,0,0,q1_q17_dr25_sup_koi,NO_COMMENT,0.934885365,9.1e-07,-9.1e-07,131.580676,0.00082,-0.00082,2454964.581,0.00082,-0.00082,0.0,,,,,,0.731,0.159,-0.487,1.4083,0.0277,-0.0277,,,,270.4,5.7,-5.7,0.01638,0.001764,-0.001591,1.07711,1.69432,-0.01916,LS+MCMC,3.21,1.91,-1.91,0.0184,,,78.54,,,2080.0,,,4435.29,8252.09,-3775.76,3.68,1.4,-1.4,Claret (2011 A&A 529 75) ATLAS LS,0.0,0.0,0.098,0.6538,q1_q17_dr25_koi,4.7595024,45.290287,57.8,1,1432.0,1.0,q1_q17_dr25_tce,11111111111111111000000000000000,0.5954,Mandel and Agol (2002 ApJ 580 171),,,009/009044/009044228/dv/kplr009044228-20160209194854_dvr.pdf,009/009044/009044228/dv/kplr009044228-001-20160209194854_dvs.pdf,4777.0,143.0,-119.0,3.909,0.707,-0.353,0.56,0.05,-0.3,1.795,1.067,-1.067,0.953,0.187,-0.168,,,,q1_q17_dr25_stellar,298.3266,45.31551,14.145,15.087,14.058,13.741,13.536,12.424,11.863,11.753,0.158,19.8884313,7.3e-06,45.315455,6.8e-05,-0.31,0.28,-0.2,0.25,9.6e-05,6.6e-05,-6e-06,5.9e-05,0.016,0.088,0.1,0.086,0.101,0.086,0.167,0.086,-0.217,0.088,0.274,0.093,kplr009044228,Kepler-1039b,17,"(54, 65)","(0.015384615384615385, 0.018518518518518517)"
1481,10723750,K00209.01,Kepler-117 c,CONFIRMED,Done,2018-08-16,CANDIDATE,0.993,0,0,0,0,q1_q17_dr25_sup_koi,NO_COMMENT,50.79034648,2.381e-05,-2.381e-05,135.632759,0.000406,-0.000406,2454968.633,0.000406,-0.000406,0.0,,,,,,0.058,0.076,-0.058,10.8474,0.0138,-0.0138,,,,5671.1,11.9,-11.9,0.069067,0.000142,-9.9e-05,0.40843,0.00275,-0.01156,LS+MCMC,10.6,1.91,-1.9,0.2776,,,89.91,,,612.0,,,33.12,16.79,-12.57,38.189,0.257,-0.257,Claret (2011 A&A 529 75) ATLAS LS,0.0,0.0,0.303,0.3166,q1_q17_dr25_koi,91.49705,376.44238,508.8,2,29.0,1.0,q1_q17_dr25_tce,11111111111111111000000000000000,0.8965,Mandel and Agol (2002 ApJ 580 171),,,010/010723/010723750/dv/kplr010723750-20160209194854_dvr.pdf,010/010723/010723750/dv/kplr010723750-001-20160209194854_dvs.pdf,6163.0,123.0,-123.0,4.185,0.154,-0.112,-0.06,0.15,-0.15,1.406,0.253,-0.253,1.102,0.122,-0.081,,,,q1_q17_dr25_stellar,288.79303,48.04023,14.274,14.607,14.213,14.131,14.095,13.324,12.988,13.011,0.062,19.25287361,7.2e-07,48.0402041,6.6e-06,0.156,0.026,-0.093,0.024,-0.00013,0.00027,-0.00016,0.00036,0.001,0.068,-0.002,0.07,0.002,0.069,0.061,0.068,-0.063,0.071,0.087,0.07,kplr010723750,Kepler-117c,9,"(12, 15)","(0.06666666666666667, 0.08333333333333333)"
1482,6037581,K01916.02,Kepler-336 c,CONFIRMED,Done,2018-08-16,CANDIDATE,1.0,0,0,0,0,q1_q17_dr25_sup_koi,NO_COMMENT,9.59993246,2.139e-05,-2.139e-05,136.58227,0.00172,-0.00172,2454969.582,0.00172,-0.00172,0.0,,,,,,0.063,0.362,-0.063,4.3206,0.0549,-0.0549,,,,271.2,5.5,-5.5,0.014963,0.000395,-0.000212,1.04528,0.06202,-0.27675,LS+MCMC,2.08,0.35,-0.35,0.091,,,89.79,,,967.0,,,206.91,95.83,-74.6,17.2,1.0,-1.0,Claret (2011 A&A 529 75) ATLAS LS,0.0,0.0,0.2555,0.4191,q1_q17_dr25_koi,5.2048445,32.263363,52.0,3,142.0,1.0,q1_q17_dr25_tce,11111111111111111000000000000000,0.8008,Mandel and Agol (2002 ApJ 580 171),,,006/006037/006037581/dv/kplr006037581-20160209194854_dvr.pdf,006/006037/006037581/dv/kplr006037581-001-20160209194854_dvs.pdf,5865.0,105.0,-117.0,4.266,0.137,-0.112,0.16,0.15,-0.15,1.272,0.213,-0.213,1.088,0.089,-0.089,,,,q1_q17_dr25_stellar,290.23764,41.331379,13.598,14.012,13.549,13.42,13.356,12.488,12.194,12.144,,19.3491634,6.4e-06,41.331341,6.6e-05,-0.51,0.26,-0.14,0.24,,,4.4e-05,6.6e-05,-0.32,0.17,-0.26,0.18,0.42,0.17,-0.39,0.17,-0.24,0.18,0.45,0.17,kplr006037581,Kepler-336c,18,"(65, 78)","(0.01282051282051282, 0.015384615384615385)"
1494,6849046,K00201.01,Kepler-491 b,CONFIRMED,Done,2018-08-16,CANDIDATE,0.998,0,0,0,0,q1_q17_dr25_sup_koi,NO_COMMENT,4.225384543,2.69e-07,-2.69e-07,137.5606891,5.22e-05,-5.22e-05,2454970.561,5.22e-05,-5.22e-05,0.0,,,,,,0.074,0.08,-0.051,2.82038,0.00192,-0.00192,,,,7563.0,6.0,-6.0,0.078185,0.000381,-4.7e-05,1.98451,0.01385,-0.09233,LS+MCMC,9.0,1.42,-0.77,0.0516,,,89.66,,,1111.0,,,360.46,158.93,-82.24,12.3266,0.086,-0.086,Claret (2011 A&A 529 75) ATLAS LS,0.0,0.0,0.2111,0.4955,q1_q17_dr25_koi,116.94335,1401.7281,1457.8,1,313.0,1.0,q1_q17_dr25_tce,11111111111111111000000000000000,0.8434,Mandel and Agol (2002 ApJ 580 171),,,006/006849/006849046/dv/kplr006849046-20160209194854_dvr.pdf,006/006849/006849046/dv/kplr006849046-001-20160209194854_dvs.pdf,5574.0,100.0,-111.0,4.403,0.08,-0.12,0.42,0.05,-0.15,1.054,0.167,-0.09,1.025,0.057,-0.057,,,,q1_q17_dr25_stellar,287.13058,42.350151,14.014,14.546,13.935,13.785,13.727,12.746,12.426,12.354,,19.142039,2.2e-07,42.3501717,2.6e-06,0.0398,0.0087,0.0782,0.0093,0.00019,0.00014,,,-0.006,0.067,-0.001,0.067,0.006,0.067,-0.018,0.068,0.061,0.067,0.064,0.067,kplr006849046,Kepler-491b,9,"(12, 15)","(0.06666666666666667, 0.08333333333333333)"
1495,8804397,K01853.01,Kepler-983 b,CONFIRMED,Done,2018-08-16,CANDIDATE,0.997,0,0,0,0,q1_q17_dr25_sup_koi,NO_COMMENT,60.0853848,0.0002239,-0.0002239,153.25707,0.00269,-0.00269,2454986.257,0.00269,-0.00269,0.0,,,,,,0.79,0.131,-0.535,7.007,0.116,-0.116,,,,432.2,9.6,-9.6,0.020987,0.000244,-0.001881,0.39852,0.98738,-0.11789,LS+MCMC,2.4,0.43,-0.12,0.3148,,,88.93,,,485.0,,,13.07,6.51,-2.24,42.4,21.0,-21.0,Claret (2011 A&A 529 75) ATLAS LS,0.0,0.0,0.2826,0.3729,q1_q17_dr25_koi,11.139173,39.420227,51.7,1,19.0,1.0,q1_q17_dr25_tce,11111111111111111000000000000000,0.9897,Mandel and Agol (2002 ApJ 580 171),,,008/008804/008804397/dv/kplr008804397-20160209194854_dvr.pdf,008/008804/008804397/dv/kplr008804397-001-20160209194854_dvs.pdf,6028.0,107.0,-131.0,4.459,0.024,-0.136,0.21,0.15,-0.15,1.047,0.19,-0.051,1.149,0.063,-0.086,,,,q1_q17_dr25_stellar,285.10406,45.008171,13.43,13.79,13.375,13.276,13.248,12.456,12.156,12.169,0.0,19.0069449,6.4e-06,45.00797,7.7e-05,0.29,0.24,-0.72,0.28,-6e-05,0.00011,0.0003,0.00012,0.29,0.16,-0.19,0.17,0.34,0.17,0.4,0.17,-0.16,0.17,0.43,0.17,kplr008804397,Kepler-983b,16,"(45, 54)","(0.018518518518518517, 0.022222222222222223)"
1496,9662811,K01854.01,Kepler-984 b,CONFIRMED,Done,2018-08-16,CANDIDATE,0.99,0,0,0,0,q1_q17_dr25_sup_koi,NO_COMMENT,43.0343364,0.0001859,-0.0001859,137.69007,0.00292,-0.00292,2454970.69,0.00292,-0.00292,0.0,,,,,,0.882,0.036,-0.611,6.571,0.135,-0.135,,,,541.6,12.2,-12.2,0.025125,0.001705,-0.003596,0.18252,1.15436,-0.07178,LS+MCMC,2.5,0.3,-0.18,0.2327,,,88.07,,,484.0,,,13.01,4.67,-2.63,26.1,12.7,-12.7,Claret (2011 A&A 529 75) ATLAS LS,0.0,0.0,0.2327,0.4526,q1_q17_dr25_koi,11.465475,37.634098,50.0,1,27.0,1.0,q1_q17_dr25_tce,11111101110111011000000000000000,0.9436,Mandel and Agol (2002 ApJ 580 171),,,009/009662/009662811/dv/kplr009662811-20160209194854_dvr.pdf,009/009662/009662811/dv/kplr009662811-001-20160209194854_dvs.pdf,5550.0,110.0,-110.0,4.476,0.064,-0.096,0.0,0.15,-0.15,0.911,0.11,-0.064,0.906,0.055,-0.055,,,,q1_q17_dr25_stellar,296.95886,46.394131,13.534,14.097,13.476,13.293,13.215,12.247,11.914,11.83,0.101,19.7972523,6.3e-06,46.394037,7e-05,-0.21,0.24,-0.34,0.25,0.00014,0.00013,0.00011,0.00014,-0.48,0.24,-0.12,0.25,0.49,0.24,-0.48,0.25,-0.28,0.26,0.56,0.26,kplr009662811,Kepler-984b,15,"(37, 45)","(0.022222222222222223, 0.02702702702702703)"
1498,11297236,K01857.01,Kepler-1771 b,CONFIRMED,Done,2018-08-16,CANDIDATE,0.862,0,0,0,0,q1_q17_dr25_sup_koi,NO_COMMENT,88.6440015,0.0002922,-0.0002922,145.47193,0.00288,-0.00288,2454978.472,0.00288,-0.00288,0.0,,,,,,0.724,0.003,-0.539,7.82,0.111,-0.111,,,,625.5,12.2,-12.2,0.024607,0.00198,-0.001764,0.59555,0.87651,-0.28723,LS+MCMC,2.51,0.33,-0.19,0.3815,,,89.34,,,391.0,,,5.51,2.08,-1.18,62.8,30.8,-30.8,Claret (2011 A&A 529 75) ATLAS LS,0.0,0.0,0.2622,0.4035,q1_q17_dr25_koi,14.281977,38.35715,57.6,1,15.0,1.0,q1_q17_dr25_tce,11111111111111111000000000000000,0.4822,Mandel and Agol (2002 ApJ 580 171),,,011/011297/011297236/dv/kplr011297236-20160209194854_dvr.pdf,011/011297/011297236/dv/kplr011297236-001-20160209194854_dvs.pdf,5661.0,101.0,-112.0,4.471,0.056,-0.112,0.0,0.15,-0.15,0.934,0.124,-0.072,0.941,0.057,-0.063,,,,q1_q17_dr25_stellar,292.0134,49.019119,13.748,14.214,13.694,13.548,13.504,12.573,12.206,12.152,0.059,19.4675668,6.6e-06,49.019042,7.1e-05,0.24,0.23,-0.28,0.25,0.0,0.00015,0.00019,0.00016,0.31,0.14,-0.29,0.23,0.43,0.19,0.47,0.22,-0.18,0.19,0.5,0.17,kplr011297236,Kepler-1771b,15,"(37, 45)","(0.022222222222222223, 0.02702702702702703)"
1506,6152974,K00216.01,Kepler-118 c,CONFIRMED,Done,2018-08-16,CANDIDATE,1.0,0,0,0,0,q1_q17_dr25_sup_koi,NO_COMMENT,20.172024672,9.335e-06,-9.335e-06,141.209182,0.00039,-0.00039,2454974.209,0.00039,-0.00039,0.0,,,,,,0.334,0.148,-0.224,3.1488,0.0248,-0.0248,,,,5368.1,26.2,-26.2,0.066137,0.000106,-0.001452,5.65507,1.09964,-0.30329,LS+MCMC,6.24,0.27,-0.55,0.1353,,,89.61,,,564.0,,,24.0,3.92,-5.19,49.55,9.6,-9.6,Claret (2011 A&A 529 75) ATLAS LS,0.0,0.0,0.1451,0.582,q1_q17_dr25_koi,37.637707,198.6218,226.8,2,65.0,1.0,q1_q17_dr25_tce,11111111111111111000000000000000,0.2144,Mandel and Agol (2002 ApJ 580 171),,,006/006152/006152974/dv/kplr006152974-20160209194854_dvr.pdf,006/006152/006152974/dv/kplr006152974-001-20160209194854_dvs.pdf,5064.0,83.0,-75.0,4.474,0.09,-0.03,0.18,0.15,-0.15,0.864,0.038,-0.076,0.811,0.052,-0.03,,,,q1_q17_dr25_stellar,299.21317,41.424831,14.711,15.434,14.637,14.4,14.263,13.25,12.769,12.711,0.0,19.9475577,1.4e-06,41.424783,1.5e-05,0.554,0.056,-0.17,0.053,0.00108,0.00051,-0.00098,0.00062,-0.066,0.072,0.129,0.076,0.145,0.075,0.143,0.082,0.12,0.077,0.186,0.083,kplr006152974,Kepler-118c,10,"(15, 18)","(0.05555555555555555, 0.06666666666666667)"
1517,4157325,K01860.01,Kepler-416 b,CONFIRMED,Done,2018-08-16,CANDIDATE,1.0,0,0,0,0,q1_q17_dr25_sup_koi,CENT_KIC_POS,6.31943553,1.289e-05,-1.289e-05,132.22892,0.00178,-0.00178,2454965.229,0.00178,-0.00178,0.0,,,,,,0.775,0.012,-0.548,3.3422,0.0457,-0.0457,,,,581.1,10.3,-10.3,0.024241,1.7e-05,-0.002226,0.43273,0.95615,-0.10259,LS+MCMC,2.71,0.39,-0.29,0.0658,,,85.42,,,986.0,,,223.15,93.54,-58.6,9.7,4.3,-4.3,Claret (2011 A&A 529 75) ATLAS LS,0.0,0.0,0.2602,0.4096,q1_q17_dr25_koi,7.5457764,45.591755,61.0,4,182.0,1.0,q1_q17_dr25_tce,00011111111111111000000000000000,0.6146,Mandel and Agol (2002 ApJ 580 171),,,004/004157/004157325/dv/kplr004157325-20160209194854_dvr.pdf,004/004157/004157325/dv/kplr004157325-001-20160209194854_dvs.pdf,5670.0,114.0,-114.0,4.397,0.095,-0.105,0.06,0.15,-0.15,1.022,0.148,-0.108,0.949,0.067,-0.055,,,,q1_q17_dr25_stellar,291.55695,39.227291,14.028,14.509,13.977,13.822,13.745,12.874,12.576,12.51,0.0,19.4371127,1.5e-06,39.226349,3.3e-05,-0.753,0.064,-3.39,0.12,-9e-05,4.2e-05,-0.000708,7.4e-05,1.04,0.41,3.17,0.91,3.34,0.88,-0.03,0.21,0.18,0.55,0.18,0.51,kplr004157325,Kepler-416b,15,"(37, 45)","(0.022222222222222223, 0.02702702702702703)"
1522,10723750,K00209.02,Kepler-117 b,CONFIRMED,Done,2018-08-16,CANDIDATE,1.0,0,0,0,0,q1_q17_dr25_sup_koi,NO_COMMENT,18.79591276,1.231e-05,-1.231e-05,145.821854,0.000544,-0.000544,2454978.822,0.000544,-0.000544,0.0,,,,,,0.695,0.07,-0.418,7.5235,0.044,-0.044,,,,2431.4,10.0,-10.0,0.048106,0.000755,-0.002553,0.18078,0.24413,-0.05247,LS+MCMC,7.39,1.33,-1.33,0.1431,,,87.35,,,852.0,,,124.64,63.17,-47.31,15.0,6.8,-6.8,Claret (2011 A&A 529 75) ATLAS LS,0.0,0.0,0.303,0.3166,q1_q17_dr25_koi,34.18275,224.41634,282.3,2,67.0,2.0,q1_q17_dr25_tce,11111111111111111000000000000000,0.8656,Mandel and Agol (2002 ApJ 580 171),,,010/010723/010723750/dv/kplr010723750-20160209194854_dvr.pdf,010/010723/010723750/dv/kplr010723750-002-20160209194854_dvs.pdf,6163.0,123.0,-123.0,4.185,0.154,-0.112,-0.06,0.15,-0.15,1.406,0.253,-0.253,1.102,0.122,-0.081,,,,q1_q17_dr25_stellar,288.79303,48.04023,14.274,14.607,14.213,14.131,14.095,13.324,12.988,13.011,0.0,19.2528744,1.4e-06,48.040169,1.2e-05,0.183,0.05,-0.218,0.044,-0.00012,0.00014,0.00024,0.00014,-0.015,0.073,0.021,0.075,0.026,0.07,0.049,0.069,-0.057,0.073,0.075,0.071,kplr010723750,Kepler-117b,11,"(18, 22)","(0.045454545454545456, 0.05555555555555555)"
1524,5770074,K01928.01,Kepler-1675 b,CONFIRMED,Done,2018-08-16,CANDIDATE,0.986,0,0,0,0,q1_q17_dr25_sup_koi,NO_COMMENT,63.0380366,0.0002293,-0.0002293,169.12161,0.00282,-0.00282,2455002.122,0.00282,-0.00282,0.0,,,,,,0.021,0.356,-0.021,7.3702,0.0855,-0.0855,,,,658.7,14.2,-14.2,0.023298,0.000535,-0.000335,1.42231,0.00236,-0.45885,LS+MCMC,2.59,0.39,-0.22,0.3076,,,89.98,,,465.0,,,11.1,4.61,-2.55,66.852,0.111,-0.111,Claret (2011 A&A 529 75) ATLAS LS,0.0,0.0,0.2622,0.4035,q1_q17_dr25_koi,12.490564,38.719246,53.1,1,19.0,1.0,q1_q17_dr25_tce,11110111011101110000000000000000,0.1598,Mandel and Agol (2002 ApJ 580 171),,,005/005770/005770074/dv/kplr005770074-20160209194854_dvr.pdf,005/005770/005770074/dv/kplr005770074-001-20160209194854_dvs.pdf,5798.0,104.0,-116.0,4.411,0.085,-0.114,0.0,0.15,-0.15,1.019,0.151,-0.088,0.976,0.068,-0.062,,,,q1_q17_dr25_stellar,283.80954,41.041241,13.605,14.035,13.538,13.421,13.381,12.532,12.225,12.163,0.0,18.9206394,6.1e-06,41.04139,8.1e-05,0.17,0.25,0.54,0.29,-0.00017,0.00018,-0.00035,0.00021,-0.28,0.13,0.01,0.1,0.28,0.13,-0.28,0.13,0.04,0.14,0.28,0.13,kplr005770074,Kepler-1675b,15,"(37, 45)","(0.022222222222222223, 0.02702702702702703)"
1531,10005758,K01783.01,Kepler-1662 b,CONFIRMED,Done,2018-08-16,CANDIDATE,0.999,0,0,0,0,q1_q17_dr25_sup_koi,NO_COMMENT,134.4785189,0.0001705,-0.0001705,169.28141,0.00103,-0.00103,2455002.281,0.00103,-0.00103,0.0,,,,,,0.924,0.004,-0.004,5.9288,0.0565,-0.0565,,,,4033.5,46.0,-46.0,0.072121,0.000889,-0.001024,0.87299,0.03184,-0.06238,LS+MCMC,10.52,1.65,-2.01,0.5135,,,89.44,,,412.0,,,6.81,3.06,-2.67,94.15,3.4,-3.4,Claret (2011 A&A 529 75) ATLAS LS,0.0,0.0,0.2678,0.3958,q1_q17_dr25_koi,62.04927,163.9393,149.9,2,9.0,1.0,q1_q17_dr25_tce,11111111111111111000000000000000,0.0995,Mandel and Agol (2002 ApJ 580 171),,,010/010005/010005758/dv/kplr010005758-20160209194854_dvr.pdf,010/010005/010005758/dv/kplr010005758-001-20160209194854_dvs.pdf,5791.0,117.0,-105.0,4.185,0.182,-0.098,0.02,0.15,-0.15,1.336,0.209,-0.256,0.996,0.093,-0.07,,,,q1_q17_dr25_stellar,289.34143,46.988239,13.929,14.293,13.883,13.774,13.75,12.917,12.654,12.621,0.397,19.2894336,2.4e-06,46.988167,2.1e-05,0.206,0.089,-0.264,0.075,0.0001,0.00056,0.00021,0.00069,0.041,0.076,0.021,0.074,0.046,0.075,0.217,0.081,-0.185,0.082,0.286,0.081,kplr010005758,Kepler-1662b,9,"(12, 15)","(0.06666666666666667, 0.08333333333333333)"
1534,5864975,K01787.01,Kepler-950 b,CONFIRMED,Done,2018-08-16,CANDIDATE,1.0,0,0,0,0,q1_q17_dr25_sup_koi,NO_COMMENT,98.7179332,0.0001461,-0.0001461,131.58694,0.00129,-0.00129,2454964.587,0.00129,-0.00129,0.0,,,,,,0.588,0.057,-0.137,6.593,0.109,-0.109,,,,7320.0,70.5,-70.5,0.081484,0.000793,-0.002141,2.1732,0.54232,-0.4805,LS+MCMC,6.99,1.48,-0.52,0.3982,,,89.68,,,360.0,,,3.97,2.51,-0.93,103.8,25.9,-25.9,Claret (2011 A&A 529 75) ATLAS LS,0.0,0.0,0.2865,0.3556,q1_q17_dr25_koi,50.721767,109.69163,124.4,1,10.0,1.0,q1_q17_dr25_tce,11001100110111011000000000000000,0.126,Mandel and Agol (2002 ApJ 580 171),,,005/005864/005864975/dv/kplr005864975-20160209194854_dvr.pdf,005/005864/005864975/dv/kplr005864975-001-20160209194854_dvs.pdf,5808.0,157.0,-157.0,4.583,0.036,-0.144,-0.46,0.3,-0.3,0.786,0.166,-0.059,0.871,0.085,-0.095,,,,q1_q17_dr25_stellar,287.95657,41.130329,15.7,16.189,15.656,15.491,15.412,14.509,14.165,14.139,0.0,19.1971116,2.8e-06,41.130251,2.7e-05,0.31,0.12,-0.285,0.099,-0.0015,0.0016,-0.0015,0.0019,0.06,0.11,0.09,0.072,0.108,0.087,0.18,0.18,-0.05,0.11,0.19,0.17,kplr005864975,Kepler-950b,9,"(12, 15)","(0.06666666666666667, 0.08333333333333333)"
1535,2975770,K01788.01,Kepler-951 b,CONFIRMED,Done,2018-08-16,CANDIDATE,0.933,0,0,0,0,q1_q17_dr25_sup_koi,NO_COMMENT,71.52543938,9.47e-05,-9.47e-05,191.69147,0.00104,-0.00104,2455024.691,0.00104,-0.00104,0.0,,,,,,0.066,0.293,-0.066,5.9189,0.0564,-0.0564,,,,5904.3,59.5,-59.5,0.06781,0.001527,-0.000556,3.52177,0.01693,-0.85507,LS+MCMC,5.76,0.22,-0.35,0.3091,,,89.96,,,340.0,,,3.15,0.46,-0.56,98.388,0.473,-0.473,Claret (2011 A&A 529 75) ATLAS LS,0.0,0.0,0.1054,0.6323,q1_q17_dr25_koi,57.922966,110.04745,111.3,2,8.0,1.0,q1_q17_dr25_tce,00110011001100110000000000000000,0.9821,Mandel and Agol (2002 ApJ 580 171),,,002/002975/002975770/dv/kplr002975770-20160209194854_dvr.pdf,002/002975/002975770/dv/kplr002975770-001-20160209194854_dvs.pdf,4855.0,77.0,-87.0,4.542,0.056,-0.02,0.12,0.15,-0.15,0.778,0.029,-0.047,0.769,0.048,-0.028,,,,q1_q17_dr25_stellar,287.73755,38.114559,14.521,15.413,14.462,14.138,14.005,12.92,12.382,12.251,0.0,19.1824997,2.5e-06,38.114525,3.4e-05,-0.18,0.11,-0.12,0.12,0.0011,0.0011,0.0018,0.0014,-0.016,0.089,-0.04,0.11,0.05,0.11,0.028,0.086,0.1,0.15,0.11,0.15,kplr002975770,Kepler-951b,10,"(15, 18)","(0.05555555555555555, 0.06666666666666667)"
1537,7877496,K00202.01,Kepler-412 b,CONFIRMED,Done,2018-08-16,CANDIDATE,1.0,0,1,0,0,q1_q17_dr25_sup_koi,MOD_SEC_DV---PLANET_OCCULT_DV---HAS_SEC_TCE,1.72086129,7.1e-08,-7.1e-08,133.0209998,3.4e-05,-3.4e-05,2454966.021,3.4e-05,-3.4e-05,0.0,,,,,,0.725,0.005,-0.005,2.0243,0.00533,-0.00533,,,,10184.0,8.1,-8.1,0.099872,0.00022,-0.000223,1.02994,0.02234,-0.02496,LS+MCMC,13.25,0.85,-1.05,0.0287,,,82.35,,,1647.0,,,1743.61,394.07,-379.62,5.443,0.118,-0.118,Claret (2011 A&A 529 75) ATLAS LS,0.0,0.0,0.2514,0.4282,q1_q17_dr25_koi,108.06677,1733.5951,1654.9,1,773.0,1.0,q1_q17_dr25_tce,11111111111111111000000000000000,0.6104,Mandel and Agol (2002 ApJ 580 171),,,007/007877/007877496/dv/kplr007877496-20160209194854_dvr.pdf,007/007877/007877496/dv/kplr007877496-001-20160209194854_dvs.pdf,5742.0,115.0,-115.0,4.297,0.055,-0.045,0.26,0.15,-0.15,1.215,0.078,-0.096,1.068,0.07,-0.078,,,,q1_q17_dr25_stellar,286.11032,43.680962,14.309,14.727,14.24,14.13,14.077,13.19,12.932,12.837,0.0,19.07402114,1.6e-07,43.6809744,2e-06,-0.0334,0.0064,0.0517,0.0073,-0.00159,0.00025,-0.00387,0.00034,0.061,0.068,0.156,0.069,0.167,0.069,0.001,0.068,0.045,0.068,0.045,0.068,kplr007877496,Kepler-412b,8,"(10, 12)","(0.08333333333333333, 0.1)"
1540,4149450,K01864.01,Kepler-1772 b,CONFIRMED,Done,2018-08-16,CANDIDATE,1.0,0,0,0,0,q1_q17_dr25_sup_koi,NO_COMMENT,3.215109385,7.879e-06,-7.879e-06,133.77747,0.00197,-0.00197,2454966.777,0.00197,-0.00197,0.0,,,,,,0.954,0.107,-0.712,4.365,0.112,-0.112,,,,158.0,3.4,-3.4,0.015061,0.001652,-0.003453,0.01886,0.37735,-0.06359,LS+MCMC,1.54,0.19,-0.12,0.0418,,,63.99,,,1155.0,,,421.21,151.7,-87.25,2.18,1.1,-1.1,Claret (2011 A&A 529 75) ATLAS LS,0.0,0.0,0.2291,0.4603,q1_q17_dr25_koi,4.678438,39.750046,53.3,1,418.0,1.0,q1_q17_dr25_tce,11111111111111111000000000000000,0.776,Mandel and Agol (2002 ApJ 580 171),,,004/004149/004149450/dv/kplr004149450-20160209194854_dvr.pdf,004/004149/004149450/dv/kplr004149450-001-20160209194854_dvs.pdf,5541.0,100.0,-111.0,4.472,0.056,-0.104,0.12,0.15,-0.15,0.934,0.117,-0.068,0.942,0.053,-0.059,,,,q1_q17_dr25_stellar,289.43811,39.270359,13.405,13.948,13.37,13.173,13.068,12.151,11.842,11.75,0.152,19.2958814,6e-06,39.270426,6.9e-05,0.31,0.25,0.24,0.25,-4e-05,3.7e-05,-1.8e-05,3.7e-05,0.01,0.15,-0.06,0.27,0.06,0.26,0.01,0.15,-0.03,0.25,0.04,0.22,kplr004149450,Kepler-1772b,18,"(65, 78)","(0.01282051282051282, 0.015384615384615385)"
1542,5511081,K01930.01,Kepler-338 b,CONFIRMED,Done,2018-08-16,CANDIDATE,0.999,0,0,0,0,q1_q17_dr25_sup_koi,CENT_KIC_POS,13.72710334,4.068e-05,-4.068e-05,138.74473,0.00226,-0.00226,2454971.745,0.00226,-0.00226,0.0,,,,,,0.025,0.439,-0.025,7.3419,0.0741,-0.0741,,,,199.2,3.4,-3.4,0.012888,0.000367,-0.000159,0.30446,0.0012,-0.12643,LS+MCMC,2.38,0.16,-0.13,0.1154,,,89.9,,,1005.0,,,241.58,49.06,-37.43,14.4747,0.0571,-0.0571,Claret (2011 A&A 529 75) ATLAS LS,0.0,0.0,0.291,0.3469,q1_q17_dr25_koi,6.538815,37.881386,62.5,4,74.0,1.0,q1_q17_dr25_tce,11110111011101110000000000000000,0.8488,Mandel and Agol (2002 ApJ 580 171),,,005/005511/005511081/dv/kplr005511081-20160209194854_dvr.pdf,005/005511/005511081/dv/kplr005511081-001-20160209194854_dvs.pdf,5951.0,80.0,-80.0,4.017,0.033,-0.03,-0.08,0.2,-0.15,1.693,0.115,-0.094,1.086,0.094,-0.07,,,,q1_q17_dr25_stellar,282.97897,40.784351,12.119,12.497,12.073,11.957,11.94,11.098,10.841,10.756,0.0,18.8652651,6.5e-06,40.784382,9.4e-05,0.04,0.27,0.12,0.34,8.1e-05,5.3e-05,-0.000177,6.8e-05,-0.53,0.36,-0.22,0.28,0.57,0.37,-0.37,0.36,0.07,0.34,0.38,0.36,kplr005511081,Kepler-338b,19,"(78, 93)","(0.010752688172043012, 0.01282051282051282)"
1544,5511081,K01930.03,Kepler-338 d,CONFIRMED,Done,2018-08-16,CANDIDATE,0.896,0,0,0,0,q1_q17_dr25_sup_koi,CENT_KIC_POS,44.4304059,0.0001911,-0.0001911,143.5462,0.00403,-0.00403,2454976.546,0.00403,-0.00403,0.0,,,,,,0.025,0.426,-0.025,10.306,0.112,-0.112,,,,238.5,4.9,-4.9,0.014103,0.000418,-0.000199,0.35682,0.01529,-0.10783,LS+MCMC,2.61,0.17,-0.15,0.2526,,,89.96,,,680.0,,,50.42,10.24,-7.81,33.39,1.4,-1.4,Claret (2011 A&A 529 75) ATLAS LS,0.0,0.0,0.291,0.3469,q1_q17_dr25_koi,9.9086,29.388895,50.5,4,22.0,3.0,q1_q17_dr25_tce,11110111011101110000000000000000,0.0016,Mandel and Agol (2002 ApJ 580 171),,,005/005511/005511081/dv/kplr005511081-20160209194854_dvr.pdf,005/005511/005511081/dv/kplr005511081-003-20160209194854_dvs.pdf,5951.0,80.0,-80.0,4.017,0.033,-0.03,-0.08,0.2,-0.15,1.693,0.115,-0.094,1.086,0.094,-0.07,,,,q1_q17_dr25_stellar,282.97897,40.784351,12.119,12.497,12.073,11.957,11.94,11.098,10.841,10.756,0.343,18.865267,9.7e-06,40.7842,0.00014,0.12,0.4,-0.54,0.51,7.4e-05,9e-05,-5e-05,0.00012,1.41,0.34,0.28,0.27,1.43,0.36,1.55,0.31,0.59,0.24,1.66,0.34,kplr005511081,Kepler-338d,18,"(65, 78)","(0.01282051282051282, 0.015384615384615385)"
1552,6504954,K01790.01,Kepler-952 b,CONFIRMED,Done,2018-08-16,CANDIDATE,0.999,0,0,0,0,q1_q17_dr25_sup_koi,NO_COMMENT,130.3543929,0.0002139,-0.0002139,144.06022,0.00122,-0.00122,2454977.06,0.00122,-0.00122,0.0,,,,,,0.675,0.075,-0.251,6.474,0.143,-0.143,,,,5128.7,59.7,-59.7,0.06946,0.003586,-0.003026,2.31284,1.92687,-0.61346,LS+MCMC,7.7,2.53,-0.84,0.5183,,,89.7,,,369.0,,,4.36,4.22,-1.34,127.6,53.2,-53.2,Claret (2011 A&A 529 75) ATLAS LS,0.0,0.0,0.2844,0.3661,q1_q17_dr25_koi,42.93742,112.924736,103.7,1,9.0,1.0,q1_q17_dr25_tce,11110111011101110000000000000000,0.701,Mandel and Agol (2002 ApJ 580 171),,,006/006504/006504954/dv/kplr006504954-20160209194854_dvr.pdf,006/006504/006504954/dv/kplr006504954-001-20160209194854_dvs.pdf,5970.0,163.0,-199.0,4.463,0.056,-0.224,0.1,0.2,-0.3,1.015,0.334,-0.111,1.089,0.138,-0.138,,,,q1_q17_dr25_stellar,285.37195,41.993912,15.254,15.757,15.19,15.038,14.954,14.063,13.741,13.662,0.021,19.0247942,2.8e-06,41.993931,3.7e-05,-0.07,0.11,0.08,0.13,-0.0003,0.00091,-0.001,0.0012,-0.011,0.088,0.087,0.077,0.087,0.077,-0.105,0.083,-0.062,0.074,0.122,0.084,kplr006504954,Kepler-952b,9,"(12, 15)","(0.06666666666666667, 0.08333333333333333)"
1553,9410930,K00196.01,Kepler-41 b,CONFIRMED,Done,2018-08-16,CANDIDATE,1.0,0,1,0,0,q1_q17_dr25_sup_koi,MOD_SEC_DV---PLANET_OCCULT_DV---HAS_SEC_TCE,1.855557556,7.9e-08,-7.9e-08,137.181028,3.5e-05,-3.5e-05,2454970.181,3.5e-05,-3.5e-05,0.0,,,,,,0.554,0.011,-0.015,2.35672,0.0061,-0.0061,,,,10570.0,7.1,-7.1,0.097147,0.000215,-0.000286,1.04421,0.03332,-0.03065,LS+MCMC,10.05,0.59,-0.66,0.0286,,,84.47,,,1436.0,,,1004.89,215.17,-195.32,5.749,0.183,-0.183,Claret (2011 A&A 529 75) ATLAS LS,0.0,0.0,0.2676,0.3928,q1_q17_dr25_koi,116.7339,1905.775,1853.8,1,725.0,1.0,q1_q17_dr25_tce,11111111111111111000000000000000,0.4484,Mandel and Agol (2002 ApJ 580 171),,,009/009410/009410930/dv/kplr009410930-20160209194854_dvr.pdf,009/009410/009410930/dv/kplr009410930-001-20160209194854_dvs.pdf,5657.0,113.0,-113.0,4.441,0.05,-0.045,-0.08,0.15,-0.15,0.947,0.056,-0.062,0.903,0.064,-0.057,,,,q1_q17_dr25_stellar,294.51324,45.98164,14.465,14.996,14.41,14.238,14.182,13.262,12.938,12.892,0.0,19.63421588,1.6e-07,45.9816549,1.8e-06,0.0217,0.006,0.0535,0.0066,-0.00043,0.00021,-0.00062,0.0003,0.003,0.067,0.002,0.067,0.003,0.067,0.013,0.067,0.109,0.068,0.11,0.068,kplr009410930,Kepler-41b,8,"(10, 12)","(0.08333333333333333, 0.1)"
1556,10676014,K01797.01,Kepler-954 b,CONFIRMED,Done,2018-08-16,CANDIDATE,1.0,0,0,0,0,q1_q17_dr25_sup_koi,CENT_KIC_POS,16.78175788,1.639e-05,-1.639e-05,139.79356,0.000743,-0.000743,2454972.794,0.000743,-0.000743,0.0,,,,,,0.502,0.006,-0.462,3.7386,0.0353,-0.0353,,,,908.0,8.6,-8.6,0.027823,0.003651,-0.000898,1.9562,0.77498,-1.10992,LS+MCMC,2.25,0.14,-0.1,0.118,,,89.07,,,545.0,,,20.82,4.52,-3.28,30.8,12.2,-12.2,Claret (2011 A&A 529 75) ATLAS LS,0.0,0.0,0.153,0.5684,q1_q17_dr25_koi,17.222063,88.49196,118.8,1,63.0,1.0,q1_q17_dr25_tce,11111101110111011000000000000000,0.3444,Mandel and Agol (2002 ApJ 580 171),,,010/010676/010676014/dv/kplr010676014-20160209194854_dvr.pdf,010/010676/010676014/dv/kplr010676014-001-20160209194854_dvs.pdf,4925.0,98.0,-98.0,4.588,0.024,-0.042,0.0,0.15,-0.15,0.742,0.045,-0.033,0.778,0.042,-0.042,,,,q1_q17_dr25_stellar,295.85938,47.93951,12.971,13.74,12.913,12.641,12.499,11.409,10.945,10.84,0.084,19.7239626,2.6e-06,47.939574,3e-05,0.118,0.096,0.23,0.11,1.3e-05,9e-05,0.00011,0.0001,0.16,0.12,0.07,0.17,0.18,0.17,0.31,0.12,0.4,0.16,0.5,0.18,kplr010676014,Kepler-954b,14,"(31, 37)","(0.02702702702702703, 0.03225806451612903)"
1574,11017901,K01800.01,Kepler-447 b,CONFIRMED,Done,2018-08-16,CANDIDATE,1.0,0,0,0,0,q1_q17_dr25_sup_koi,CENT_KIC_POS,7.794302043,1.963e-06,-1.963e-06,137.260385,0.0002,-0.0002,2454970.26,0.0002,-0.0002,0.0,,,,,,1.06,0.39,-0.116,1.1081,0.0148,-0.0148,,,,3387.4,28.3,-28.3,0.153996,0.372737,-0.078843,4.56215,0.695,-0.88574,LS+MCMC,16.51,2.16,-1.76,0.0742,,,87.52,,,882.0,,,142.82,50.79,-34.85,24.47,3.7,-3.7,Claret (2011 A&A 529 75) ATLAS LS,0.0,0.0,0.2291,0.4603,q1_q17_dr25_koi,44.335537,296.13614,159.2,1,139.0,1.0,q1_q17_dr25_tce,11111110111011101000000000000000,0.3225,Mandel and Agol (2002 ApJ 580 171),,,011/011017/011017901/dv/kplr011017901-20160209194854_dvr.pdf,011/011017/011017901/dv/kplr011017901-001-20160209194854_dvs.pdf,5494.0,82.0,-73.0,4.405,0.11,-0.09,0.07,0.15,-0.15,0.982,0.128,-0.105,0.893,0.059,-0.041,,,,q1_q17_dr25_stellar,285.26859,48.560009,12.394,12.895,12.35,12.179,12.119,11.211,10.879,10.806,0.002,19.01789902,7.6e-07,48.5599326,7.2e-06,-0.249,0.027,-0.279,0.026,6e-05,0.0002,-0.00015,0.00028,-0.007,0.068,0.005,0.072,0.008,0.07,-0.19,0.069,-0.4,0.076,0.443,0.074,kplr011017901,Kepler-447b,5,"(6, 7)","(0.14285714285714285, 0.16666666666666666)"
1576,11298298,K01802.01,Kepler-956 b,CONFIRMED,Done,2018-08-16,CANDIDATE,1.0,0,0,0,0,q1_q17_dr25_sup_koi,NO_COMMENT,5.248667607,6.064e-06,-6.064e-06,135.516708,0.000962,-0.000962,2454968.517,0.000962,-0.000962,0.0,,,,,,0.847,0.005,-0.587,1.917,0.0297,-0.0297,,,,601.2,11.9,-11.9,0.02569,0.000104,-0.002966,1.22945,5.27074,-0.42807,LS+MCMC,2.84,0.43,-0.2,0.0596,,,86.0,,,1056.0,,,293.42,117.44,-53.09,12.14,5.8,-5.8,Claret (2011 A&A 529 75) ATLAS LS,0.0,0.0,0.2602,0.4096,q1_q17_dr25_koi,12.311827,94.72536,59.5,1,258.0,1.0,q1_q17_dr25_tce,11111111111111111000000000000000,0.3051,Mandel and Agol (2002 ApJ 580 171),,,011/011298/011298298/dv/kplr011298298-20160209194854_dvr.pdf,011/011298/011298298/dv/kplr011298298-001-20160209194854_dvs.pdf,5807.0,78.0,-78.0,4.437,0.051,-0.119,0.1,0.15,-0.15,1.012,0.154,-0.071,1.021,0.063,-0.063,,,,q1_q17_dr25_stellar,292.53082,49.06171,13.345,13.742,13.285,13.175,13.156,12.284,11.975,11.958,0.175,19.5020557,2.7e-06,49.061687,2.6e-05,0.059,0.096,-0.082,0.092,-7.4e-05,5.9e-05,-2.9e-05,5.8e-05,0.113,0.081,0.06,0.11,0.129,0.091,0.082,0.084,0.0,0.12,0.083,0.085,kplr011298298,Kepler-956b,15,"(37, 45)","(0.022222222222222223, 0.02702702702702703)"
1579,10619192,K00203.01,Kepler-17 b,CONFIRMED,Done,2018-08-16,CANDIDATE,1.0,0,1,0,0,q1_q17_dr25_sup_koi,MOD_SEC_DV---PLANET_OCCULT_DV---HAS_SEC_TCE,1.485710994,9.5e-08,-9.5e-08,132.7935653,5.15e-05,-5.15e-05,2454965.794,5.15e-05,-5.15e-05,0.0,,,,,,0.105,0.022,-0.072,2.2874,0.00174,-0.00174,,,,20824.0,21.1,-21.1,0.130256,0.000172,-0.000192,1.52356,0.02463,-0.02059,LS+MCMC,14.48,0.88,-0.88,0.0257,,,88.93,,,1562.0,,,1404.81,293.01,-261.68,5.6229,0.0909,-0.0909,Claret (2011 A&A 529 75) ATLAS LS,0.0,0.0,0.2193,0.4785,q1_q17_dr25_koi,137.06677,2002.626,1176.6,1,724.0,1.0,q1_q17_dr25_tce,11111101110111011000000000000000,0.7274,Mandel and Agol (2002 ApJ 580 171),,,010/010619/010619192/dv/kplr010619192-20160209194854_dvr.pdf,010/010619/010619192/dv/kplr010619192-001-20160209194854_dvs.pdf,5624.0,101.0,-112.0,4.432,0.04,-0.049,0.3,0.1,-0.15,1.018,0.062,-0.062,1.021,0.048,-0.064,,,,q1_q17_dr25_stellar,298.39526,47.81501,14.141,14.639,14.078,13.928,13.84,12.992,12.67,12.585,0.0,19.893021,1.1e-07,47.8150471,1.2e-06,0.1087,0.0039,0.1335,0.0044,0.00081,0.00066,-0.01007,0.00099,-0.011,0.067,0.014,0.067,0.017,0.067,-0.009,0.068,-0.066,0.068,0.067,0.068,kplr010619192,Kepler-17b,6,"(7, 9)","(0.1111111111111111, 0.14285714285714285)"
1584,10190777,K01937.01,Kepler-1019 b,CONFIRMED,Done,2018-08-16,CANDIDATE,0.972,0,0,0,0,q1_q17_dr25_sup_koi,NO_COMMENT,1.411230023,8.3e-07,-8.3e-07,132.641925,0.000494,-0.000494,2454965.642,0.000494,-0.000494,0.0,,,,,,0.851,0.017,-0.599,1.4325,0.0166,-0.0166,,,,388.2,5.1,-5.1,0.021233,8.6e-05,-0.00317,0.78246,3.03663,-0.1007,LS+MCMC,1.71,0.05,-0.1,0.0221,,,78.73,,,1164.0,,,436.04,54.05,-76.38,4.35,2.1,-2.1,Claret (2011 A&A 529 75) ATLAS LS,0.0,0.0,0.0628,0.6908,q1_q17_dr25_koi,5.1115522,46.490364,89.3,1,942.0,1.0,q1_q17_dr25_tce,11111111111111111000000000000000,0.9866,Mandel and Agol (2002 ApJ 580 171),,,010/010190/010190777/dv/kplr010190777-20160209194854_dvr.pdf,010/010190/010190777/dv/kplr010190777-001-20160209194854_dvs.pdf,4575.0,73.0,-82.0,4.564,0.051,-0.012,0.18,0.15,-0.15,0.737,0.02,-0.043,0.726,0.039,-0.027,,,,q1_q17_dr25_stellar,283.71753,47.204449,13.59,14.686,13.546,13.121,12.921,11.767,11.166,11.003,0.0,18.914505,4.6e-06,47.20459,4.3e-05,0.11,0.17,0.5,0.16,-3.5e-05,4.8e-05,-0.000127,4.4e-05,-0.029,0.1,0.06,0.1,0.07,0.1,0.08,0.1,0.023,0.095,0.08,0.1,kplr010190777,Kepler-1019b,16,"(45, 54)","(0.018518518518518517, 0.022222222222222223)"
1585,9651234,K01938.01,Kepler-1020 b,CONFIRMED,Done,2018-08-16,CANDIDATE,1.0,0,0,0,0,q1_q17_dr25_sup_koi,CENT_KIC_POS,96.9151707,0.0002916,-0.0002916,187.08955,0.00236,-0.00236,2455020.09,0.00236,-0.00236,0.0,,,,,,0.541,0.061,-0.41,6.065,0.0805,-0.0805,,,,862.8,18.7,-18.7,0.027419,0.003249,-0.001106,2.44078,1.46836,-0.19789,LS+MCMC,2.37,0.17,-0.13,0.3878,,,89.71,,,325.0,,,2.64,0.64,-0.44,106.6,32.1,-32.1,Claret (2011 A&A 529 75) ATLAS LS,0.0,0.0,0.1959,0.5086,q1_q17_dr25_koi,13.086114,40.56374,53.4,1,15.0,1.0,q1_q17_dr25_tce,11111111111111111000000000000000,0.7428,Mandel and Agol (2002 ApJ 580 171),,,009/009651/009651234/dv/kplr009651234-20160209194854_dvr.pdf,009/009651/009651234/dv/kplr009651234-001-20160209194854_dvs.pdf,5162.0,103.0,-93.0,4.559,0.036,-0.054,0.0,0.15,-0.15,0.791,0.056,-0.042,0.826,0.046,-0.046,,,,q1_q17_dr25_stellar,292.67255,46.377419,14.031,14.65,13.97,13.766,13.643,12.654,12.213,12.15,0.691,19.5114962,7.5e-06,46.377333,8.4e-05,-0.26,0.28,-0.31,0.3,7e-05,0.00024,-0.0001,0.00027,0.147,0.096,0.12,0.15,0.19,0.12,0.001,0.096,-0.24,0.15,0.24,0.15,kplr009651234,Kepler-1020b,14,"(31, 37)","(0.02702702702702703, 0.03225806451612903)"
1590,9595827,K00217.01,Kepler-71 b,CONFIRMED,Done,2018-08-16,CANDIDATE,0.999,0,0,0,0,q1_q17_dr25_sup_koi,NO_COMMENT,3.905081685,3.52e-07,-3.52e-07,133.4150433,7.45e-05,-7.45e-05,2454966.415,7.45e-05,-7.45e-05,0.0,,,,,,0.131,0.016,-0.111,2.8213,0.00486,-0.00486,,,,21340.0,17.9,-17.9,0.13191,0.000883,-0.000227,2.09428,0.05409,-0.00731,LS+MCMC,12.78,0.85,-0.52,0.0485,,,89.37,,,1046.0,,,282.59,59.74,-44.46,11.907,0.308,-0.308,Claret (2011 A&A 529 75) ATLAS LS,0.0,0.0,0.224,0.4695,q1_q17_dr25_koi,140.01668,1576.37,1315.8,1,341.0,1.0,q1_q17_dr25_tce,11111111111111111000000000000000,0.305,Mandel and Agol (2002 ApJ 580 171),,,009/009595/009595827/dv/kplr009595827-20160209194854_dvr.pdf,009/009595/009595827/dv/kplr009595827-001-20160209194854_dvs.pdf,5543.0,88.0,-121.0,4.54,0.017,-0.052,0.21,0.15,-0.15,0.887,0.059,-0.036,0.997,0.03,-0.072,,,,q1_q17_dr25_stellar,294.86551,46.285851,15.127,15.692,15.061,14.885,14.803,13.927,13.55,13.469,0.0,19.65770294,1.8e-07,46.2857972,2.1e-06,0.1097,0.0067,-0.1899,0.0077,0.00191,0.00092,0.0009,0.0013,-0.011,0.067,-0.02,0.067,0.023,0.067,-0.122,0.068,-0.091,0.068,0.152,0.069,kplr009595827,Kepler-71b,6,"(7, 9)","(0.1111111111111111, 0.14285714285714285)"
1594,2987027,K00197.01,Kepler-489 b,CONFIRMED,Done,2018-08-16,CANDIDATE,0.99,0,0,0,0,q1_q17_dr25_sup_koi,CENT_KIC_POS,17.276296682,2.394e-06,-2.394e-06,133.839172,0.00011,-0.00011,2454966.839,0.00011,-0.00011,0.0,,,,,,0.085,0.129,-0.05,3.94738,0.0042,-0.0042,,,,10458.0,13.9,-13.9,0.090661,3.1e-05,-0.00017,3.04681,0.04201,-0.0039,LS+MCMC,7.31,0.47,-0.3,0.1209,,,89.87,,,538.0,,,19.88,4.51,-3.0,36.36,0.501,-0.501,Claret (2011 A&A 529 75) ATLAS LS,0.0,0.0,0.153,0.5684,q1_q17_dr25_koi,125.15509,785.51996,871.4,1,78.0,1.0,q1_q17_dr25_tce,11111111111111111000000000000000,0.0062,Mandel and Agol (2002 ApJ 580 171),,,002/002987/002987027/dv/kplr002987027-20160209194854_dvr.pdf,002/002987/002987027/dv/kplr002987027-001-20160209194854_dvs.pdf,4941.0,98.0,-98.0,4.599,0.018,-0.049,0.0,0.15,-0.15,0.738,0.048,-0.03,0.79,0.037,-0.046,,,,q1_q17_dr25_stellar,290.83313,38.184349,14.018,14.747,13.95,13.706,13.564,12.536,12.058,11.959,0.078,19.38888099,3.7e-07,38.18422,4.5e-06,0.212,0.016,-0.468,0.016,0.00013,0.00048,-0.00019,0.0006,0.003,0.067,0.014,0.067,0.015,0.067,0.258,0.069,-0.447,0.069,0.516,0.069,kplr002987027,Kepler-489b,8,"(10, 12)","(0.08333333333333333, 0.1)"
1614,8240797,K01809.01,Kepler-321 c,CONFIRMED,Done,2018-08-16,CANDIDATE,0.371,0,0,0,0,q1_q17_dr25_sup_koi,CENT_KIC_POS,13.09390911,1.61e-05,-1.61e-05,144.525,0.00102,-0.00102,2454977.525,0.00102,-0.00102,0.0,,,,,,0.86,0.001,-0.649,2.2805,0.0267,-0.0267,,,,398.7,7.0,-7.0,0.021118,6e-06,-0.002473,1.55395,7.62813,-0.18281,LS+MCMC,2.2,0.34,-0.12,0.1096,,,87.96,,,752.0,,,75.58,32.48,-13.89,24.1,11.9,-11.9,Claret (2011 A&A 529 75) ATLAS LS,0.0,0.0,0.2602,0.4096,q1_q17_dr25_koi,11.508049,54.010967,62.2,2,103.0,1.0,q1_q17_dr25_tce,11111111111111111000000000000000,0.1426,Mandel and Agol (2002 ApJ 580 171),,,008/008240/008240797/dv/kplr008240797-20160209194854_dvr.pdf,008/008240/008240797/dv/kplr008240797-001-20160209194854_dvs.pdf,5772.0,104.0,-127.0,4.487,0.03,-0.12,0.1,0.15,-0.15,0.956,0.147,-0.053,1.022,0.058,-0.08,,,,q1_q17_dr25_stellar,294.45386,44.145973,12.706,13.248,12.653,12.474,,11.621,11.3,11.249,0.025,19.6302416,4.3e-06,44.145792,5.3e-05,-0.58,0.17,-0.65,0.19,0.000133,6.6e-05,-3e-05,7.6e-05,-0.13,0.15,-0.16,0.13,0.21,0.14,-0.46,0.15,-0.88,0.14,1.0,0.15,kplr008240797,Kepler-321c,16,"(45, 54)","(0.018518518518518517, 0.022222222222222223)"
1615,8240797,K01809.02,Kepler-321 b,CONFIRMED,Done,2018-08-16,CANDIDATE,0.404,0,0,0,0,q1_q17_dr25_sup_koi,CENT_KIC_POS,4.915385452,7.485e-06,-7.485e-06,132.69448,0.00124,-0.00124,2454965.694,0.00124,-0.00124,0.0,,,,,,0.484,0.062,-0.407,2.7757,0.0372,-0.0372,,,,225.5,4.0,-4.0,0.014007,0.002007,-0.000334,1.37812,0.70113,-0.12345,LS+MCMC,1.46,0.23,-0.08,0.057,,,87.7,,,1042.0,,,279.43,120.09,-51.35,12.07,3.1,-3.1,Claret (2011 A&A 529 75) ATLAS LS,0.0,0.0,0.2602,0.4096,q1_q17_dr25_koi,6.5839796,52.813473,65.6,2,271.0,2.0,q1_q17_dr25_tce,11111111111111111000000000000000,0.1952,Mandel and Agol (2002 ApJ 580 171),,,008/008240/008240797/dv/kplr008240797-20160209194854_dvr.pdf,008/008240/008240797/dv/kplr008240797-002-20160209194854_dvs.pdf,5772.0,104.0,-127.0,4.487,0.03,-0.12,0.1,0.15,-0.15,0.956,0.147,-0.053,1.022,0.058,-0.08,,,,q1_q17_dr25_stellar,294.45386,44.145973,12.706,13.248,12.653,12.474,,11.621,11.3,11.249,0.0,19.6302464,4.2e-06,44.145606,5.2e-05,-0.4,0.16,-1.32,0.19,3.4e-05,3.6e-05,0.000132,4.2e-05,-0.191,0.098,-0.12,0.14,0.22,0.11,-0.54,0.1,-0.84,0.13,1.0,0.12,kplr008240797,Kepler-321b,18,"(65, 78)","(0.01282051282051282, 0.015384615384615385)"
1618,9455325,K01813.01,Kepler-958 b,CONFIRMED,Done,2018-08-16,CANDIDATE,1.0,0,0,0,0,q1_q17_dr25_sup_koi,NO_COMMENT,9.76785911,1.383e-05,-1.383e-05,139.43968,0.00118,-0.00118,2454972.44,0.00118,-0.00118,0.0,,,,,,0.916,0.015,-0.668,2.1649,0.0612,-0.0612,,,,585.4,12.7,-12.7,0.027327,0.00035,-0.004763,0.8225,9.12525,-0.14714,LS+MCMC,2.54,0.23,-0.15,0.0852,,,86.73,,,749.0,,,74.48,21.34,-13.89,16.07,7.8,-7.8,Claret (2011 A&A 529 75) ATLAS LS,0.0,0.0,0.1959,0.5086,q1_q17_dr25_koi,8.370426,55.311665,54.1,1,137.0,1.0,q1_q17_dr25_tce,11111111111111111000000000000000,0.3492,Mandel and Agol (2002 ApJ 580 171),,,009/009455/009455325/dv/kplr009455325-20160209194854_dvr.pdf,009/009455/009455325/dv/kplr009455325-001-20160209194854_dvs.pdf,5371.0,107.0,-107.0,4.513,0.054,-0.072,0.0,0.15,-0.15,0.852,0.077,-0.052,0.864,0.049,-0.049,,,,q1_q17_dr25_stellar,287.25668,46.066769,13.766,14.327,13.695,13.525,13.435,12.495,12.115,12.041,0.003,19.1504421,4.9e-06,46.06666,5.2e-05,-0.15,0.18,-0.4,0.19,6e-05,0.00011,0.00019,0.00011,0.018,0.078,-0.09,0.13,0.09,0.13,-0.01,0.077,-0.16,0.14,0.16,0.14,kplr009455325,Kepler-958b,15,"(37, 45)","(0.022222222222222223, 0.02702702702702703)"
1621,10332883,K01880.01,Kepler-994 b,CONFIRMED,Done,2018-08-16,CANDIDATE,1.0,0,0,0,0,q1_q17_dr25_sup_koi,CENT_KIC_POS,1.151166776,6.05e-07,-6.05e-07,133.231766,0.00043,-0.00043,2454966.232,0.00043,-0.00043,0.0,,,,,,0.029,0.329,-0.029,1.0907,0.0142,-0.0142,,,,578.4,8.4,-8.4,0.021882,0.000408,-0.000208,8.03646,0.20197,-1.81044,LS+MCMC,1.28,0.08,-0.08,0.0177,,,89.8,,,957.0,,,199.25,42.53,-39.24,8.257,0.208,-0.208,Claret (2011 A&A 529 75) ATLAS LS,0.0,0.0,0.2589,0.4639,q1_q17_dr25_koi,4.967802,35.55345,83.7,1,1163.0,1.0,q1_q17_dr25_tce,11111111111111111000000000000000,0.6594,Mandel and Agol (2002 ApJ 580 171),,,010/010332/010332883/dv/kplr010332883-20160209194854_dvr.pdf,010/010332/010332883/dv/kplr010332883-001-20160209194854_dvs.pdf,3951.0,70.0,-86.0,4.73,0.028,-0.035,-0.16,0.15,-0.15,0.535,0.034,-0.034,0.561,0.031,-0.039,,,,q1_q17_dr25_stellar,289.07224,47.40707,14.44,15.854,14.506,13.835,13.482,12.264,11.611,11.453,0.001,19.2714667,4.4e-06,47.406994,4.5e-05,-0.56,0.16,-0.27,0.16,0.00023,8e-05,-5.2e-05,8.1e-05,-0.015,0.074,0.041,0.077,0.044,0.077,-0.191,0.076,-0.273,0.077,0.334,0.078,kplr010332883,Kepler-994b,16,"(45, 54)","(0.018518518518518517, 0.022222222222222223)"
1623,9305831,K00204.01,Kepler-44 b,CONFIRMED,Done,2018-08-16,CANDIDATE,1.0,0,0,0,0,q1_q17_dr25_sup_koi,NO_COMMENT,3.246732048,3.94e-07,-3.94e-07,133.379165,0.000101,-0.000101,2454966.379,0.000101,-0.000101,0.0,,,,,,0.475,0.043,-0.082,3.0535,0.0194,-0.0194,,,,6998.2,11.7,-11.7,0.077925,0.00046,-0.000889,0.88211,0.117,-0.07532,LS+MCMC,12.4,1.03,-0.93,0.0442,,,86.55,,,1459.0,,,1072.7,277.96,-225.02,7.89,1.0,-1.0,Claret (2011 A&A 529 75) ATLAS LS,0.0,0.0,0.257,0.4213,q1_q17_dr25_koi,56.10826,736.81085,775.0,1,415.0,1.0,q1_q17_dr25_tce,11111111111111111000000000000000,0.7995,Mandel and Agol (2002 ApJ 580 171),,,009/009305/009305831/dv/kplr009305831-20160209194854_dvr.pdf,009/009305/009305831/dv/kplr009305831-001-20160209194854_dvs.pdf,5763.0,103.0,-114.0,4.15,0.055,-0.044,0.26,0.15,-0.15,1.457,0.121,-0.109,1.093,0.124,-0.076,,,,q1_q17_dr25_stellar,300.10236,45.762138,14.678,15.3,14.629,14.411,14.309,13.34,12.969,12.878,0.0,20.0068403,4.3e-07,45.7623097,5.8e-06,0.64,0.016,0.611,0.021,0.00124,0.00022,0.00401,0.00031,0.011,0.068,-0.166,0.072,0.166,0.072,-0.007,0.067,0.22,0.069,0.22,0.069,kplr009305831,Kepler-44b,9,"(12, 15)","(0.06666666666666667, 0.08333333333333333)"
1634,5621125,K01814.01,Kepler-959 b,CONFIRMED,Done,2018-08-16,CANDIDATE,1.0,0,0,0,0,q1_q17_dr25_sup_koi,NO_COMMENT,14.80075082,4.039e-05,-4.039e-05,132.82179,0.00229,-0.00229,2454965.822,0.00229,-0.00229,0.0,,,,,,0.367,0.076,-0.367,5.762,0.0741,-0.0741,,,,501.4,10.6,-10.6,0.020773,0.000303,-0.000539,0.5652,0.17599,-0.06261,LS+MCMC,17.38,3.36,-6.24,0.1633,,,88.88,,,1912.0,,,3158.09,2258.59,-2193.8,18.71,5.8,-5.8,Claret (2011 A&A 529 75) ATLAS LS,0.0,0.0,0.3215,0.3232,q1_q17_dr25_koi,10.021543,63.108162,54.0,1,94.0,1.0,q1_q17_dr25_tce,11111111111111111000000000000000,0.7801,Mandel and Agol (2002 ApJ 580 171),,,005/005621/005621125/dv/kplr005621125-20160209194854_dvr.pdf,005/005621/005621125/dv/kplr005621125-001-20160209194854_dvs.pdf,6327.0,301.0,-452.0,3.092,0.287,-0.123,0.56,0.05,-0.15,7.663,1.482,-2.752,2.646,0.247,-0.534,,,,q1_q17_dr25_stellar,292.17117,40.811378,12.538,12.708,12.481,12.453,12.493,11.757,11.601,11.544,0.0,19.4780783,2.4e-06,40.81139,2.1e-05,0.012,0.1,0.035,0.075,0.00013,5e-05,2.9e-05,3.9e-05,0.17,0.12,-0.01,0.19,0.17,0.12,0.25,0.12,0.03,0.21,0.26,0.13,kplr005621125,Kepler-959b,16,"(45, 54)","(0.018518518518518517, 0.022222222222222223)"
1635,9872283,K01815.01,Kepler-960 b,CONFIRMED,Done,2018-08-16,CANDIDATE,1.0,0,0,0,0,q1_q17_dr25_sup_koi,NO_COMMENT,3.126861192,1.692e-06,-1.692e-06,133.724959,0.000461,-0.000461,2454966.725,0.000461,-0.000461,0.0,,,,,,0.603,0.246,-0.378,1.1926,0.0198,-0.0198,,,,794.6,10.4,-10.4,0.026786,0.002932,-0.001494,8.96358,8.16634,-0.0697,LS+MCMC,5.12,3.27,-2.98,0.0414,,,87.93,,,1391.0,,,886.72,1795.52,-745.72,16.67,7.6,-7.6,Claret (2011 A&A 529 75) ATLAS LS,0.0,0.0,0.098,0.6538,q1_q17_dr25_koi,10.1012745,78.26885,94.6,2,427.0,1.0,q1_q17_dr25_tce,11111111111111111000000000000000,0.6212,Mandel and Agol (2002 ApJ 580 171),,,009/009872/009872283/dv/kplr009872283-20160209194854_dvr.pdf,009/009872/009872283/dv/kplr009872283-001-20160209194854_dvs.pdf,4854.0,145.0,-116.0,3.939,0.637,-0.343,0.56,0.05,-0.25,1.749,1.119,-1.017,0.97,0.209,-0.152,,,,q1_q17_dr25_stellar,281.45718,46.746471,13.884,14.771,13.802,13.504,13.329,12.272,11.729,11.618,0.0,18.7638233,4.5e-06,46.746503,3.8e-05,0.45,0.17,0.12,0.14,-0.00039,0.00013,4e-05,0.00011,-0.001,0.091,-0.02,0.11,0.02,0.11,0.01,0.092,0.17,0.11,0.17,0.11,kplr009872283,Kepler-960b,15,"(37, 45)","(0.022222222222222223, 0.02702702702702703)"
1657,5124667,K01822.01,Kepler-1672 b,CONFIRMED,Done,2018-08-16,CANDIDATE,1.0,0,0,0,0,q1_q17_dr25_sup_koi,NO_COMMENT,150.8783198,0.0005029,-0.0005029,206.69223,0.00213,-0.00213,2455039.692,0.00213,-0.00213,0.0,,,,,,0.022,0.4,-0.022,8.6797,0.0826,-0.0826,,,,659.9,10.8,-10.8,0.02302,0.000652,-0.000268,2.08213,0.06695,-0.55176,LS+MCMC,4.37,0.65,-1.53,0.5726,,,89.99,,,423.0,,,7.56,3.09,-4.54,135.82,4.4,-4.4,Claret (2011 A&A 529 75) ATLAS LS,0.0,0.0,0.2245,0.4725,q1_q17_dr25_koi,22.633787,51.390972,70.6,1,9.0,1.0,q1_q17_dr25_tce,11111111111111111000000000000000,0.0512,Mandel and Agol (2002 ApJ 580 171),,,005/005124/005124667/dv/kplr005124667-20160209194854_dvr.pdf,005/005124/005124667/dv/kplr005124667-001-20160209194854_dvs.pdf,5504.0,87.0,-76.0,3.999,0.304,-0.095,0.3,0.15,-0.15,1.737,0.261,-0.608,1.099,0.098,-0.131,,,,q1_q17_dr25_stellar,297.94016,40.278629,12.443,12.821,12.409,12.281,12.252,11.387,11.103,11.096,0.086,19.862669,6e-06,40.278649,6.2e-05,-0.37,0.25,0.07,0.22,0.00013,0.00017,-0.00014,0.00015,0.11,0.21,-0.33,0.23,0.35,0.26,-0.03,0.27,-0.51,0.25,0.51,0.24,kplr005124667,Kepler-1672b,15,"(37, 45)","(0.022222222222222223, 0.02702702702702703)"
1658,2989404,K01824.01,Kepler-323 c,CONFIRMED,Done,2018-08-16,CANDIDATE,1.0,0,0,0,0,q1_q17_dr25_sup_koi,NO_COMMENT,3.553831111,4.5e-06,-4.5e-06,134.64066,0.00106,-0.00106,2454967.641,0.00106,-0.00106,0.0,,,,,,0.74,0.059,-0.506,3.1029,0.0314,-0.0314,,,,191.8,2.7,-2.7,0.013709,8.4e-05,-0.000925,0.34265,0.57734,-0.18365,LS+MCMC,1.62,0.27,-0.18,0.0456,,,83.05,,,1292.0,,,658.37,303.61,-182.25,6.12,2.6,-2.6,Claret (2011 A&A 529 75) ATLAS LS,0.0,0.0,0.2889,0.3511,q1_q17_dr25_koi,6.3565197,54.74985,77.4,2,377.0,1.0,q1_q17_dr25_tce,11111111111111111000000000000000,0.582,Mandel and Agol (2002 ApJ 580 171),,,002/002989/002989404/dv/kplr002989404-20160209194854_dvr.pdf,002/002989/002989404/dv/kplr002989404-001-20160209194854_dvs.pdf,6015.0,108.0,-132.0,4.37,0.095,-0.116,-0.12,0.15,-0.15,1.081,0.18,-0.12,0.998,0.075,-0.067,,,,q1_q17_dr25_stellar,291.38223,38.127468,12.722,13.084,12.659,12.567,12.51,11.689,11.423,11.354,0.032,19.4254783,3.9e-06,38.127422,6.2e-05,-0.16,0.17,-0.17,0.22,4.6e-05,3.1e-05,3.3e-05,4.1e-05,-0.07,0.14,0.06,0.19,0.09,0.17,0.08,0.29,0.07,0.33,0.1,0.4,kplr002989404,Kepler-323c,18,"(65, 78)","(0.01282051282051282, 0.015384615384615385)"
1659,2989404,K01824.02,Kepler-323 b,CONFIRMED,Done,2018-08-16,CANDIDATE,1.0,0,0,0,0,q1_q17_dr25_sup_koi,NO_COMMENT,1.6783263,1.924e-06,-1.924e-06,136.05259,0.000905,-0.000905,2454969.053,0.000905,-0.000905,0.0,,,,,,0.91,0.077,-0.681,2.5123,0.0221,-0.0221,,,,146.3,2.2,-2.2,0.01326,0.00063,-0.001923,0.10087,0.78468,-0.12031,LS+MCMC,1.57,0.26,-0.18,0.0276,,,68.37,,,1659.0,,,1797.15,828.74,-497.48,2.47,1.2,-1.2,Claret (2011 A&A 529 75) ATLAS LS,0.0,0.0,0.2889,0.3511,q1_q17_dr25_koi,5.4162693,53.33878,76.1,2,727.0,2.0,q1_q17_dr25_tce,11111111111111111000000000000000,0.1444,Mandel and Agol (2002 ApJ 580 171),,,002/002989/002989404/dv/kplr002989404-20160209194854_dvr.pdf,002/002989/002989404/dv/kplr002989404-002-20160209194854_dvs.pdf,6015.0,108.0,-132.0,4.37,0.095,-0.116,-0.12,0.15,-0.15,1.081,0.18,-0.12,0.998,0.075,-0.067,,,,q1_q17_dr25_stellar,291.38223,38.127468,12.722,13.084,12.659,12.567,12.51,11.689,11.423,11.354,0.065,19.4254781,4.1e-06,38.127504,6.4e-05,-0.17,0.17,0.12,0.23,3.5e-05,2.4e-05,-1.6e-05,3.1e-05,0.02,0.13,0.0,0.17,0.02,0.13,0.16,0.13,-0.02,0.14,0.16,0.13,kplr002989404,Kepler-323b,18,"(65, 78)","(0.01282051282051282, 0.015384615384615385)"
1679,4545187,K00223.01,Kepler-121 b,CONFIRMED,Done,2018-08-16,CANDIDATE,1.0,0,0,0,0,q1_q17_dr25_sup_koi,NO_COMMENT,3.177414601,1.587e-06,-1.587e-06,134.478892,0.000417,-0.000417,2454967.479,0.000417,-0.000417,0.0,,,,,,0.786,0.015,-0.561,1.5262,0.0254,-0.0254,,,,1134.3,12.1,-12.1,0.034227,0.003356,-0.003011,2.30913,5.80348,-0.47161,LS+MCMC,2.65,0.41,-0.19,0.039,,,85.79,,,997.0,,,233.26,118.02,-53.2,10.72,4.5,-4.5,Claret (2011 A&A 529 75) ATLAS LS,0.0,0.0,0.2175,0.4767,q1_q17_dr25_koi,10.337521,98.39862,113.7,2,421.0,1.0,q1_q17_dr25_tce,11111111111111111000000000000000,0.4012,Mandel and Agol (2002 ApJ 580 171),,,004/004545/004545187/dv/kplr004545187-20160209194854_dvr.pdf,004/004545/004545187/dv/kplr004545187-001-20160209194854_dvs.pdf,5303.0,159.0,-143.0,4.63,0.032,-0.097,-0.38,0.3,-0.3,0.708,0.111,-0.051,0.785,0.074,-0.082,,,,q1_q17_dr25_stellar,286.16205,39.678001,14.708,15.317,14.646,14.447,14.318,13.32,12.886,12.796,0.006,19.0774734,3.2e-06,39.678085,3.5e-05,0.14,0.13,0.31,0.13,0.00012,0.00016,-0.00024,0.00016,0.007,0.083,0.099,0.085,0.1,0.084,0.175,0.091,0.123,0.085,0.214,0.089,kplr004545187,Kepler-121b,13,"(26, 31)","(0.03225806451612903, 0.038461538461538464)"
1706,8491277,K00234.01,Kepler-498 b,CONFIRMED,Done,2018-08-16,CANDIDATE,1.0,0,0,0,0,q1_q17_dr25_sup_koi,NO_COMMENT,9.61375316,1.143e-05,-1.143e-05,132.185679,0.000971,-0.000971,2454965.186,0.000971,-0.000971,0.0,,,,,,0.604,0.285,-0.384,4.654,0.051,-0.051,,,,797.9,8.4,-8.4,0.026947,0.003355,-0.001042,0.46378,0.40401,-0.01548,LS+MCMC,3.27,0.97,-0.53,0.0897,,,87.37,,,931.0,,,177.26,158.74,-68.07,13.13,5.7,-5.7,Claret (2011 A&A 529 75) ATLAS LS,0.0,0.0,0.2868,0.3588,q1_q17_dr25_koi,11.460757,83.48201,108.6,1,142.0,1.0,q1_q17_dr25_tce,11111111111111111000000000000000,0.7103,Mandel and Agol (2002 ApJ 580 171),,,008/008491/008491277/dv/kplr008491277-20160209194854_dvr.pdf,008/008491/008491277/dv/kplr008491277-001-20160209194854_dvs.pdf,5997.0,181.0,-199.0,4.364,0.108,-0.201,0.02,0.25,-0.3,1.11,0.33,-0.178,1.037,0.16,-0.12,,,,q1_q17_dr25_stellar,290.35815,44.518749,14.283,14.765,14.229,14.076,14.021,13.18,12.788,12.755,0.057,19.3572125,3.9e-06,44.518688,4.1e-05,0.12,0.15,-0.22,0.15,-0.00013,0.00012,0.00011,0.00012,0.025,0.092,0.06,0.13,0.07,0.12,0.007,0.095,0.03,0.13,0.03,0.12,kplr008491277,Kepler-498b,15,"(37, 45)","(0.022222222222222223, 0.02702702702702703)"
1713,8235924,K02347.01,Kepler-1203 b,CONFIRMED,Done,2018-08-16,CANDIDATE,0.15,0,0,0,0,q1_q17_dr25_sup_koi,MOD_SEC_DV,0.588001053,5.82e-07,-5.82e-07,132.058754,0.000814,-0.000814,2454965.059,0.000814,-0.000814,0.0,,,,,,0.403,0.028,-0.403,1.1451,0.0288,-0.0288,,,,297.4,7.4,-7.4,0.015848,0.000228,-0.000577,2.81504,1.23188,-0.1699,LS+MCMC,0.99,0.04,-0.07,0.0114,,,83.78,,,1188.0,,,473.45,81.06,-94.76,3.72,1.6,-1.6,Claret (2011 A&A 529 75) ATLAS LS,0.0,0.0,0.2107,0.5308,q1_q17_dr25_koi,4.172254,31.676039,50.9,1,2275.0,1.0,q1_q17_dr25_tce,11111111111111111000000000000000,0.996,Mandel and Agol (2002 ApJ 580 171),,,008/008235/008235924/dv/kplr008235924-20160209194854_dvr.pdf,008/008235/008235924/dv/kplr008235924-001-20160209194854_dvs.pdf,3814.0,76.0,-84.0,4.687,0.039,-0.018,0.24,0.15,-0.15,0.57,0.023,-0.037,0.576,0.032,-0.032,,,,q1_q17_dr25_stellar,292.77338,44.178131,14.934,16.251,14.942,14.369,14.061,12.861,12.191,12.059,0.027,19.5182444,9e-06,44.177982,9.4e-05,0.71,0.35,-0.53,0.34,-8.4e-05,7.9e-05,9.7e-05,7.7e-05,-0.04,0.14,-0.12,0.13,0.13,0.13,0.22,0.15,-0.31,0.15,0.38,0.15,kplr008235924,Kepler-1203b,17,"(54, 65)","(0.015384615384615385, 0.018518518518518517)"
1731,8026752,K00240.01,Kepler-502 b,CONFIRMED,Done,2018-08-16,CANDIDATE,0.007,0,0,0,0,q1_q17_dr25_sup_koi,HAS_SEC_TCE,4.286866229,3.232e-06,-3.232e-06,138.614882,0.000611,-0.000611,2454971.615,0.000611,-0.000611,0.0,,,,,,0.757,0.018,-0.384,4.4726,0.0748,-0.0748,,,,1321.9,9.9,-9.9,0.036172,3.3e-05,-0.002524,0.14938,0.2408,-0.03371,LS+MCMC,4.14,1.31,-0.43,0.0535,,,81.72,,,1217.0,,,517.66,482.82,-158.26,5.25,2.1,-2.1,Claret (2011 A&A 529 75) ATLAS LS,0.0,0.0,0.302,0.319,q1_q17_dr25_koi,11.960636,101.53744,167.3,1,316.0,1.0,q1_q17_dr25_tce,11111111111111111000000000000000,0.7105,Mandel and Agol (2002 ApJ 580 171),,,008/008026/008026752/dv/kplr008026752-20160209194854_dvr.pdf,008/008026/008026752/dv/kplr008026752-001-20160209194854_dvs.pdf,6228.0,172.0,-216.0,4.441,0.052,-0.208,-0.08,0.25,-0.35,1.049,0.332,-0.111,1.107,0.141,-0.155,,,,q1_q17_dr25_stellar,291.08014,43.860199,14.982,15.4,14.935,14.804,14.752,13.914,13.628,13.592,0.047,19.4053469,2.8e-06,43.860255,3.2e-05,0.19,0.11,0.2,0.11,-0.00016,0.00012,-0.00011,0.00012,0.089,0.076,0.021,0.08,0.091,0.076,0.065,0.076,0.093,0.078,0.113,0.078,kplr008026752,Kepler-502b,13,"(26, 31)","(0.03225806451612903, 0.038461538461538464)"
1747,8107225,K00235.01,Kepler-499 b,CONFIRMED,Done,2018-08-16,CANDIDATE,1.0,0,0,0,0,q1_q17_dr25_sup_koi,NO_COMMENT,5.63252508,6.005e-06,-6.005e-06,133.81818,0.000867,-0.000867,2454966.818,0.000867,-0.000867,0.0,,,,,,0.455,0.023,-0.425,2.1448,0.0303,-0.0303,,,,634.4,10.3,-10.3,0.023204,0.003018,-0.00058,3.71393,1.831,-0.02234,LS+MCMC,2.04,0.28,-0.16,0.0598,,,88.58,,,844.0,,,119.75,55.64,-29.25,18.4,9.1,-9.1,Claret (2011 A&A 529 75) ATLAS LS,0.0,0.0,0.1914,0.5167,q1_q17_dr25_koi,7.3015237,62.67986,70.9,1,241.0,1.0,q1_q17_dr25_tce,11111111111111111000000000000000,0.0716,Mandel and Agol (2002 ApJ 580 171),,,008/008107/008107225/dv/kplr008107225-20160209194854_dvr.pdf,008/008107/008107225/dv/kplr008107225-001-20160209194854_dvs.pdf,5216.0,157.0,-157.0,4.58,0.028,-0.105,0.14,0.25,-0.3,0.804,0.113,-0.061,0.896,0.054,-0.088,,,,q1_q17_dr25_stellar,295.10995,43.915211,14.353,15.036,14.278,14.06,13.947,12.946,12.511,12.405,0.0,19.6739931,4.2e-06,43.915178,5.1e-05,-0.11,0.16,-0.11,0.18,-0.00056,0.0001,-7e-05,0.00012,0.223,0.084,-0.06,0.1,0.23,0.085,0.146,0.081,-0.319,0.1,0.351,0.097,kplr008107225,Kepler-499b,15,"(37, 45)","(0.022222222222222223, 0.02702702702702703)"
1752,11288051,K00241.01,Kepler-124 c,CONFIRMED,Done,2018-08-16,CANDIDATE,1.0,0,0,0,0,q1_q17_dr25_sup_koi,NO_COMMENT,13.82142084,2.223e-05,-2.223e-05,131.79237,0.00125,-0.00125,2454964.792,0.00125,-0.00125,0.0,,,,,,0.904,0.031,-0.66,3.985,0.124,-0.124,,,,765.2,10.8,-10.8,0.030937,0.000971,-0.005472,0.22484,1.89087,-0.09326,LS+MCMC,2.2,0.15,-0.08,0.1005,,,86.05,,,560.0,,,23.15,5.42,-3.35,13.14,6.5,-6.5,Claret (2011 A&A 529 75) ATLAS LS,0.0,0.0,0.1908,0.5172,q1_q17_dr25_koi,11.4743395,64.584526,75.3,3,76.0,1.0,q1_q17_dr25_tce,11111110111011101000000000000000,0.4499,Mandel and Agol (2002 ApJ 580 171),,,011/011288/011288051/dv/kplr011288051-20160209194854_dvr.pdf,011/011288/011288051/dv/kplr011288051-001-20160209194854_dvs.pdf,4983.0,100.0,-100.0,4.66,0.017,-0.052,-0.44,0.15,-0.15,0.651,0.044,-0.024,0.715,0.031,-0.052,,,,q1_q17_dr25_stellar,286.75278,49.064911,14.139,14.74,14.089,13.881,13.749,12.78,12.314,12.233,0.157,19.116849,5.9e-06,49.064932,5.2e-05,-0.13,0.21,0.08,0.19,0.00012,0.00016,-0.00013,0.00015,0.03,0.12,0.23,0.14,0.23,0.14,-0.17,0.12,0.13,0.14,0.21,0.13,kplr011288051,Kepler-124c,14,"(31, 37)","(0.02702702702702703, 0.03225806451612903)"
1761,4833421,K00232.01,Kepler-122 c,CONFIRMED,Done,2018-08-16,CANDIDATE,1.0,0,0,0,0,q1_q17_dr25_sup_koi,NO_COMMENT,12.466004437,5.544e-06,-5.544e-06,134.003258,0.000376,-0.000376,2454967.003,0.000376,-0.000376,0.0,,,,,,0.209,0.094,-0.209,5.0066,0.0198,-0.0198,,,,2232.1,8.1,-8.1,0.043414,0.000239,-0.000295,0.89661,0.0578,-0.11308,LS+MCMC,5.65,0.89,-0.9,0.1051,,,89.39,,,897.0,,,152.76,69.26,-53.05,19.46,1.3,-1.3,Claret (2011 A&A 529 75) ATLAS LS,0.0,0.0,0.2916,0.3447,q1_q17_dr25_koi,34.2153,236.76962,304.6,5,109.0,1.0,q1_q17_dr25_tce,11111111111111111000000000000000,0.5683,Mandel and Agol (2002 ApJ 580 171),,,004/004833/004833421/dv/kplr004833421-20160209194854_dvr.pdf,004/004833/004833421/dv/kplr004833421-001-20160209194854_dvs.pdf,6038.0,121.0,-121.0,4.284,0.137,-0.112,-0.16,0.15,-0.15,1.191,0.189,-0.189,0.995,0.082,-0.067,,,,q1_q17_dr25_stellar,291.11188,39.949108,14.247,14.667,14.202,14.067,14.032,13.173,12.887,12.826,,19.40746048,9.9e-07,39.949065,1.2e-05,0.074,0.041,-0.164,0.044,,,0.00028,0.00013,0.034,0.072,0.062,0.086,0.071,0.088,-0.005,0.073,-0.047,0.088,0.048,0.089,kplr004833421,Kepler-122c,12,"(22, 26)","(0.038461538461538464, 0.045454545454545456)"
1800,8219268,K02133.01,Kepler-91 b,CONFIRMED,Done,2018-08-16,CANDIDATE,0.059,0,0,0,0,q1_q17_dr25_sup_koi,LPP_DV,6.24667547,2.787e-05,-2.787e-05,136.38688,0.00364,-0.00364,2454969.387,0.00364,-0.00364,0.0,,,,,,0.877,0.023,-0.587,11.261,0.192,-0.192,,,,396.8,7.1,-7.1,0.021978,9.1e-05,-0.003863,0.00678,0.02895,-0.00151,LS+MCMC,14.93,1.34,-1.22,0.0709,,,68.65,,,1902.0,,,3095.83,823.53,-606.19,2.41,1.1,-1.1,Claret (2011 A&A 529 75) ATLAS LS,0.0,0.0,0.0744,0.6914,q1_q17_dr25_koi,4.8036923,27.74473,63.6,2,214.0,1.0,q1_q17_dr25_tce,11111111111111111000000000000000,0.0539,Mandel and Agol (2002 ApJ 580 171),,,008/008219/008219268/dv/kplr008219268-20160209194854_dvr.pdf,008/008219/008219268/dv/kplr008219268-001-20160209194854_dvs.pdf,4604.0,74.0,-54.0,2.936,0.013,-0.012,0.3,0.1,-0.15,6.221,0.559,-0.509,1.218,0.226,-0.185,,,,q1_q17_dr25_stellar,285.67288,44.11673,12.495,13.407,12.406,12.104,11.919,10.79,10.235,10.136,0.056,19.0448558,1.2e-06,44.116746,1.4e-05,-0.086,0.047,0.058,0.05,3e-05,2.3e-05,1.2e-05,2.7e-05,-0.017,0.096,0.02,0.099,0.03,0.1,0.001,0.097,0.13,0.11,0.13,0.11,kplr008219268,Kepler-91b,16,"(45, 54)","(0.018518518518518517, 0.022222222222222223)"
1802,4833421,K00232.02,Kepler-122 b,CONFIRMED,Done,2018-08-16,CANDIDATE,1.0,0,0,0,0,q1_q17_dr25_sup_koi,NO_COMMENT,5.766165573,7.619e-06,-7.619e-06,134.01725,0.00107,-0.00107,2454967.017,0.00107,-0.00107,0.0,,,,,,0.017,0.307,-0.017,3.8314,0.0296,-0.0296,,,,364.8,5.9,-5.9,0.017485,0.000276,-0.000188,0.91393,0.0132,-0.17037,LS+MCMC,2.27,0.36,-0.36,0.0629,,,89.92,,,1159.0,,,426.48,193.4,-148.09,11.711,0.169,-0.169,Claret (2011 A&A 529 75) ATLAS LS,0.0,0.0,0.2916,0.3447,q1_q17_dr25_koi,5.8157687,47.71693,65.6,5,227.0,2.0,q1_q17_dr25_tce,11111111111111111000000000000000,0.0553,Mandel and Agol (2002 ApJ 580 171),,,004/004833/004833421/dv/kplr004833421-20160209194854_dvr.pdf,004/004833/004833421/dv/kplr004833421-002-20160209194854_dvs.pdf,6038.0,121.0,-121.0,4.284,0.137,-0.112,-0.16,0.15,-0.15,1.191,0.189,-0.189,0.995,0.082,-0.067,,,,q1_q17_dr25_stellar,291.11188,39.949108,14.247,14.667,14.202,14.067,14.032,13.173,12.887,12.826,,19.4074531,4.7e-06,39.949088,5.8e-05,-0.23,0.2,-0.08,0.21,,,1.4e-05,7.5e-05,-0.052,0.099,-0.01,0.13,0.05,0.1,-0.07,0.1,-0.11,0.14,0.13,0.12,kplr004833421,Kepler-122b,17,"(54, 65)","(0.015384615384615385, 0.018518518518518517)"
1830,8041216,K00237.01,Kepler-500 b,CONFIRMED,Done,2018-08-16,CANDIDATE,1.0,0,0,0,0,q1_q17_dr25_sup_koi,NO_COMMENT,8.508333104,9.705e-06,-9.705e-06,134.785645,0.000965,-0.000965,2454967.786,0.000965,-0.000965,0.0,,,,,,0.004,0.413,-0.004,3.4559,0.0353,-0.0353,,,,646.5,8.2,-8.2,0.023076,0.000538,-0.000256,1.86439,0.01544,-0.71935,LS+MCMC,2.6,0.37,-0.28,0.0806,,,89.99,,,909.0,,,161.66,65.86,-42.15,19.251,0.159,-0.159,Claret (2011 A&A 529 75) ATLAS LS,0.0,0.0,0.2622,0.4035,q1_q17_dr25_koi,10.224901,76.45331,93.4,1,158.0,1.0,q1_q17_dr25_tce,11111111111111111000000000000000,0.6178,Mandel and Agol (2002 ApJ 580 171),,,008/008041/008041216/dv/kplr008041216-20160209194854_dvr.pdf,008/008041/008041216/dv/kplr008041216-001-20160209194854_dvs.pdf,5767.0,104.0,-115.0,4.396,0.09,-0.11,0.0,0.15,-0.15,1.03,0.149,-0.108,0.963,0.072,-0.065,,,,q1_q17_dr25_stellar,295.95135,43.852051,14.176,14.673,14.11,13.964,13.902,12.995,12.693,12.588,0.01,19.7300927,3.1e-06,43.852046,3.9e-05,0.06,0.12,-0.02,0.14,-0.00017,8e-05,5.7e-05,9.4e-05,0.013,0.099,0.01,0.12,0.02,0.13,-0.1,0.1,-0.17,0.12,0.2,0.13,kplr008041216,Kepler-500b,15,"(37, 45)","(0.022222222222222223, 0.02702702702702703)"
1858,5959753,K00226.01,Kepler-496 b,CONFIRMED,Done,2018-08-16,CANDIDATE,1.0,0,0,0,0,q1_q17_dr25_sup_koi,NO_COMMENT,8.30865307,1.027e-05,-1.027e-05,138.10788,0.00102,-0.00102,2454971.108,0.00102,-0.00102,0.0,,,,,,0.333,0.098,-0.333,3.2747,0.0353,-0.0353,,,,836.1,12.7,-12.7,0.026057,0.000409,-0.00075,1.82711,0.38397,-0.39749,LS+MCMC,2.42,0.11,-0.19,0.0747,,,88.99,,,747.0,,,73.53,12.36,-14.88,18.82,4.0,-4.0,Claret (2011 A&A 529 75) ATLAS LS,0.0,0.0,0.1451,0.582,q1_q17_dr25_koi,7.1707487,56.046688,74.3,1,162.0,1.0,q1_q17_dr25_tce,11111111111111111000000000000000,0.5603,Mandel and Agol (2002 ApJ 580 171),,,005/005959/005959753/dv/kplr005959753-20160209194854_dvr.pdf,005/005959/005959753/dv/kplr005959753-001-20160209194854_dvs.pdf,5022.0,80.0,-80.0,4.485,0.077,-0.033,0.18,0.15,-0.15,0.849,0.04,-0.066,0.804,0.052,-0.028,,,,q1_q17_dr25_stellar,291.6409,41.241039,14.817,15.453,14.764,14.544,14.414,13.441,13.023,12.909,0.002,19.4427149,5.9e-06,41.241024,5.7e-05,-0.45,0.24,-0.06,0.2,0.00031,0.00019,0.00024,0.00017,-0.034,0.092,0.093,0.092,0.099,0.092,0.053,0.094,0.344,0.093,0.348,0.093,kplr005959753,Kepler-496b,15,"(37, 45)","(0.022222222222222223, 0.02702702702702703)"
1886,7219825,K00238.01,Kepler-123 b,CONFIRMED,Done,2018-08-16,CANDIDATE,1.0,0,0,0,0,q1_q17_dr25_sup_koi,NO_COMMENT,17.23232894,3.566e-05,-3.566e-05,135.0922,0.00168,-0.00168,2454968.092,0.00168,-0.00168,0.0,,,,,,0.395,0.096,-0.348,4.5568,0.0508,-0.0508,,,,509.8,8.6,-8.6,0.020998,0.000167,-0.000581,1.28263,0.45038,-0.09217,LS+MCMC,2.79,0.45,-0.41,0.1312,,,89.17,,,817.0,,,105.47,50.25,-35.25,27.2,9.6,-9.6,Claret (2011 A&A 529 75) ATLAS LS,0.0,0.0,0.2916,0.3447,q1_q17_dr25_koi,8.936768,54.0081,64.1,3,77.0,1.0,q1_q17_dr25_tce,11111111111111111000000000000000,0.841,Mandel and Agol (2002 ApJ 580 171),,,007/007219/007219825/dv/kplr007219825-20160209194854_dvr.pdf,007/007219/007219825/dv/kplr007219825-001-20160209194854_dvs.pdf,6086.0,133.0,-133.0,4.274,0.137,-0.112,-0.16,0.2,-0.15,1.216,0.199,-0.179,1.013,0.096,-0.064,,,,q1_q17_dr25_stellar,296.99863,42.78196,14.061,14.458,14.013,13.891,13.819,12.982,12.725,12.655,0.002,19.7999051,5.3e-06,42.78208,6e-05,-0.12,0.21,0.43,0.22,-1e-05,0.00011,-0.00021,0.00011,0.33,0.14,0.0,0.14,0.33,0.14,0.26,0.13,0.14,0.14,0.3,0.15,kplr007219825,Kepler-123b,16,"(45, 54)","(0.018518518518518517, 0.022222222222222223)"
1916,4249725,K00222.01,Kepler-120 b,CONFIRMED,Done,2018-08-16,CANDIDATE,1.0,0,0,0,0,q1_q17_dr25_sup_koi,NO_COMMENT,6.312508525,5.263e-06,-5.263e-06,132.654418,0.000694,-0.000694,2454965.654,0.000694,-0.000694,0.0,,,,,,0.029,0.374,-0.029,2.7455,0.0265,-0.0265,,,,1286.0,12.9,-12.9,0.032005,0.000798,-0.000288,2.82876,0.02755,-0.90046,LS+MCMC,2.0,0.26,-0.33,0.0561,,,89.91,,,575.0,,,25.94,24.5,-13.02,18.129,0.177,-0.177,Claret (2011 A&A 529 75) ATLAS LS,0.0,0.0,0.2589,0.4639,q1_q17_dr25_koi,11.1276245,92.90064,112.5,2,215.0,1.0,q1_q17_dr25_tce,11111111111111111000000000000000,0.8566,Mandel and Agol (2002 ApJ 580 171),,,004/004249/004249725/dv/kplr004249725-20160209194854_dvr.pdf,004/004249/004249725/dv/kplr004249725-001-20160209194854_dvs.pdf,4090.0,447.0,-335.0,4.696,0.084,-0.056,-0.18,0.15,-0.1,0.571,0.076,-0.093,0.591,0.089,-0.089,,,,q1_q17_dr25_stellar,287.89163,39.33913,14.735,15.714,14.665,14.315,14.1,13.019,12.418,12.307,0.002,19.1927709,2.6e-06,39.339172,3.4e-05,-0.21,0.11,0.15,0.12,0.00023,0.00015,-0.00024,0.00017,-0.115,0.073,0.074,0.073,0.137,0.073,-0.274,0.075,0.031,0.082,0.276,0.075,kplr004249725,Kepler-120b,14,"(31, 37)","(0.02702702702702703, 0.03225806451612903)"
1944,3847907,K00229.01,Kepler-497 b,CONFIRMED,Done,2018-08-16,CANDIDATE,1.0,0,0,0,0,q1_q17_dr25_sup_koi,NO_COMMENT,3.573202801,9e-07,-9e-07,134.934397,0.000206,-0.000206,2454967.934,0.000206,-0.000206,0.0,,,,,,0.053,0.227,-0.053,2.88,0.0114,-0.0114,,,,2975.0,9.7,-9.7,0.049237,0.000476,-0.000161,1.45984,0.00572,-0.28727,LS+MCMC,5.81,1.6,-0.94,0.0457,,,89.69,,,1210.0,,,507.91,442.5,-203.01,9.9507,0.039,-0.039,Claret (2011 A&A 529 75) ATLAS LS,0.0,0.0,0.2555,0.4191,q1_q17_dr25_koi,31.253706,361.97925,362.1,1,378.0,1.0,q1_q17_dr25_tce,11111111111111111000000000000000,0.2859,Mandel and Agol (2002 ApJ 580 171),,,003/003847/003847907/dv/kplr003847907-20160209194854_dvr.pdf,003/003847/003847907/dv/kplr003847907-001-20160209194854_dvs.pdf,5646.0,200.0,-220.0,4.37,0.128,-0.192,0.22,0.2,-0.3,1.08,0.298,-0.174,0.996,0.12,-0.1,,,,q1_q17_dr25_stellar,290.76587,38.927959,14.72,15.326,14.624,14.461,14.4,13.6,13.287,13.21,0.0,19.38439713,9.3e-07,38.92791,1.2e-05,0.216,0.039,-0.178,0.043,-0.00089,0.00014,0.00077,0.00016,0.389,0.071,-0.056,0.068,0.393,0.071,0.325,0.07,-0.017,0.068,0.325,0.07,kplr003847907,Kepler-497b,11,"(18, 22)","(0.045454545454545456, 0.05555555555555555)"
1956,6383785,K00239.01,Kepler-501 b,CONFIRMED,Done,2018-08-16,CANDIDATE,1.0,0,0,0,0,q1_q17_dr25_sup_koi,NO_COMMENT,5.640676975,3.725e-06,-3.725e-06,138.556259,0.000557,-0.000557,2454971.556,0.000557,-0.000557,0.0,,,,,,0.033,0.369,-0.033,2.8354,0.0263,-0.0263,,,,1453.3,11.4,-11.4,0.034594,0.000677,-0.000453,2.31253,0.0339,-0.75265,LS+MCMC,4.59,0.76,-0.69,0.0627,,,89.88,,,1125.0,,,379.36,164.09,-120.04,15.726,0.231,-0.231,Claret (2011 A&A 529 75) ATLAS LS,0.0,0.0,0.2602,0.4096,q1_q17_dr25_koi,13.931758,127.45385,145.9,2,242.0,1.0,q1_q17_dr25_tce,11111111111111111000000000000000,0.931,Mandel and Agol (2002 ApJ 580 171),,,006/006383/006383785/dv/kplr006383785-20160209194854_dvr.pdf,006/006383/006383785/dv/kplr006383785-001-20160209194854_dvs.pdf,5794.0,78.0,-78.0,4.282,0.137,-0.112,0.14,0.15,-0.15,1.216,0.201,-0.183,1.032,0.079,-0.063,,,,q1_q17_dr25_stellar,297.20154,41.730209,14.762,15.203,14.724,14.573,14.52,13.66,13.272,13.34,0.0,19.8134144,2.1e-06,41.730288,1.8e-05,-0.9,0.084,0.281,0.066,-0.00167,0.00013,0.00109,0.00011,0.277,0.084,-0.21,0.11,0.345,0.09,-0.056,0.083,-0.09,0.1,0.11,0.11,kplr006383785,Kepler-501b,13,"(26, 31)","(0.03225806451612903, 0.038461538461538464)"
1959,4249725,K00222.02,Kepler-120 c,CONFIRMED,Done,2018-08-16,CANDIDATE,1.0,0,0,0,0,q1_q17_dr25_sup_koi,NO_COMMENT,12.7945474,2.615e-05,-2.615e-05,130.7668,0.0017,-0.0017,2454963.767,0.0017,-0.0017,0.0,,,,,,0.18,0.26,-0.18,3.4197,0.0531,-0.0531,,,,816.7,16.4,-16.4,0.025596,0.00072,-0.000487,2.77961,0.16681,-0.85537,LS+MCMC,1.6,0.21,-0.26,0.0899,,,89.64,,,455.0,,,10.1,9.54,-5.07,28.87,1.7,-1.7,Claret (2011 A&A 529 75) ATLAS LS,0.0,0.0,0.2589,0.4639,q1_q17_dr25_koi,7.671974,42.359932,54.1,2,94.0,2.0,q1_q17_dr25_tce,11111111111111111000000000000000,0.3486,Mandel and Agol (2002 ApJ 580 171),,,004/004249/004249725/dv/kplr004249725-20160209194854_dvr.pdf,004/004249/004249725/dv/kplr004249725-002-20160209194854_dvs.pdf,4090.0,447.0,-335.0,4.696,0.084,-0.056,-0.18,0.15,-0.1,0.571,0.076,-0.093,0.591,0.089,-0.089,,,,q1_q17_dr25_stellar,287.89163,39.33913,14.735,15.714,14.665,14.315,14.1,13.019,12.418,12.307,0.801,19.1927774,5.6e-06,39.339135,7.3e-05,0.06,0.23,0.02,0.26,-8e-05,0.00019,-4e-05,0.00021,-0.146,0.09,0.002,0.096,0.146,0.09,-0.287,0.089,-0.01,0.1,0.287,0.089,kplr004249725,Kepler-120c,15,"(37, 45)","(0.022222222222222223, 0.02702702702702703)"
1998,10024051,K02409.01,Kepler-1228 b,CONFIRMED,Done,2018-08-16,CANDIDATE,1.0,0,0,0,0,q1_q17_dr25_sup_koi,CENT_KIC_POS,0.577369336,3.95e-07,-3.95e-07,132.425795,0.000505,-0.000505,2454965.426,0.000505,-0.000505,0.0,,,,,,0.032,0.403,-0.032,1.0852,0.0203,-0.0203,,,,400.4,7.3,-7.3,0.01816,0.000572,-0.00021,4.14027,0.27944,-1.15148,LS+MCMC,1.42,0.2,-0.12,0.0125,,,89.56,,,1757.0,,,2239.26,1059.17,-554.65,4.179,0.282,-0.282,Claret (2011 A&A 529 75) ATLAS LS,0.0,0.0,0.2175,0.4767,q1_q17_dr25_koi,3.943266,22.317495,68.3,1,1850.0,1.0,q1_q17_dr25_tce,11111101110111011000000000000000,0.8653,Mandel and Agol (2002 ApJ 580 171),,,010/010024/010024051/dv/kplr010024051-20160209194854_dvr.pdf,010/010024/010024051/dv/kplr010024051-001-20160209194854_dvs.pdf,5255.0,158.0,-142.0,4.617,0.039,-0.084,-0.34,0.3,-0.3,0.716,0.103,-0.06,0.776,0.086,-0.078,,,,q1_q17_dr25_stellar,296.55307,46.96629,14.859,15.505,14.806,14.582,14.46,13.383,12.877,12.799,0.022,19.7702036,9.2e-06,46.966065,9.6e-05,-0.06,0.34,-0.81,0.35,-7.7e-05,8.5e-05,0.000125,8.7e-05,-0.018,0.097,0.07,0.12,0.08,0.12,-0.548,0.099,-0.26,0.12,0.61,0.11,kplr010024051,Kepler-1228b,17,"(54, 65)","(0.015384615384615385, 0.018518518518518517)"
2000,4349452,K00244.01,Kepler-25 c,CONFIRMED,Done,2018-08-16,CANDIDATE,1.0,0,0,0,0,q1_q17_dr25_sup_koi,CENT_SATURATED,12.720370263,2.282e-06,-2.282e-06,178.528297,0.000144,-0.000144,2455011.528,0.000144,-0.000144,0.0,,,,,,0.787,0.051,-0.401,2.7306,0.0513,-0.0513,,,,1180.1,3.9,-3.9,0.03461,6.1e-05,-0.002427,1.6008,3.40689,-0.49622,LS+MCMC,4.75,0.28,-0.22,0.1101,,,88.12,,,934.0,,,180.23,31.84,-24.2,23.9,10.2,-10.2,Claret (2011 A&A 529 75) ATLAS LS,0.0,0.0,0.302,0.319,q1_q17_dr25_koi,53.94007,422.22046,485.5,2,111.0,1.0,q1_q17_dr25_tce,11111111111111111000000000000000,0.6885,Mandel and Agol (2002 ApJ 580 171),,,004/004349/004349452/dv/kplr004349452-20160209194854_dvr.pdf,004/004349/004349452/dv/kplr004349452-001-20160209194854_dvs.pdf,6267.0,81.0,-75.0,4.28,0.033,-0.03,-0.06,0.15,-0.1,1.258,0.072,-0.059,1.097,0.093,-0.059,,,,q1_q17_dr25_stellar,286.6384,39.487881,10.734,11.293,10.778,,,9.764,9.532,9.493,0.0,19.109235,1.1e-06,39.4879829,9.5e-06,0.397,0.044,0.374,0.034,-0.000879,5.3e-05,1.7e-05,4.3e-05,0.55,0.72,0.15,0.52,0.57,0.71,0.86,0.61,0.43,0.52,0.96,0.77,kplr004349452,Kepler-25c,13,"(26, 31)","(0.03225806451612903, 0.038461538461538464)"
2010,9757613,K00250.02,Kepler-26 c,CONFIRMED,Done,2018-08-16,CANDIDATE,1.0,0,0,0,0,q1_q17_dr25_sup_koi,NO_COMMENT,17.25121397,1.814e-05,-1.814e-05,149.886479,0.000854,-0.000854,2454982.886,0.000854,-0.000854,0.0,,,,,,0.749,0.152,-0.509,2.0371,0.0447,-0.0447,,,,2054.8,33.2,-33.2,0.044983,0.003994,-0.003197,6.65796,12.73071,-0.60045,LS+MCMC,2.64,0.15,-0.2,0.1063,,,89.09,,,385.0,,,5.17,1.07,-1.13,47.1,22.5,-22.5,Claret (2011 A&A 529 75) ATLAS LS,0.0,0.0,0.2238,0.5081,q1_q17_dr25_koi,10.909058,53.37347,68.6,4,73.0,2.0,q1_q17_dr25_tce,11111111111111111000000000000000,0.361,Mandel and Agol (2002 ApJ 580 171),,,009/009757/009757613/dv/kplr009757613-20160209194854_dvr.pdf,009/009757/009757613/dv/kplr009757613-002-20160209194854_dvs.pdf,3879.0,77.0,-85.0,4.708,0.045,-0.021,-0.12,0.15,-0.15,0.537,0.03,-0.041,0.537,0.037,-0.033,,,,q1_q17_dr25_stellar,284.94098,46.56654,15.473,16.84,15.434,14.887,14.601,13.408,12.746,12.63,0.0,18.9960718,5.4e-06,46.566375,5.3e-05,0.21,0.2,-0.59,0.19,0.00105,0.00046,0.0006,0.00049,-0.118,0.083,0.14,0.11,0.19,0.1,0.011,0.082,-0.03,0.11,0.03,0.1,kplr009757613,Kepler-26c,12,"(22, 26)","(0.038461538461538464, 0.045454545454545456)"
2037,5794240,K00254.01,Kepler-45 b,CONFIRMED,Done,2018-08-16,CANDIDATE,0.999,0,0,0,0,q1_q17_dr25_sup_koi,CENT_KIC_POS,2.455240626,1.11e-07,-1.11e-07,170.821762,3.56e-05,-3.56e-05,2455003.822,3.56e-05,-3.56e-05,0.0,,,,,,0.144,0.152,-0.084,1.72722,0.00373,-0.00373,,,,36912.0,33.7,-33.7,0.170837,0.001613,-0.000458,6.33298,0.18579,-0.05812,LS+MCMC,10.6,0.43,-0.71,0.0298,,,89.35,,,730.0,,,67.3,11.58,-13.73,12.637,0.371,-0.371,Claret (2011 A&A 529 75) ATLAS LS,0.0,0.0,0.163,0.5825,q1_q17_dr25_koi,114.0954,1514.2845,1341.6,1,546.0,1.0,q1_q17_dr25_tce,11111111111111111000000000000000,0.4551,Mandel and Agol (2002 ApJ 580 171),,,005/005794/005794240/dv/kplr005794240-20160209194854_dvr.pdf,005/005794/005794240/dv/kplr005794240-001-20160209194854_dvs.pdf,3793.0,76.0,-84.0,4.697,0.032,-0.02,0.32,0.15,-0.15,0.568,0.023,-0.038,0.587,0.025,-0.037,,,,q1_q17_dr25_stellar,292.87289,41.06427,15.979,17.414,16.106,15.364,15.001,13.749,13.077,12.892,0.0,19.52486,2.2e-07,41.0641692,2.6e-06,0.0001,0.0088,-0.3629,0.0093,0.0003,0.0039,0.0011,0.0052,-0.013,0.067,-0.008,0.067,0.015,0.067,0.136,0.075,-0.332,0.068,0.359,0.069,kplr005794240,Kepler-45b,5,"(6, 7)","(0.14285714285714285, 0.16666666666666666)"
2043,4349452,K00244.02,Kepler-25 b,CONFIRMED,Done,2018-08-16,CANDIDATE,1.0,0,0,0,0,q1_q17_dr25_sup_koi,CENT_SATURATED,6.238535444,2.325e-06,-2.325e-06,171.706325,0.000295,-0.000295,2455004.706,0.000295,-0.000295,0.0,,,,,,0.008,0.266,-0.008,3.5255,0.0105,-0.0105,,,,401.6,1.7,-1.7,0.018412,0.000144,-5.9e-05,1.27172,0.00496,-0.25535,LS+MCMC,2.53,0.14,-0.12,0.0685,,,89.97,,,1185.0,,,465.61,82.26,-62.53,13.7795,0.0537,-0.0537,Claret (2011 A&A 529 75) ATLAS LS,0.0,0.0,0.302,0.319,q1_q17_dr25_koi,22.156876,222.45161,274.5,2,210.0,2.0,q1_q17_dr25_tce,11111111111111111000000000000000,0.826,Mandel and Agol (2002 ApJ 580 171),,,004/004349/004349452/dv/kplr004349452-20160209194854_dvr.pdf,004/004349/004349452/dv/kplr004349452-002-20160209194854_dvs.pdf,6267.0,81.0,-75.0,4.28,0.033,-0.03,-0.06,0.15,-0.1,1.258,0.072,-0.059,1.097,0.093,-0.059,,,,q1_q17_dr25_stellar,286.6384,39.487881,10.734,11.293,10.778,,,9.764,9.532,9.493,0.0,19.1092305,2.1e-06,39.48801,1.8e-05,0.209,0.087,0.471,0.066,-0.000225,3.5e-05,-3.3e-05,2.7e-05,0.78,0.61,0.41,0.51,0.88,0.75,1.17,0.58,0.69,0.48,1.36,0.71,kplr004349452,Kepler-25b,17,"(54, 65)","(0.015384615384615385, 0.018518518518518517)"
2068,5364071,K00248.01,Kepler-49 b,CONFIRMED,Done,2018-08-16,CANDIDATE,1.0,0,0,0,0,q1_q17_dr25_sup_koi,NO_COMMENT,7.203855862,5.921e-06,-5.921e-06,170.285731,0.000652,-0.000652,2455003.286,0.000652,-0.000652,0.0,,,,,,0.037,0.259,-0.037,2.5418,0.0226,-0.0226,,,,1765.9,19.2,-19.2,0.038237,0.000503,-0.000231,4.13698,0.10712,-0.61285,LS+MCMC,2.25,0.13,-0.17,0.0595,,,89.9,,,509.0,,,15.87,3.28,-3.47,22.473,0.582,-0.582,Claret (2011 A&A 529 75) ATLAS LS,0.0,0.0,0.3037,0.4224,q1_q17_dr25_koi,11.845864,82.67765,101.1,4,186.0,1.0,q1_q17_dr25_tce,11111111111111111000000000000000,0.2418,Mandel and Agol (2002 ApJ 580 171),,,005/005364/005364071/dv/kplr005364071-20160209194854_dvr.pdf,005/005364/005364071/dv/kplr005364071-001-20160209194854_dvs.pdf,3834.0,77.0,-84.0,4.708,0.045,-0.021,-0.02,0.15,-0.15,0.539,0.03,-0.041,0.541,0.037,-0.037,,,,q1_q17_dr25_stellar,292.29459,40.591789,15.264,16.628,15.264,14.68,14.342,13.184,12.487,12.383,0.152,19.4862946,2.9e-06,40.591778,2.8e-05,-0.47,0.12,-0.04,0.1,0.00029,0.00024,1e-05,0.00023,-0.1,0.084,0.08,0.12,0.13,0.098,-0.218,0.085,0.07,0.12,0.23,0.091,kplr005364071,Kepler-49b,13,"(26, 31)","(0.03225806451612903, 0.038461538461538464)"
2078,7021681,K00255.01,Kepler-505 b,CONFIRMED,Done,2018-08-16,CANDIDATE,1.0,0,0,0,0,q1_q17_dr25_sup_koi,NO_COMMENT,27.52194772,3.058e-05,-3.058e-05,189.824523,0.000808,-0.000808,2455022.825,0.000808,-0.000808,0.0,,,,,,0.35,0.052,-0.35,4.047,0.0415,-0.0415,,,,2312.8,24.1,-24.1,0.044275,0.000316,-0.000887,3.33633,0.81525,-0.39568,LS+MCMC,2.47,0.17,-0.21,0.1445,,,89.61,,,314.0,,,2.28,0.56,-0.53,51.1,12.5,-12.5,Claret (2011 A&A 529 75) ATLAS LS,0.0,0.0,0.3037,0.4224,q1_q17_dr25_koi,17.74914,84.951836,106.5,3,49.0,1.0,q1_q17_dr25_tce,11111111111111111000000000000000,0.1373,Mandel and Agol (2002 ApJ 580 171),,,007/007021/007021681/dv/kplr007021681-20160209194854_dvr.pdf,007/007021/007021681/dv/kplr007021681-001-20160209194854_dvs.pdf,3780.0,76.0,-83.0,4.746,0.042,-0.031,-0.02,0.15,-0.15,0.511,0.036,-0.043,0.531,0.034,-0.042,,,,q1_q17_dr25_stellar,287.85812,42.542629,15.108,16.484,15.193,14.519,14.143,12.912,12.236,12.08,0.002,19.1905376,3.8e-06,42.542789,3.6e-05,-0.12,0.15,0.57,0.13,0.00031,0.00039,0.00053,0.00038,0.162,0.091,-0.27,0.12,0.32,0.13,-0.225,0.084,0.272,0.085,0.353,0.085,kplr007021681,Kepler-505b,12,"(22, 26)","(0.038461538461538464, 0.045454545454545456)"
2084,8478994,K00245.01,Kepler-37 d,CONFIRMED,Done,2018-08-16,CANDIDATE,0.997,0,0,0,0,q1_q17_dr25_sup_koi,CENT_SATURATED,39.79220077,3.007e-05,-3.007e-05,175.250558,0.000584,-0.000584,2455008.251,0.000584,-0.000584,0.0,,,,,,0.019,0.336,-0.019,4.466,0.0216,-0.0216,,,,610.4,3.6,-3.6,0.022303,0.000363,-0.00013,4.02378,0.04935,-0.99611,LS+MCMC,1.9,0.08,-0.07,0.2144,,,89.98,,,458.0,,,10.38,1.54,-1.37,69.576,0.853,-0.853,Claret (2011 A&A 529 75) ATLAS LS,0.0,0.0,0.2434,0.4341,q1_q17_dr25_koi,45.317265,175.61543,179.5,4,35.0,1.0,q1_q17_dr25_tce,11111111111111111000000000000000,0.1503,Mandel and Agol (2002 ApJ 580 171),,,008/008478/008478994/dv/kplr008478994-20160209194854_dvr.pdf,008/008478/008478994/dv/kplr008478994-001-20160209194854_dvs.pdf,5437.0,73.0,-81.0,4.571,0.02,-0.03,-0.24,0.15,-0.15,0.781,0.034,-0.031,0.829,0.044,-0.054,,,,q1_q17_dr25_stellar,284.05954,44.518215,9.705,10.418,9.779,,,8.356,8.0,7.942,0.0,18.9373176,2.6e-06,44.518559,2.3e-05,0.58,0.1,1.242,0.081,-0.00081,6.2e-05,-0.000664,5e-05,2.11,0.94,2.97,0.76,3.64,0.95,1.86,0.96,2.56,0.75,3.16,0.93,kplr008478994,Kepler-37d,16,"(45, 54)","(0.018518518518518517, 0.022222222222222223)"
2102,11253827,K02672.01,Kepler-396 c,CONFIRMED,Done,2018-08-16,CANDIDATE,0.82,0,0,0,0,q1_q17_dr25_sup_koi,NO_COMMENT,88.5122014,0.0002736,-0.0002736,182.67266,0.00239,-0.00239,2455015.673,0.00239,-0.00239,0.0,,,,,,0.242,0.177,-0.242,6.8214,0.0958,-0.0958,,,,2518.7,43.3,-43.3,0.045589,0.000928,-0.00081,2.47617,0.23156,-0.71717,LS+MCMC,4.7,0.61,-0.37,0.378,,,89.86,,,390.0,,,5.47,2.08,-1.19,100.84,9.4,-9.4,Claret (2011 A&A 529 75) ATLAS LS,0.0,0.0,0.2327,0.4526,q1_q17_dr25_koi,28.205576,61.356983,63.1,2,14.0,2.0,q1_q17_dr25_tce,11111111111111111000000000000000,-1.0,Mandel and Agol (2002 ApJ 580 171),,,011/011253/011253827/dv/kplr011253827-20160209194854_dvr.pdf,011/011253/011253827/dv/kplr011253827-002-20160209194854_dvs.pdf,5593.0,111.0,-111.0,4.45,0.068,-0.102,0.02,0.15,-0.15,0.945,0.122,-0.075,0.918,0.063,-0.051,,,,q1_q17_dr25_stellar,296.13281,48.977402,11.921,12.429,11.862,11.703,11.646,10.672,10.356,10.285,0.523,19.74218967,9.4e-07,48.977364,9.2e-06,0.059,0.033,-0.13,0.033,-8e-05,0.00021,0.0,0.00031,-0.011,0.075,0.07,0.11,0.07,0.11,0.015,0.077,-0.05,0.1,0.053,0.099,kplr011253827,Kepler-396c,12,"(22, 26)","(0.038461538461538464, 0.045454545454545456)"
2110,5364071,K00248.02,Kepler-49 c,CONFIRMED,Done,2018-08-16,CANDIDATE,1.0,0,0,0,0,q1_q17_dr25_sup_koi,NO_COMMENT,10.91274065,1.465e-05,-1.465e-05,169.85247,0.00105,-0.00105,2455002.852,0.00105,-0.00105,0.0,,,,,,0.685,0.192,-0.459,2.1801,0.0445,-0.0445,,,,1387.2,26.5,-26.5,0.036155,0.003238,-0.002008,4.17699,5.51141,-0.32659,LS+MCMC,2.13,0.12,-0.16,0.0785,,,88.68,,,443.0,,,9.12,1.88,-2.0,29.7,13.1,-13.1,Claret (2011 A&A 529 75) ATLAS LS,0.0,0.0,0.3037,0.4224,q1_q17_dr25_koi,7.4485817,42.68845,57.4,4,111.0,3.0,q1_q17_dr25_tce,11111111111111111000000000000000,0.4122,Mandel and Agol (2002 ApJ 580 171),,,005/005364/005364071/dv/kplr005364071-20160209194854_dvr.pdf,005/005364/005364071/dv/kplr005364071-003-20160209194854_dvs.pdf,3834.0,77.0,-84.0,4.708,0.045,-0.021,-0.02,0.15,-0.15,0.539,0.03,-0.041,0.541,0.037,-0.037,,,,q1_q17_dr25_stellar,292.29459,40.591789,15.264,16.628,15.264,14.68,14.342,13.184,12.487,12.383,0.668,19.4862987,5.4e-06,40.591756,5.1e-05,-0.3,0.22,-0.12,0.18,0.0,0.00034,0.00012,0.00033,0.11,0.31,-0.06,0.19,0.13,0.25,0.0,0.31,-0.12,0.22,0.12,0.23,kplr005364071,Kepler-49c,13,"(26, 31)","(0.03225806451612903, 0.038461538461538464)"
2136,3861595,K00004.01,Kepler-1658 b,CONFIRMED,Done,2018-08-16,CANDIDATE,1.0,0,0,0,0,q1_q17_dr25_sup_koi,MOD_SEC_DV---PLANET_OCCULT_DV---MOD_SEC_ALT---PLANET_OCCULT_ALT---HAS_SEC_TCE---CENT_SATURATED,3.849371737,2.344e-06,-2.344e-06,157.526686,0.000488,-0.000488,2454990.527,0.000488,-0.000488,0.0,,,,,,0.915,0.02,-0.056,2.632,0.106,-0.106,,,,1298.6,13.0,-13.0,0.039601,0.000521,-0.002214,0.22463,0.17327,-0.08789,LS+MCMC,12.94,1.8,-4.2,0.0548,,,80.61,,,2034.0,,,4055.29,1643.78,-2336.51,5.6,2.2,-2.2,Claret (2011 A&A 529 75) ATLAS LS,0.0,0.0,0.3033,0.3133,q1_q17_dr25_koi,26.059868,235.59987,132.7,1,276.0,1.0,q1_q17_dr25_tce,11111011101110111000000000000000,0.057,Mandel and Agol (2002 ApJ 580 171),,,003/003861/003861595/dv/kplr003861595-20160209194854_dvr.pdf,003/003861/003861595/dv/kplr003861595-001-20160209194854_dvs.pdf,6244.0,126.0,-114.0,3.657,0.27,-0.09,-0.16,0.2,-0.15,2.992,0.416,-0.971,1.482,0.131,-0.261,,,,q1_q17_dr25_stellar,294.35654,38.94738,11.432,11.755,11.354,11.294,11.305,10.475,10.266,10.195,0.0,19.62376866,4.5e-07,38.9473404,5.4e-06,-0.056,0.019,-0.143,0.019,0.00019,3.4e-05,0.000122,3.9e-05,-0.073,0.069,-0.032,0.074,0.08,0.069,-0.049,0.073,-0.077,0.076,0.091,0.075,kplr003861595,Kepler-1658b,12,"(22, 26)","(0.038461538461538464, 0.045454545454545456)"
2138,10489206,K00251.01,Kepler-125 b,CONFIRMED,Done,2018-08-16,CANDIDATE,1.0,0,0,0,0,q1_q17_dr25_sup_koi,NO_COMMENT,4.164384505,2.155e-06,-2.155e-06,171.087935,0.000391,-0.000391,2455004.088,0.000391,-0.000391,0.0,,,,,,0.59,0.056,-0.429,1.8464,0.028,-0.028,,,,2338.0,20.8,-20.8,0.045876,0.000302,-0.001964,3.60443,2.3352,-2.01678,LS+MCMC,2.54,0.19,-0.21,0.0411,,,87.73,,,590.0,,,28.75,7.06,-6.62,14.89,4.8,-4.8,Claret (2011 A&A 529 75) ATLAS LS,0.0,0.0,0.4064,0.2898,q1_q17_dr25_koi,14.949078,141.97963,132.1,2,253.0,1.0,q1_q17_dr25_tce,11111101110111011000000000000000,0.2905,Mandel and Agol (2002 ApJ 580 171),,,010/010489/010489206/dv/kplr010489206-20160209194854_dvr.pdf,010/010489/010489206/dv/kplr010489206-001-20160209194854_dvs.pdf,3808.0,76.0,-84.0,4.754,0.036,-0.036,-0.06,0.15,-0.15,0.508,0.037,-0.042,0.534,0.035,-0.042,,,,q1_q17_dr25_stellar,298.25812,47.604939,14.752,16.233,14.871,14.118,13.716,12.484,11.869,11.682,0.0,19.8838657,2.4e-06,47.605126,2.5e-05,-0.348,0.086,0.668,0.092,-0.00234,0.00023,0.00312,0.00026,0.036,0.079,-0.019,0.077,0.041,0.078,-0.04,0.086,0.196,0.085,0.2,0.085,kplr010489206,Kepler-125b,12,"(22, 26)","(0.038461538461538464, 0.045454545454545456)"
2153,5364071,K00248.03,Kepler-49 d,CONFIRMED,Done,2018-08-16,CANDIDATE,1.0,0,0,0,0,q1_q17_dr25_sup_koi,NO_COMMENT,2.576571021,1.951e-06,-1.951e-06,172.126911,0.000617,-0.000617,2455005.127,0.000617,-0.000617,0.0,,,,,,0.187,0.096,-0.187,1.5997,0.0187,-0.0187,,,,852.8,14.6,-14.6,0.0267,0.000323,-0.000333,5.48224,0.52945,-0.48083,LS+MCMC,1.57,0.09,-0.12,0.03,,,89.14,,,717.0,,,62.42,12.91,-13.65,12.44,1.2,-1.2,Claret (2011 A&A 529 75) ATLAS LS,0.0,0.0,0.3037,0.4224,q1_q17_dr25_koi,10.21087,48.26403,63.6,4,499.0,2.0,q1_q17_dr25_tce,11111111111111111000000000000000,0.6693,Mandel and Agol (2002 ApJ 580 171),,,005/005364/005364071/dv/kplr005364071-20160209194854_dvr.pdf,005/005364/005364071/dv/kplr005364071-002-20160209194854_dvs.pdf,3834.0,77.0,-84.0,4.708,0.045,-0.021,-0.02,0.15,-0.15,0.539,0.03,-0.041,0.541,0.037,-0.037,,,,q1_q17_dr25_stellar,292.29459,40.591789,15.264,16.628,15.264,14.68,14.342,13.184,12.487,12.383,0.0,19.486288,5e-06,40.591851,4.9e-05,-0.74,0.21,0.22,0.18,0.00033,0.00016,-0.00019,0.00014,-0.1,0.13,0.09,0.12,0.13,0.14,-0.21,0.12,0.07,0.12,0.22,0.13,kplr005364071,Kepler-49d,15,"(37, 45)","(0.022222222222222223, 0.02702702702702703)"
2163,8022489,K02674.01,Kepler-1311 d,CONFIRMED,Done,2018-08-16,CANDIDATE,0.989,0,0,0,0,q1_q17_dr25_sup_koi,NO_COMMENT,197.5111484,0.0003637,-0.0003637,272.3864,0.00131,-0.00131,2455105.386,0.00131,-0.00131,0.0,,,,,,0.814,0.013,-0.019,11.106,0.101,-0.101,,,,2575.6,16.0,-16.0,0.05206,0.000397,-0.000644,0.36069,0.04409,-0.03499,LS+MCMC,9.52,1.56,-2.15,0.6711,,,89.49,,,391.0,,,5.54,2.65,-2.43,90.6,11.1,-11.1,Claret (2011 A&A 529 75) ATLAS LS,0.0,0.0,0.2357,0.4484,q1_q17_dr25_koi,66.03131,125.39901,175.2,3,7.0,1.0,q1_q17_dr25_tce,11111111111111111000000000000000,0.8667,Mandel and Agol (2002 ApJ 580 171),,,008/008022/008022489/dv/kplr008022489-20160209194854_dvr.pdf,008/008022/008022489/dv/kplr008022489-001-20160209194854_dvs.pdf,5616.0,124.0,-90.0,4.004,0.202,-0.093,0.04,0.15,-0.15,1.674,0.275,-0.378,1.032,0.107,-0.097,,,,q1_q17_dr25_stellar,289.65125,43.824421,13.349,13.794,13.282,13.159,13.065,12.169,11.859,11.825,0.34,19.3100855,2.6e-06,43.824452,2.8e-05,0.06,0.1,0.11,0.1,-0.00026,0.00029,-8e-05,0.00032,-0.06,0.12,0.03,0.13,0.07,0.12,-0.07,0.11,0.11,0.12,0.13,0.11,kplr008022489,Kepler-1311d,11,"(18, 22)","(0.045454545454545456, 0.05555555555555555)"
2238,9390653,K00249.01,Kepler-504 b,CONFIRMED,Done,2018-08-16,CANDIDATE,1.0,0,0,0,0,q1_q17_dr25_sup_koi,CENT_KIC_POS,9.549277089,5.287e-06,-5.287e-06,175.757183,0.000433,-0.000433,2455008.757,0.000433,-0.000433,0.0,,,,,,0.068,0.282,-0.068,1.5832,0.0185,-0.0185,,,,1826.9,20.0,-20.0,0.038907,0.000597,-0.000362,22.61413,1.08182,-4.46583,LS+MCMC,1.57,0.21,-0.24,0.0646,,,89.92,,,374.0,,,4.62,1.83,-1.58,47.77,2.3,-2.3,Claret (2011 A&A 529 75) ATLAS LS,0.0,0.0,0.3775,0.3402,q1_q17_dr25_koi,16.14665,110.62994,112.2,1,138.0,1.0,q1_q17_dr25_tce,11111111111111111000000000000000,0.0216,Mandel and Agol (2002 ApJ 580 171),,,009/009390/009390653/dv/kplr009390653-20160209194854_dvr.pdf,009/009390/009390653/dv/kplr009390653-001-20160209194854_dvs.pdf,3547.0,71.0,-80.0,4.899,0.06,-0.06,-0.14,0.15,-0.15,0.369,0.05,-0.056,0.396,0.048,-0.072,,,,q1_q17_dr25_stellar,284.92184,45.972401,14.486,16.132,14.731,13.781,13.301,12.0,11.374,11.155,0.0,18.9947976,1.8e-06,45.972486,2.1e-05,0.334,0.067,0.311,0.074,0.00052,0.00016,0.00112,0.00019,-0.688,0.096,-0.9,0.12,1.13,0.11,0.048,0.095,-0.04,0.1,0.06,0.12,kplr009390653,Kepler-504b,13,"(26, 31)","(0.03225806451612903, 0.038461538461538464)"
2240,11187837,K00252.01,Kepler-1663 b,CONFIRMED,Done,2018-08-16,CANDIDATE,1.0,0,0,0,0,q1_q17_dr25_sup_koi,CENT_KIC_POS,17.60461401,2.499e-05,-2.499e-05,170.4984,0.00109,-0.00109,2455003.498,0.00109,-0.00109,0.0,,,,,,0.715,0.04,-0.512,3.716,0.0836,-0.0836,,,,2292.1,33.5,-33.5,0.046863,0.003419,-0.002963,1.29603,2.00278,-0.06327,LS+MCMC,2.64,0.15,-0.23,0.1072,,,88.52,,,362.0,,,4.07,0.87,-0.98,27.7,10.7,-10.7,Claret (2011 A&A 529 75) ATLAS LS,0.0,0.0,0.2575,0.4768,q1_q17_dr25_koi,14.0273695,71.954796,80.1,1,77.0,1.0,q1_q17_dr25_tce,11111111111111111000000000000000,0.8574,Mandel and Agol (2002 ApJ 580 171),,,011/011187/011187837/dv/kplr011187837-20160209194854_dvr.pdf,011/011187/011187837/dv/kplr011187837-001-20160209194854_dvs.pdf,3744.0,75.0,-83.0,4.737,0.046,-0.028,0.06,0.15,-0.15,0.516,0.03,-0.046,0.529,0.035,-0.043,,,,q1_q17_dr25_stellar,290.40149,48.82259,15.613,17.061,15.696,14.992,14.621,13.418,12.741,12.552,0.0,19.360101,4.4e-06,48.82267,4.3e-05,0.03,0.16,0.29,0.16,0.00013,0.0004,0.0015,0.00045,-0.039,0.079,-0.097,0.085,0.105,0.089,-0.054,0.076,0.424,0.088,0.428,0.087,kplr011187837,Kepler-1663b,11,"(18, 22)","(0.045454545454545456, 0.05555555555555555)"
2245,3642741,K00242.01,Kepler-503 b,FALSE POSITIVE,Done,2018-08-16,CANDIDATE,1.0,0,0,0,0,q1_q17_dr25_sup_koi,NO_COMMENT,7.258450123,3.897e-06,-3.897e-06,138.344691,0.00044,-0.00044,2454971.345,0.00044,-0.00044,0.0,,,,,,0.05,0.128,-0.05,5.7297,0.0161,-0.0161,,,,3714.7,14.9,-14.9,0.05504,0.000271,-0.000129,0.38297,0.00364,-0.01945,LS+MCMC,5.53,1.59,-0.53,0.0736,,,89.72,,,880.0,,,141.3,119.36,-39.14,10.2172,0.0971,-0.0971,Claret (2011 A&A 529 75) ATLAS LS,0.0,0.0,0.2555,0.4191,q1_q17_dr25_koi,30.843128,283.08282,288.6,1,182.0,1.0,q1_q17_dr25_tce,11111111111111111000000000000000,0.914,Mandel and Agol (2002 ApJ 580 171),,,003/003642/003642741/dv/kplr003642741-20160209194854_dvr.pdf,003/003642/003642741/dv/kplr003642741-001-20160209194854_dvs.pdf,5638.0,154.0,-171.0,4.513,0.048,-0.204,0.16,0.2,-0.3,0.92,0.264,-0.088,1.006,0.09,-0.12,,,,q1_q17_dr25_stellar,290.63651,38.707668,14.747,15.334,14.688,14.496,14.413,13.461,13.138,13.045,0.0,19.3757624,1.1e-06,38.707597,1e-05,-0.152,0.047,-0.264,0.038,0.00147,0.00022,-0.00055,0.00023,-0.109,0.07,-0.015,0.074,0.11,0.07,-0.024,0.07,-0.1,0.073,0.103,0.073,kplr003642741,Kepler-503b,11,"(18, 22)","(0.045454545454545456, 0.05555555555555555)"
2254,11295426,K00246.01,Kepler-68 b,CONFIRMED,Done,2018-08-16,CANDIDATE,1.0,0,0,0,0,q1_q17_dr25_sup_koi,CENT_SATURATED,5.398752862,1.947e-06,-1.947e-06,173.858666,0.000286,-0.000286,2455006.859,0.000286,-0.000286,0.0,,,,,,0.015,0.347,-0.015,3.4303,0.0154,-0.0154,,,,346.5,1.4,-1.4,0.0169,0.000263,-0.000114,1.19003,0.02932,-0.22353,LS+MCMC,2.21,0.12,-0.11,0.0602,,,89.93,,,1140.0,,,398.33,70.22,-58.48,12.239,0.302,-0.302,Claret (2011 A&A 529 75) ATLAS LS,0.0,0.0,0.2602,0.4096,q1_q17_dr25_koi,22.310616,246.85002,289.6,2,252.0,1.0,q1_q17_dr25_tce,11111111111111111000000000000000,0.0137,Mandel and Agol (2002 ApJ 580 171),,,011/011295/011295426/dv/kplr011295426-20160209194854_dvr.pdf,011/011295/011295426/dv/kplr011295426-001-20160209194854_dvs.pdf,5790.0,78.0,-78.0,4.279,0.03,-0.027,0.06,0.15,-0.15,1.198,0.067,-0.061,0.997,0.08,-0.066,,,,q1_q17_dr25_stellar,291.03232,49.040272,9.997,10.41,9.926,9.82,9.817,8.975,8.662,8.588,0.0,19.4021561,1.5e-06,49.040122,2e-05,0.073,0.055,-0.534,0.072,-4.3e-05,1.9e-05,0.000122,2.5e-05,-1.25,0.62,0.76,0.71,1.46,0.77,-0.85,0.73,-2.1,0.91,2.27,0.89,kplr011295426,Kepler-68b,17,"(54, 65)","(0.015384615384615385, 0.018518518518518517)"
2280,9757613,K00250.01,Kepler-26 b,CONFIRMED,Done,2018-08-16,CANDIDATE,1.0,0,0,0,0,q1_q17_dr25_sup_koi,NO_COMMENT,12.282998287,8.001e-06,-8.001e-06,170.39809,0.00051,-0.00051,2455003.398,0.00051,-0.00051,0.0,,,,,,0.047,0.233,-0.047,2.7096,0.0198,-0.0198,,,,2794.7,22.4,-22.4,0.048233,0.000494,-0.000238,5.98262,0.06965,-0.87957,LS+MCMC,2.83,0.16,-0.22,0.0847,,,89.93,,,431.0,,,8.14,1.68,-1.78,36.27,0.422,-0.422,Claret (2011 A&A 529 75) ATLAS LS,0.0,0.0,0.2238,0.5081,q1_q17_dr25_koi,17.01606,104.526276,137.2,4,110.0,1.0,q1_q17_dr25_tce,11111111111111111000000000000000,0.5393,Mandel and Agol (2002 ApJ 580 171),,,009/009757/009757613/dv/kplr009757613-20160209194854_dvr.pdf,009/009757/009757613/dv/kplr009757613-001-20160209194854_dvs.pdf,3879.0,77.0,-85.0,4.708,0.045,-0.021,-0.12,0.15,-0.15,0.537,0.03,-0.041,0.537,0.037,-0.033,,,,q1_q17_dr25_stellar,284.94098,46.56654,15.473,16.84,15.434,14.887,14.601,13.408,12.746,12.63,0.0,18.9960718,2.7e-06,46.566523,2.6e-05,0.217,0.098,-0.062,0.092,0.00144,0.00034,-0.00066,0.00038,-0.085,0.078,0.075,0.077,0.113,0.081,0.083,0.082,-0.104,0.079,0.133,0.086,kplr009757613,Kepler-26b,11,"(18, 22)","(0.045454545454545456, 0.05555555555555555)"
2282,11752906,K00253.01,Kepler-2000 b,CONFIRMED,Done,2018-08-16,CANDIDATE,1.0,0,0,0,0,q1_q17_dr25_sup_koi,CENT_KIC_POS,6.383159135,6.398e-06,-6.398e-06,170.604622,0.000744,-0.000744,2455003.605,0.000744,-0.000744,0.0,,,,,,0.197,0.237,-0.197,1.7504,0.0334,-0.0334,,,,2313.2,40.8,-40.8,0.043356,0.001104,-0.000801,10.80586,1.00691,-3.02453,LS+MCMC,2.73,0.1,-0.17,0.0562,,,89.61,,,530.0,,,18.73,3.1,-3.66,28.55,2.7,-2.7,Claret (2011 A&A 529 75) ATLAS LS,0.0,0.0,0.0767,0.6737,q1_q17_dr25_koi,9.955957,55.220226,64.4,2,171.0,1.0,q1_q17_dr25_tce,11111110111011101000000000000000,0.0073,Mandel and Agol (2002 ApJ 580 171),,,011/011752/011752906/dv/kplr011752906-20160209194854_dvr.pdf,011/011752/011752906/dv/kplr011752906-001-20160209194854_dvs.pdf,3757.0,74.0,-82.0,4.681,0.039,-0.015,0.48,0.05,-0.15,0.576,0.022,-0.036,0.581,0.029,-0.029,,,,q1_q17_dr25_stellar,285.57434,49.962269,15.254,16.625,15.335,14.667,14.261,13.089,12.399,12.29,0.0,19.0382828,3e-06,49.962,3e-05,-0.25,0.11,-0.97,0.11,0.00013,0.00034,-0.00185,0.00045,-0.3,0.18,1.5,0.3,1.53,0.33,-0.361,0.092,-0.271,0.091,0.451,0.092,kplr011752906,Kepler-2000b,12,"(22, 26)","(0.038461538461538464, 0.045454545454545456)"
2328,11133306,K00276.01,Kepler-509 b,CONFIRMED,Done,2018-08-16,CANDIDATE,0.999,0,0,0,0,q1_q17_dr25_sup_koi,NO_COMMENT,41.74598855,4.572e-05,-4.572e-05,210.399151,0.000858,-0.000858,2455043.399,0.000858,-0.000858,0.0,,,,,,0.049,0.374,-0.049,4.6125,0.038,-0.038,,,,421.8,4.5,-4.5,0.018741,0.000401,-0.000169,3.78052,0.14278,-0.96636,LS+MCMC,2.4,0.12,-0.13,0.2384,,,89.96,,,584.0,,,27.58,4.37,-4.06,70.36,2.7,-2.7,Claret (2011 A&A 529 75) ATLAS LS,0.0,0.0,0.2868,0.3588,q1_q17_dr25_koi,20.143671,92.42659,110.5,1,33.0,1.0,q1_q17_dr25_tce,11111111111111111000000000000000,0.6805,Mandel and Agol (2002 ApJ 580 171),,,011/011133/011133306/dv/kplr011133306-20160209194854_dvr.pdf,011/011133/011133306/dv/kplr011133306-001-20160209194854_dvs.pdf,5978.0,71.0,-80.0,4.316,0.03,-0.03,0.0,0.15,-0.15,1.171,0.06,-0.06,1.034,0.083,-0.068,,,,q1_q17_dr25_stellar,289.6644,48.706211,11.854,12.189,11.782,11.711,11.679,10.793,10.564,10.483,0.0,19.3109507,4.6e-06,48.706168,3.5e-05,-0.33,0.16,-0.15,0.13,0.000202,7e-05,5.5e-05,5.4e-05,0.16,0.14,-0.09,0.17,0.18,0.16,0.09,0.14,-0.09,0.18,0.13,0.18,kplr011133306,Kepler-509b,16,"(45, 54)","(0.018518518518518517, 0.022222222222222223)"
2331,8292840,K00260.02,Kepler-126 d,CONFIRMED,Done,2018-08-16,CANDIDATE,1.0,0,0,0,0,q1_q17_dr25_sup_koi,CENT_SATURATED,100.2830675,0.000262,-0.000262,245.04318,0.00198,-0.00198,2455078.043,0.00198,-0.00198,0.0,,,,,,0.535,0.029,-0.429,10.8636,0.0852,-0.0852,,,,351.2,4.4,-4.4,0.017719,0.001506,-0.000465,0.42858,0.24346,-0.02551,LS+MCMC,2.51,0.14,-0.1,0.4312,,,89.5,,,475.0,,,12.07,2.43,-1.59,61.1,17.3,-17.3,Claret (2011 A&A 529 75) ATLAS LS,0.0,0.0,0.3023,0.3153,q1_q17_dr25_koi,17.652754,51.932014,81.9,3,15.0,1.0,q1_q17_dr25_tce,11111111111111111000000000000000,0.1336,Mandel and Agol (2002 ApJ 580 171),,,008/008292/008292840/dv/kplr008292840-20160209194854_dvr.pdf,008/008292/008292840/dv/kplr008292840-001-20160209194854_dvs.pdf,6214.0,113.0,-87.0,4.238,0.033,-0.027,-0.16,0.1,-0.1,1.297,0.074,-0.054,1.059,0.087,-0.047,,,,q1_q17_dr25_stellar,289.34732,44.208511,10.5,10.904,10.514,,,9.616,9.407,9.344,0.25,19.2898163,4.4e-06,44.208486,5e-05,-0.18,0.17,-0.09,0.18,6.1e-05,6e-05,3e-05,6.3e-05,-1.32,0.6,-0.46,0.65,1.4,0.68,-1.43,0.57,-0.41,0.71,1.48,0.63,kplr008292840,Kepler-126d,17,"(54, 65)","(0.015384615384615385, 0.018518518518518517)"
2332,9730163,K02704.01,Kepler-445 c,CONFIRMED,Done,2018-08-16,CANDIDATE,1.0,0,0,0,0,q1_q17_dr25_sup_koi,CENT_KIC_POS,4.871223664,7.688e-06,-7.688e-06,133.64255,0.00151,-0.00151,2454966.643,0.00151,-0.00151,0.0,,,,,,0.706,0.066,-0.491,1.5916,0.0553,-0.0553,,,,6462.0,152.0,-152.0,0.079431,0.008687,-0.007179,5.56558,8.7526,-0.57798,LS+MCMC,1.56,0.7,-0.23,0.0301,,,87.88,,,341.0,,,3.18,4.16,-0.99,19.11,7.5,-7.5,Claret (2011 A&A 529 75) ATLAS LS,0.0,0.0,0.3107,0.423,q1_q17_dr25_koi,8.1851425,41.95647,50.5,3,119.0,1.0,q1_q17_dr25_tce,00000101100111011000000000000000,0.7569,Mandel and Agol (2002 ApJ 580 171),,,009/009730/009730163/dv/kplr009730163-20160209194854_dvr.pdf,009/009730/009730163/dv/kplr009730163-001-20160209194854_dvs.pdf,3157.0,75.0,-37.0,5.112,0.076,-0.123,0.26,0.15,-0.1,0.18,0.081,-0.027,0.153,0.092,-0.023,,,,q1_q17_dr25_stellar,298.73611,46.498634,17.475,18.666,17.462,16.961,,13.542,12.929,12.61,0.77,19.9157566,7.2e-06,46.498902,7.7e-05,0.55,0.27,0.96,0.28,-0.0003,0.0034,0.0007,0.0046,-0.09,0.17,0.11,0.19,0.14,0.18,0.34,0.37,1.27,0.3,1.31,0.37,kplr009730163,Kepler-445c,9,"(12, 15)","(0.06666666666666667, 0.08333333333333333)"
2372,11401755,K00277.01,Kepler-36 c,CONFIRMED,Done,2018-08-16,CANDIDATE,1.0,0,0,0,0,q1_q17_dr25_sup_koi,NO_COMMENT,16.23191704,1.421e-05,-1.421e-05,171.67758,0.000669,-0.000669,2455004.678,0.000669,-0.000669,0.0,,,,,,0.017,0.272,-0.017,7.461,0.0243,-0.0243,,,,501.6,2.8,-2.8,0.020452,0.000203,-7.4e-05,0.35076,0.00062,-0.07172,LS+MCMC,3.54,0.16,-0.18,0.1259,,,89.94,,,926.0,,,174.1,24.04,-24.33,16.968,0.03,-0.03,Claret (2011 A&A 529 75) ATLAS LS,0.0,0.0,0.2918,0.3434,q1_q17_dr25_koi,17.554491,109.9509,194.9,2,81.0,1.0,q1_q17_dr25_tce,11111111111111111000000000000000,0.1158,Mandel and Agol (2002 ApJ 580 171),,,011/011401/011401755/dv/kplr011401755-20160209194854_dvr.pdf,011/011401/011401755/dv/kplr011401755-001-20160209194854_dvs.pdf,5919.0,62.0,-71.0,4.042,0.03,-0.03,-0.2,0.05,-0.1,1.585,0.071,-0.079,1.009,0.036,-0.036,,,,q1_q17_dr25_stellar,291.25018,49.231834,11.866,12.629,11.95,,,11.124,10.85,10.788,0.602,19.4166789,1.7e-06,49.231831,2e-05,0.011,0.06,-0.017,0.071,-9e-06,2.9e-05,-1.7e-05,3.5e-05,0.0,0.1,-0.08,0.16,0.08,0.16,-0.03,0.11,-0.1,0.18,0.11,0.18,kplr011401755,Kepler-36c,16,"(45, 54)","(0.018518518518518517, 0.022222222222222223)"
2399,9837661,K02715.01,Kepler-1321 b,CONFIRMED,Done,2018-08-16,CANDIDATE,1.0,0,0,0,0,q1_q17_dr25_sup_koi,NO_COMMENT,11.12827427,2.074e-05,-2.074e-05,139.54417,0.00201,-0.00201,2454972.544,0.00201,-0.00201,0.0,,,,,,0.594,0.24,-0.388,2.6118,0.0592,-0.0592,,,,6057.0,103.0,-103.0,0.073529,0.009679,-0.003892,3.77092,3.08525,-0.05147,LS+MCMC,4.04,0.24,-0.45,0.0781,,,88.83,,,408.0,,,6.52,1.47,-1.86,29.1,11.9,-11.9,Claret (2011 A&A 529 75) ATLAS LS,0.0,0.0,0.2107,0.5308,q1_q17_dr25_koi,14.222022,55.062897,65.6,3,58.0,1.0,q1_q17_dr25_tce,00000100010111111000000000000000,0.7763,Mandel and Agol (2002 ApJ 580 171),,,009/009837/009837661/dv/kplr009837661-20160209194854_dvr.pdf,009/009837/009837661/dv/kplr009837661-001-20160209194854_dvs.pdf,3640.0,81.0,-90.0,4.744,0.056,-0.024,0.21,0.15,-0.15,0.503,0.03,-0.056,0.513,0.036,-0.054,,,,q1_q17_dr25_stellar,294.52859,46.640968,16.835,18.015,16.902,16.33,16.04,14.832,14.224,13.884,0.0,19.6352433,4.3e-06,46.641238,5.9e-05,0.12,0.16,0.97,0.21,0.0029,0.002,0.0042,0.0029,-0.14,0.2,-0.084,0.091,0.16,0.18,-0.15,0.13,-0.03,0.11,0.16,0.12,kplr009837661,Kepler-1321b,9,"(12, 15)","(0.06666666666666667, 0.08333333333333333)"
2418,5383248,K00261.01,Kepler-96 b,CONFIRMED,Done,2018-08-16,CANDIDATE,1.0,0,0,0,0,q1_q17_dr25_sup_koi,CENT_SATURATED,16.23847733,1.477e-05,-1.477e-05,171.019564,0.000695,-0.000695,2455004.02,0.000695,-0.000695,0.0,,,,,,0.766,0.043,-0.517,3.9699,0.0341,-0.0341,,,,646.7,5.8,-5.8,0.025459,0.000265,-0.002033,0.69363,1.40391,-0.15539,LS+MCMC,2.76,0.42,-0.24,0.1235,,,87.94,,,711.0,,,60.35,26.22,-14.02,21.3,8.6,-8.6,Claret (2011 A&A 529 75) ATLAS LS,0.0,0.0,0.2622,0.4035,q1_q17_dr25_koi,33.625008,177.37422,125.8,1,79.0,1.0,q1_q17_dr25_tce,11111111111111111000000000000000,0.048,Mandel and Agol (2002 ApJ 580 171),,,005/005383/005383248/dv/kplr005383248-20160209194854_dvr.pdf,005/005383/005383248/dv/kplr005383248-001-20160209194854_dvs.pdf,5683.0,114.0,-114.0,4.422,0.085,-0.114,0.04,0.15,-0.15,0.993,0.15,-0.087,0.951,0.067,-0.061,,,,q1_q17_dr25_stellar,297.06961,40.525131,10.297,10.736,10.228,10.109,10.064,9.26,8.928,8.868,0.0,19.8046657,1.4e-06,40.524953,2e-05,1.027,0.059,-0.638,0.073,-0.000182,3.9e-05,0.000369,4.9e-05,1.12,0.23,-0.91,0.39,1.44,0.28,2.39,0.29,-1.33,0.48,2.74,0.39,kplr005383248,Kepler-96b,15,"(37, 45)","(0.022222222222222223, 0.02702702702702703)"
2429,3102384,K00273.01,Kepler-454 b,CONFIRMED,Done,2018-08-16,CANDIDATE,1.0,0,0,0,0,q1_q17_dr25_sup_koi,CENT_SATURATED,10.573751447,8.488e-06,-8.488e-06,175.067739,0.000639,-0.000639,2455008.068,0.000639,-0.000639,0.0,,,,,,0.785,0.004,-0.586,1.7259,0.0182,-0.0182,,,,298.9,4.3,-4.3,0.017524,1.7e-05,-0.001673,4.7061,12.20737,-0.02363,LS+MCMC,2.07,0.05,-0.07,0.0964,,,88.51,,,844.0,,,120.25,13.03,-13.2,30.3,13.1,-13.1,Claret (2011 A&A 529 75) ATLAS LS,0.0,0.0,0.2514,0.4282,q1_q17_dr25_koi,14.342573,77.65751,82.0,1,129.0,1.0,q1_q17_dr25_tce,11111111111111111000000000000000,0.0568,Mandel and Agol (2002 ApJ 580 171),,,003/003102/003102384/dv/kplr003102384-20160209194854_dvr.pdf,003/003102/003102384/dv/kplr003102384-001-20160209194854_dvs.pdf,5720.0,77.0,-77.0,4.4,0.012,-0.012,0.34,0.1,-0.15,1.08,0.027,-0.033,1.067,0.039,-0.055,,,,q1_q17_dr25_stellar,287.47852,38.22884,11.457,11.912,11.39,11.262,11.23,10.357,10.021,9.968,0.0,19.165235,3.4e-06,38.228946,4.8e-05,0.04,0.14,0.38,0.17,9.3e-05,4.3e-05,0.000109,5.1e-05,0.14,0.2,-0.27,0.14,0.3,0.18,0.43,0.22,0.38,0.15,0.58,0.2,kplr003102384,Kepler-454b,17,"(54, 65)","(0.015384615384615385, 0.018518518518518517)"
2435,9467404,K02717.01,Kepler-1323 b,CONFIRMED,Done,2018-08-16,CANDIDATE,1.0,0,0,0,0,q1_q17_dr25_sup_koi,NO_COMMENT,0.929906166,7.77e-07,-7.77e-07,132.25126,0.000725,-0.000725,2454965.251,0.000725,-0.000725,0.0,,,,,,0.102,0.338,-0.101,1.743,0.021,-0.021,,,,108.7,1.6,-1.6,0.009563,0.000229,-0.000109,1.54821,0.05556,-0.47609,LS+MCMC,1.48,0.24,-0.28,0.0191,,,88.59,,,2291.0,,,6514.57,3148.46,-2514.21,4.136,0.148,-0.148,Claret (2011 A&A 529 75) ATLAS LS,0.0,0.0,0.2904,0.3534,q1_q17_dr25_koi,4.6398687,35.40818,79.7,1,1440.0,1.0,q1_q17_dr25_tce,11111111111111111000000000000000,0.8991,Mandel and Agol (2002 ApJ 580 171),,,009/009467/009467404/dv/kplr009467404-20160209194854_dvr.pdf,009/009467/009467404/dv/kplr009467404-001-20160209194854_dvs.pdf,6039.0,134.0,-121.0,4.169,0.168,-0.112,-0.04,0.15,-0.15,1.413,0.234,-0.26,1.075,0.108,-0.09,,,,q1_q17_dr25_stellar,292.87228,46.098881,12.41,12.708,12.341,12.283,12.225,11.387,11.147,11.122,0.017,19.5248074,7e-06,46.098859,7.6e-05,-0.44,0.26,-0.07,0.27,2.5e-05,1.7e-05,-1.9e-05,1.8e-05,0.03,0.11,0.27,0.14,0.27,0.14,0.0,0.11,-0.04,0.14,0.05,0.14,kplr009467404,Kepler-1323b,20,"(93, 112)","(0.008928571428571428, 0.010752688172043012)"
2461,7670943,K00269.01,Kepler-1713 b,CONFIRMED,Done,2018-08-16,CANDIDATE,1.0,0,0,0,0,q1_q17_dr25_sup_koi,CENT_SATURATED,18.01164974,5.122e-05,-5.122e-05,185.09162,0.00238,-0.00238,2455018.092,0.00238,-0.00238,0.0,,,,,,0.924,0.041,-0.669,6.7367,0.0596,-0.0596,,,,107.8,2.1,-2.1,0.011469,0.000247,-0.001659,0.03546,0.4497,-0.02463,LS+MCMC,1.83,0.07,-0.11,0.1469,,,83.74,,,900.0,,,155.37,23.54,-27.37,8.47,4.1,-4.1,Claret (2011 A&A 529 75) ATLAS LS,0.0,0.0,0.3168,0.2958,q1_q17_dr25_koi,6.8765807,38.87934,60.8,1,76.0,1.0,q1_q17_dr25_tce,11111111111111111000000000000000,0.2566,Mandel and Agol (2002 ApJ 580 171),,,007/007670/007670943/dv/kplr007670943-20160209194854_dvr.pdf,007/007670/007670943/dv/kplr007670943-001-20160209194854_dvs.pdf,6477.0,103.0,-116.0,4.224,0.033,-0.027,0.1,0.1,-0.15,1.459,0.058,-0.086,1.3,0.059,-0.072,,,,q1_q17_dr25_stellar,287.34573,43.378391,10.927,11.17,10.859,10.823,10.799,9.969,9.796,9.754,,19.1563778,8.1e-06,43.378482,8.1e-05,-0.16,0.32,0.33,0.29,,,-1e-06,3.1e-05,-0.34,0.63,0.01,0.48,0.34,0.63,-0.42,0.64,0.1,0.48,0.43,0.64,kplr007670943,Kepler-1713b,19,"(78, 93)","(0.010752688172043012, 0.01282051282051282)"
2476,12314973,K00279.01,Kepler-450 b,CONFIRMED,Done,2018-08-16,CANDIDATE,1.0,0,0,0,0,q1_q17_dr25_sup_koi,NO_COMMENT,28.45489091,2.486e-05,-2.486e-05,176.706265,0.00067,-0.00067,2455009.706,0.00067,-0.00067,0.0,,,,,,0.5,0.061,-0.352,8.1593,0.0576,-0.0576,,,,1418.6,6.7,-6.7,0.035375,0.001694,-0.000702,0.32991,0.16761,-0.01527,LS+MCMC,6.08,0.34,-0.43,0.1993,,,88.82,,,769.0,,,82.7,14.47,-14.61,24.17,6.1,-6.1,Claret (2011 A&A 529 75) ATLAS LS,0.0,0.0,0.3061,0.3279,q1_q17_dr25_koi,36.46606,193.47043,244.7,3,48.0,1.0,q1_q17_dr25_tce,11111111111111111000000000000000,0.4957,Mandel and Agol (2002 ApJ 580 171),,,012/012314/012314973/dv/kplr012314973-20160209194854_dvr.pdf,012/012314/012314973/dv/kplr012314973-001-20160209194854_dvs.pdf,6206.0,80.0,-74.0,4.159,0.048,-0.032,0.22,0.15,-0.2,1.573,0.089,-0.111,1.305,0.053,-0.093,,,,q1_q17_dr25_stellar,295.48651,51.0135,11.684,11.967,11.628,11.563,11.545,10.708,10.472,10.429,0.532,19.69910348,9.5e-07,51.013482,1.1e-05,0.094,0.032,-0.065,0.041,3.2e-05,5.2e-05,-2.6e-05,6.9e-05,0.081,0.086,0.02,0.12,0.084,0.097,0.215,0.085,0.13,0.13,0.25,0.11,kplr012314973,Kepler-450b,13,"(26, 31)","(0.03225806451612903, 0.038461538461538464)"
2504,6528464,K00270.01,Kepler-449 b,CONFIRMED,Done,2018-08-16,CANDIDATE,1.0,0,0,0,0,q1_q17_dr25_sup_koi,CENT_SATURATED,12.58229808,2.736e-05,-2.736e-05,175.02129,0.00166,-0.00166,2455008.021,0.00166,-0.00166,0.0,,,,,,0.044,0.367,-0.044,6.375,0.05,-0.05,,,,118.7,2.1,-2.1,0.009854,0.000244,-0.00015,0.42153,0.0172,-0.11759,LS+MCMC,1.53,0.05,-0.03,0.1027,,,89.83,,,917.0,,,167.41,24.38,-12.65,15.223,0.621,-0.621,Claret (2011 A&A 529 75) ATLAS LS,0.0,0.0,0.2427,0.4368,q1_q17_dr25_koi,11.052533,40.89956,62.1,2,106.0,1.0,q1_q17_dr25_tce,11111111111111111000000000000000,0.2984,Mandel and Agol (2002 ApJ 580 171),,,006/006528/006528464/dv/kplr006528464-20160209194854_dvr.pdf,006/006528/006528464/dv/kplr006528464-001-20160209194854_dvs.pdf,5587.0,100.0,-58.0,4.091,0.011,-0.011,-0.1,0.1,-0.1,1.423,0.047,-0.026,0.911,0.055,-0.026,,,,q1_q17_dr25_stellar,293.73282,41.900829,11.411,11.986,11.458,,,10.088,9.77,9.701,0.009,19.5821813,6.3e-06,41.9007,6.7e-05,-0.27,0.25,-0.47,0.24,-3.3e-05,2.9e-05,-3.8e-05,2.7e-05,0.19,0.39,-0.68,0.42,0.7,0.45,0.18,0.39,-1.21,0.42,1.23,0.43,kplr006528464,Kepler-449b,20,"(93, 112)","(0.008928571428571428, 0.010752688172043012)"
2514,5794570,K02675.01,Kepler-1312 b,CONFIRMED,Done,2018-08-16,CANDIDATE,1.0,0,0,0,0,q1_q17_dr25_sup_koi,NO_COMMENT,5.448321078,7.617e-06,-7.617e-06,132.49088,0.00113,-0.00113,2454965.491,0.00113,-0.00113,0.0,,,,,,0.614,0.3,-0.408,2.2213,0.0405,-0.0405,,,,529.4,10.5,-10.5,0.021984,0.003735,-0.001003,2.29696,2.15224,-0.05599,LS+MCMC,2.17,0.31,-0.11,0.0603,,,87.71,,,978.0,,,215.95,85.64,-37.56,15.33,7.2,-7.2,Claret (2011 A&A 529 75) ATLAS LS,0.0,0.0,0.2622,0.4035,q1_q17_dr25_koi,12.365793,93.57049,55.1,2,245.0,1.0,q1_q17_dr25_tce,11111111111111111000000000000000,0.5034,Mandel and Agol (2002 ApJ 580 171),,,005/005794/005794570/dv/kplr005794570-20160209194854_dvr.pdf,005/005794/005794570/dv/kplr005794570-001-20160209194854_dvs.pdf,5721.0,103.0,-126.0,4.517,0.028,-0.112,0.02,0.15,-0.15,0.905,0.127,-0.045,0.983,0.056,-0.07,,,,q1_q17_dr25_stellar,292.97125,41.03577,12.43,12.879,12.369,12.238,12.183,11.323,10.947,10.907,,19.5314187,1.8e-06,41.035801,1.8e-05,0.111,0.074,0.112,0.063,,,-3e-05,3.6e-05,-0.03,0.12,0.0,0.11,0.03,0.12,0.05,0.13,-0.05,0.1,0.07,0.12,kplr005794570,Kepler-1312b,16,"(45, 54)","(0.018518518518518517, 0.022222222222222223)"
2537,6878240,K02681.01,Kepler-397 c,CONFIRMED,Done,2018-08-16,CANDIDATE,1.0,0,0,0,0,q1_q17_dr25_sup_koi,NO_COMMENT,135.4978256,0.0003364,-0.0003364,233.6923,0.00209,-0.00209,2455066.692,0.00209,-0.00209,0.0,,,,,,0.804,0.012,-0.095,6.769,0.181,-0.181,,,,5038.1,77.2,-77.2,0.072673,0.001164,-0.002688,1.317,0.48769,-0.29817,LS+MCMC,6.01,0.41,-0.34,0.4756,,,89.58,,,295.0,,,1.8,0.42,-0.32,108.5,40.2,-40.2,Claret (2011 A&A 529 75) ATLAS LS,0.0,0.0,0.2175,0.4767,q1_q17_dr25_koi,27.842842,70.36768,73.2,2,10.0,1.0,q1_q17_dr25_tce,01111111111111111000000000000000,0.738,Mandel and Agol (2002 ApJ 580 171),,,006/006878/006878240/dv/kplr006878240-20160209194854_dvr.pdf,006/006878/006878240/dv/kplr006878240-001-20160209194854_dvs.pdf,5307.0,105.0,-105.0,4.572,0.041,-0.054,-0.28,0.15,-0.15,0.757,0.052,-0.042,0.782,0.047,-0.047,,,,q1_q17_dr25_stellar,295.8941,42.380451,15.996,16.655,15.922,15.713,15.58,14.587,14.123,13.9,0.0,19.7262789,3.5e-06,42.38079,5.4e-05,0.19,0.14,1.22,0.2,0.0023,0.0013,0.0065,0.0017,-0.192,0.076,0.159,0.088,0.249,0.088,-0.126,0.08,0.289,0.085,0.316,0.09,kplr006878240,Kepler-397c,9,"(12, 15)","(0.06666666666666667, 0.08333333333333333)"
2546,6528464,K00270.02,Kepler-449 c,CONFIRMED,Done,2018-08-16,CANDIDATE,0.797,0,0,0,0,q1_q17_dr25_sup_koi,CENT_SATURATED,33.67280658,9.037e-05,-9.037e-05,162.03676,0.00216,-0.00216,2454995.037,0.00216,-0.00216,0.0,,,,,,0.309,0.126,-0.309,8.2267,0.0666,-0.0666,,,,170.9,2.9,-2.9,0.011948,0.000198,-0.000272,0.45683,0.08841,-0.09177,LS+MCMC,1.86,0.06,-0.04,0.1979,,,89.41,,,661.0,,,45.09,6.56,-3.41,30.14,5.8,-5.8,Claret (2011 A&A 529 75) ATLAS LS,0.0,0.0,0.2427,0.4368,q1_q17_dr25_koi,9.500748,35.388733,61.2,2,36.0,2.0,q1_q17_dr25_tce,11111111111111111000000000000000,0.5309,Mandel and Agol (2002 ApJ 580 171),,,006/006528/006528464/dv/kplr006528464-20160209194854_dvr.pdf,006/006528/006528464/dv/kplr006528464-002-20160209194854_dvs.pdf,5587.0,100.0,-58.0,4.091,0.011,-0.011,-0.1,0.1,-0.1,1.423,0.047,-0.026,0.911,0.055,-0.026,,,,q1_q17_dr25_stellar,293.73282,41.900829,11.411,11.986,11.458,,,10.088,9.77,9.701,0.228,19.5821834,7.1e-06,41.900596,7.5e-05,-0.18,0.28,-0.84,0.27,-6.4e-05,4.8e-05,5e-06,4.6e-05,-1.22,0.4,0.99,0.31,1.57,0.42,-1.15,0.43,0.45,0.28,1.23,0.42,kplr006528464,Kepler-449c,19,"(78, 93)","(0.010752688172043012, 0.01282051282051282)"
2558,7826659,K02686.01,Kepler-1868 b,CONFIRMED,Done,2018-08-16,CANDIDATE,1.0,0,0,0,0,q1_q17_dr25_sup_koi,NO_COMMENT,211.032819,0.0006321,-0.0006321,279.12891,0.0021,-0.0021,2455112.129,0.0021,-0.0021,0.0,,,,,,0.808,0.044,-0.565,7.119,0.14,-0.14,,,,1953.4,31.5,-31.5,0.04577,0.00043,-0.005856,1.44584,4.07644,-0.43321,LS+MCMC,3.43,0.21,-0.13,0.6266,,,89.69,,,215.0,,,0.5,0.12,-0.07,150.4,70.7,-70.7,Claret (2011 A&A 529 75) ATLAS LS,0.0,0.0,0.1082,0.627,q1_q17_dr25_koi,29.364193,58.995075,69.3,1,7.0,1.0,q1_q17_dr25_tce,11111111111111111000000000000000,0.2677,Mandel and Agol (2002 ApJ 580 171),,,007/007826/007826659/dv/kplr007826659-20160209194854_dvr.pdf,007/007826/007826659/dv/kplr007826659-001-20160209194854_dvs.pdf,4658.0,93.0,-93.0,4.632,0.015,-0.042,0.0,0.15,-0.15,0.686,0.042,-0.025,0.743,0.032,-0.043,,,,q1_q17_dr25_stellar,293.29837,43.55587,13.855,14.756,13.787,13.469,13.306,12.224,11.69,11.559,0.076,19.5532291,4.5e-06,43.555797,4.5e-05,0.2,0.18,-0.26,0.16,-0.00018,0.00039,0.0004,0.00041,0.06,0.1,-0.05,0.16,0.08,0.13,0.13,0.12,-0.18,0.13,0.22,0.12,kplr007826659,Kepler-1868b,12,"(22, 26)","(0.038461538461538464, 0.045454545454545456)"
2572,10586004,K00275.01,Kepler-129 b,CONFIRMED,Done,2018-08-16,CANDIDATE,0.952,0,0,0,0,q1_q17_dr25_sup_koi,NO_COMMENT,15.79196594,3.514e-05,-3.514e-05,176.81888,0.00164,-0.00164,2455009.819,0.00164,-0.00164,0.0,,,,,,0.032,0.392,-0.032,7.2772,0.0483,-0.0483,,,,203.1,2.9,-2.9,0.012882,0.000338,-0.000129,0.35927,0.00723,-0.09749,LS+MCMC,2.4,0.11,-0.17,0.1328,,,89.89,,,910.0,,,161.97,25.89,-28.17,16.794,0.338,-0.338,Claret (2011 A&A 529 75) ATLAS LS,0.0,0.0,0.257,0.4213,q1_q17_dr25_koi,8.09955,48.02823,77.3,2,69.0,1.0,q1_q17_dr25_tce,11111110111011101000000000000000,0.6935,Mandel and Agol (2002 ApJ 580 171),,,010/010586/010586004/dv/kplr010586004-20160209194854_dvr.pdf,010/010586/010586004/dv/kplr010586004-001-20160209194854_dvs.pdf,5758.0,77.0,-68.0,4.072,0.033,-0.027,0.3,0.1,-0.1,1.704,0.083,-0.118,1.251,0.053,-0.141,,,,q1_q17_dr25_stellar,285.31125,47.848564,11.696,12.646,11.817,,,10.6,10.325,10.252,0.893,19.0207488,4.6e-06,47.848572,4.8e-05,-0.01,0.17,0.03,0.17,-1.3e-05,3.3e-05,1e-06,3.4e-05,0.4,0.22,0.09,0.28,0.41,0.22,0.43,0.23,0.01,0.24,0.43,0.24,kplr010586004,Kepler-129b,19,"(78, 93)","(0.010752688172043012, 0.01282051282051282)"
2576,6521045,K00041.01,Kepler-100 c,CONFIRMED,Done,2018-08-16,CANDIDATE,1.0,0,0,0,0,q1_q17_dr25_sup_koi,CENT_SATURATED,12.81590421,1.945e-05,-1.945e-05,122.94682,0.00119,-0.00119,2454955.947,0.00119,-0.00119,0.0,,,,,,0.58,0.005,-0.486,6.3856,0.0438,-0.0438,,,,220.5,2.2,-2.2,0.014067,0.001595,-0.000488,0.23998,0.14283,-0.19473,LS+MCMC,2.26,0.15,-0.12,0.109,,,87.4,,,939.0,,,183.68,35.61,-27.85,12.77,3.8,-3.8,Claret (2011 A&A 529 75) ATLAS LS,0.0,0.0,0.2638,0.4046,q1_q17_dr25_koi,11.34033,68.6452,106.7,3,104.0,1.0,q1_q17_dr25_tce,11111111111111111000000000000000,0.5103,Mandel and Agol (2002 ApJ 580 171),,,006/006521/006521045/dv/kplr006521045-20160209194854_dvr.pdf,006/006521/006521045/dv/kplr006521045-001-20160209194854_dvs.pdf,5788.0,78.0,-78.0,4.122,0.033,-0.027,0.1,0.15,-0.15,1.474,0.094,-0.079,1.05,0.126,-0.068,,,,q1_q17_dr25_stellar,291.38599,41.990269,11.197,11.585,11.125,11.03,10.992,10.081,9.804,9.768,0.0,19.4257284,3.5e-06,41.99039,4.3e-05,-0.14,0.14,0.43,0.16,0.000107,3.1e-05,-0.000128,3.5e-05,-0.78,0.19,1.24,0.6,1.46,0.58,-0.41,0.2,0.91,0.62,1.0,0.57,kplr006521045,Kepler-100c,18,"(65, 78)","(0.01282051282051282, 0.015384615384615385)"
2578,8892303,K02688.01,Kepler-1314 b,CONFIRMED,Done,2018-08-16,CANDIDATE,1.0,0,0,0,0,q1_q17_dr25_sup_koi,CENT_KIC_POS,5.424749327,3.898e-06,-3.898e-06,133.728952,0.000713,-0.000713,2454966.729,0.000713,-0.000713,0.0,,,,,,0.016,0.354,-0.016,1.139,0.0232,-0.0232,,,,7680.0,122.0,-122.0,0.079794,0.001772,-0.000732,38.98397,1.09697,-10.64407,LS+MCMC,5.15,0.37,-0.63,0.0504,,,89.98,,,625.0,,,36.05,11.41,-12.31,39.29,1.1,-1.1,Claret (2011 A&A 529 75) ATLAS LS,0.0,0.0,0.101,0.6443,q1_q17_dr25_koi,14.750029,75.22457,78.0,1,142.0,1.0,q1_q17_dr25_tce,00000111100111111000000000000000,0.0366,Mandel and Agol (2002 ApJ 580 171),,,008/008892/008892303/dv/kplr008892303-20160209194854_dvr.pdf,008/008892/008892303/dv/kplr008892303-001-20160209194854_dvs.pdf,4137.0,145.0,-160.0,4.658,0.063,-0.027,-0.22,0.3,-0.3,0.591,0.042,-0.072,0.58,0.065,-0.059,,,,q1_q17_dr25_stellar,294.23764,45.197105,16.406,17.233,16.375,16.05,,14.101,13.51,13.22,0.0,19.6158308,3.3e-06,45.196841,3.9e-05,-0.47,0.13,-0.95,0.14,-0.0017,0.0028,-0.0037,0.0038,0.301,0.076,0.483,0.077,0.57,0.077,-0.208,0.077,-0.661,0.09,0.693,0.092,kplr008892303,Kepler-1314b,9,"(12, 15)","(0.06666666666666667, 0.08333333333333333)"
2588,9451706,K00271.01,Kepler-127 d,CONFIRMED,Done,2018-08-16,CANDIDATE,0.999,0,0,0,0,q1_q17_dr25_sup_koi,CENT_SATURATED,48.6303805,0.0001619,-0.0001619,172.54736,0.00246,-0.00246,2455005.547,0.00246,-0.00246,0.0,,,,,,0.034,0.421,-0.034,7.0805,0.0889,-0.0889,,,,339.8,6.6,-6.6,0.016784,0.000496,-0.000255,1.21283,0.06117,-0.386,LS+MCMC,2.48,0.06,-0.06,0.2791,,,89.96,,,590.0,,,28.6,4.04,-2.96,53.32,2.7,-2.7,Claret (2011 A&A 529 75) ATLAS LS,0.0,0.0,0.2799,0.381,q1_q17_dr25_koi,15.083409,49.78439,53.9,3,25.0,2.0,q1_q17_dr25_tce,11111111111111111000000000000000,0.4591,Mandel and Agol (2002 ApJ 580 171),,,009/009451/009451706/dv/kplr009451706-20160209194854_dvr.pdf,009/009451/009451706/dv/kplr009451706-002-20160209194854_dvs.pdf,6075.0,122.0,-97.0,4.264,0.012,-0.012,0.32,0.1,-0.1,1.352,0.036,-0.03,1.225,0.055,-0.04,,,,q1_q17_dr25_stellar,285.19,46.027962,11.485,11.779,11.422,11.358,11.352,10.536,10.3,10.234,0.0,19.0126823,5.1e-06,46.028277,4.1e-05,0.61,0.19,1.14,0.15,-0.000242,6.7e-05,-0.000245,5.2e-05,1.2,0.43,1.16,0.27,1.66,0.4,1.17,0.35,1.6,0.27,1.98,0.33,kplr009451706,Kepler-127d,17,"(54, 65)","(0.015384615384615385, 0.018518518518518517)"
2616,9475552,K02694.01,Kepler-1315 b,CONFIRMED,Done,2018-08-16,CANDIDATE,1.0,0,0,0,0,q1_q17_dr25_sup_koi,NO_COMMENT,0.843379985,8.53e-07,-8.53e-07,131.966174,0.000836,-0.000836,2454964.966,0.000836,-0.000836,0.0,,,,,,0.696,0.052,-0.499,1.4474,0.0298,-0.0298,,,,343.3,7.5,-7.5,0.01815,0.002832,-0.001521,1.05377,1.21602,-0.8123,LS+MCMC,1.7,0.17,-0.18,0.0163,,,78.23,,,1541.0,,,1329.99,492.11,-372.04,3.41,1.3,-1.3,Claret (2011 A&A 529 75) ATLAS LS,0.0,0.0,0.0927,0.6563,q1_q17_dr25_koi,4.4263477,42.914257,53.6,2,1577.0,1.0,q1_q17_dr25_tce,11111111111111111000000000000000,0.9866,Mandel and Agol (2002 ApJ 580 171),,,009/009475/009475552/dv/kplr009475552-20160209194854_dvr.pdf,009/009475/009475552/dv/kplr009475552-001-20160209194854_dvs.pdf,4818.0,143.0,-129.0,4.481,0.078,-0.585,0.56,0.05,-0.3,0.856,0.089,-0.089,0.809,0.047,-0.042,,,,q1_q17_dr25_stellar,295.82144,46.053028,14.975,15.898,14.897,14.579,14.383,13.33,12.808,12.684,0.0,19.7214337,7.3e-06,46.052954,9.4e-05,0.16,0.27,-0.27,0.34,2.8e-05,6.9e-05,-0.00021,8.5e-05,-0.07,0.11,0.11,0.11,0.13,0.11,0.28,0.12,0.17,0.12,0.33,0.13,kplr009475552,Kepler-1315b,17,"(54, 65)","(0.015384615384615385, 0.018518518518518517)"
2630,9451706,K00271.02,Kepler-127 c,CONFIRMED,Done,2018-08-16,CANDIDATE,1.0,0,0,0,0,q1_q17_dr25_sup_koi,CENT_SATURATED,29.39337161,7.209e-05,-7.209e-05,209.06737,0.00189,-0.00189,2455042.067,0.00189,-0.00189,0.0,,,,,,0.512,0.356,-0.302,7.0445,0.0664,-0.0664,,,,327.0,4.9,-4.9,0.016963,0.002004,-0.000444,0.48118,0.27107,-0.04052,LS+MCMC,2.5,0.07,-0.05,0.1995,,,88.95,,,698.0,,,55.98,7.91,-5.79,28.01,7.9,-7.9,Claret (2011 A&A 529 75) ATLAS LS,0.0,0.0,0.2799,0.381,q1_q17_dr25_koi,14.800538,62.0339,69.7,3,48.0,1.0,q1_q17_dr25_tce,11111111111111111000000000000000,0.6088,Mandel and Agol (2002 ApJ 580 171),,,009/009451/009451706/dv/kplr009451706-20160209194854_dvr.pdf,009/009451/009451706/dv/kplr009451706-001-20160209194854_dvs.pdf,6075.0,122.0,-97.0,4.264,0.012,-0.012,0.32,0.1,-0.1,1.352,0.036,-0.03,1.225,0.055,-0.04,,,,q1_q17_dr25_stellar,285.19,46.027962,11.485,11.779,11.422,11.358,11.352,10.536,10.3,10.234,0.0,19.0126813,4e-06,46.028246,3.2e-05,0.57,0.15,1.03,0.11,-0.000214,4.9e-05,-0.000194,3.7e-05,1.14,0.3,1.01,0.26,1.53,0.33,1.14,0.32,1.28,0.29,1.72,0.37,kplr009451706,Kepler-127c,17,"(54, 65)","(0.015384615384615385, 0.018518518518518517)"
2638,5128673,K02698.01,Kepler-1316 b,CONFIRMED,Done,2018-08-16,CANDIDATE,0.95,0,0,0,0,q1_q17_dr25_sup_koi,NO_COMMENT,87.9724227,0.0005198,-0.0005198,168.29785,0.00481,-0.00481,2455001.298,0.00481,-0.00481,0.0,,,,,,0.015,0.37,-0.015,14.638,0.143,-0.143,,,,866.7,15.4,-15.4,0.026755,0.00061,-0.000293,0.25606,0.00298,-0.07948,LS+MCMC,3.39,0.52,-0.52,0.3859,,,89.98,,,446.0,,,9.37,4.02,-3.18,47.14,0.549,-0.549,Claret (2011 A&A 529 75) ATLAS LS,0.0,0.0,0.2622,0.4035,q1_q17_dr25_koi,14.090105,43.503696,64.6,1,15.0,1.0,q1_q17_dr25_tce,11111111111111111000000000000000,0.1362,Mandel and Agol (2002 ApJ 580 171),,,005/005128/005128673/dv/kplr005128673-20160209194854_dvr.pdf,005/005128/005128673/dv/kplr005128673-001-20160209194854_dvs.pdf,5837.0,105.0,-117.0,4.305,0.125,-0.112,0.0,0.15,-0.15,1.159,0.178,-0.178,0.988,0.082,-0.067,,,,q1_q17_dr25_stellar,298.83588,40.29314,14.0,14.478,13.94,13.796,13.715,12.807,12.488,12.442,0.835,19.9224027,6.6e-06,40.29293,7.1e-05,0.47,0.27,-0.76,0.26,-5e-05,0.00024,6e-05,0.00023,-0.36,0.27,0.16,0.25,0.4,0.31,-0.42,0.31,-0.11,0.26,0.43,0.3,kplr005128673,Kepler-1316b,15,"(37, 45)","(0.022222222222222223, 0.02702702702702703)"
2639,6690836,K02699.01,Kepler-1317 b,CONFIRMED,Done,2018-08-16,CANDIDATE,1.0,0,0,0,0,q1_q17_dr25_sup_koi,NO_COMMENT,0.568874717,5.7e-07,-5.7e-07,132.048771,0.000828,-0.000828,2454965.049,0.000828,-0.000828,0.0,,,,,,0.05,0.399,-0.05,1.2177,0.0304,-0.0304,,,,378.4,9.4,-9.4,0.017496,0.000585,-0.000385,2.902,0.15769,-0.9116,LS+MCMC,1.49,0.24,-0.11,0.0128,,,89.23,,,1796.0,,,2473.19,1305.74,-589.49,3.675,0.2,-0.2,Claret (2011 A&A 529 75) ATLAS LS,0.0,0.0,0.1914,0.5167,q1_q17_dr25_koi,6.3312945,32.66971,50.4,1,2342.0,1.0,q1_q17_dr25_tce,11111111111111111000000000000000,0.243,Mandel and Agol (2002 ApJ 580 171),,,006/006690/006690836/dv/kplr006690836-20160209194854_dvr.pdf,006/006690/006690836/dv/kplr006690836-001-20160209194854_dvs.pdf,5223.0,171.0,-155.0,4.593,0.028,-0.105,0.07,0.25,-0.3,0.78,0.124,-0.057,0.889,0.056,-0.096,,,,q1_q17_dr25_stellar,291.61188,42.115971,15.23,15.923,15.144,14.933,14.796,13.822,13.316,13.309,0.0,19.4407809,6.4e-06,42.116093,6.9e-05,-0.45,0.26,0.44,0.25,-2.5e-05,8.4e-05,-0.000171,8.2e-05,0.19,0.095,0.007,0.098,0.19,0.097,-0.003,0.097,0.116,0.088,0.116,0.088,kplr006690836,Kepler-1317b,17,"(54, 65)","(0.015384615384615385, 0.018518518518518517)"
2645,12024120,K00265.01,Kepler-507 b,CONFIRMED,Done,2018-08-16,CANDIDATE,0.999,0,0,0,0,q1_q17_dr25_sup_koi,NO_COMMENT,3.568099612,7.167e-06,-7.167e-06,169.74278,0.00166,-0.00166,2455002.743,0.00166,-0.00166,0.0,,,,,,0.531,0.026,-0.426,3.2131,0.0489,-0.0489,,,,98.4,2.2,-2.2,0.00935,0.001081,-0.000293,0.58177,0.28503,-0.36864,LS+MCMC,1.36,0.23,-0.23,0.0473,,,85.83,,,1407.0,,,926.89,449.44,-339.57,7.32,3.6,-3.6,Claret (2011 A&A 529 75) ATLAS LS,0.0,0.0,0.2891,0.3589,q1_q17_dr25_koi,5.676771,42.232918,52.5,1,371.0,1.0,q1_q17_dr25_tce,11111111111111111000000000000000,0.2728,Mandel and Agol (2002 ApJ 580 171),,,012/012024/012024120/dv/kplr012024120-20160209194854_dvr.pdf,012/012024/012024120/dv/kplr012024120-001-20160209194854_dvs.pdf,6007.0,121.0,-121.0,4.232,0.143,-0.117,0.08,0.15,-0.15,1.334,0.228,-0.228,1.107,0.102,-0.083,,,,q1_q17_dr25_stellar,297.01883,50.408981,11.994,12.313,11.929,11.857,11.833,10.985,10.731,10.665,,19.8012405,8.2e-06,50.409074,7.9e-05,-0.53,0.28,0.34,0.28,4.3e-05,2.7e-05,,,0.13,0.21,0.1,0.3,0.17,0.27,0.08,0.23,0.36,0.33,0.37,0.32,kplr012024120,Kepler-507b,20,"(93, 112)","(0.008928571428571428, 0.010752688172043012)"
2647,3642289,K00301.01,Kepler-135 b,CONFIRMED,Done,2018-08-16,CANDIDATE,1.0,0,0,0,0,q1_q17_dr25_sup_koi,NO_COMMENT,6.002548291,9.701e-06,-9.701e-06,171.71419,0.00128,-0.00128,2455004.714,0.00128,-0.00128,0.0,,,,,,0.914,0.095,-0.691,4.1628,0.0713,-0.0713,,,,202.0,3.1,-3.1,0.015656,0.001105,-0.002502,0.06421,0.6423,-0.09684,LS+MCMC,2.33,0.38,-0.29,0.0697,,,79.39,,,1209.0,,,504.79,234.03,-148.72,4.96,2.4,-2.4,Claret (2011 A&A 529 75) ATLAS LS,0.0,0.0,0.3016,0.3403,q1_q17_dr25_koi,6.849668,55.505367,71.6,2,223.0,1.0,q1_q17_dr25_tce,11111111111111111000000000000000,0.5036,Mandel and Agol (2002 ApJ 580 171),,,003/003642/003642289/dv/kplr003642289-20160209194854_dvr.pdf,003/003642/003642289/dv/kplr003642289-001-20160209194854_dvs.pdf,6204.0,111.0,-136.0,4.269,0.084,-0.116,0.26,0.15,-0.15,1.36,0.228,-0.166,1.257,0.087,-0.097,,,,q1_q17_dr25_stellar,290.49512,38.795479,12.73,13.066,12.673,12.586,12.587,11.722,11.508,11.456,0.224,19.3663438,4.3e-06,38.795444,6.5e-05,0.08,0.18,-0.13,0.23,-3.9e-05,3.6e-05,2e-05,4.7e-05,-0.29,0.25,-0.33,0.21,0.44,0.26,-0.38,0.26,-0.34,0.2,0.51,0.26,kplr003642289,Kepler-135b,17,"(54, 65)","(0.015384615384615385, 0.018518518518518517)"
2649,3662838,K00302.01,Kepler-516 b,CONFIRMED,Done,2018-08-16,CANDIDATE,1.0,0,0,0,0,q1_q17_dr25_sup_koi,NO_COMMENT,24.85466504,5.637e-05,-5.637e-05,173.99971,0.00183,-0.00183,2455007.0,0.00183,-0.00183,0.0,,,,,,0.746,0.009,-0.537,9.182,0.11,-0.11,,,,776.2,9.7,-9.7,0.027585,0.001177,-0.001553,0.09592,0.16243,-0.01539,LS+MCMC,7.61,1.38,-2.56,0.1992,,,87.08,,,1095.0,,,339.33,181.21,-208.74,14.63,6.2,-6.2,Claret (2011 A&A 529 75) ATLAS LS,0.0,0.0,0.3299,0.2544,q1_q17_dr25_koi,15.342661,75.028145,88.0,2,42.0,1.0,q1_q17_dr25_tce,11111011101110111000000000000000,0.0103,Mandel and Agol (2002 ApJ 580 171),,,003/003662/003662838/dv/kplr003662838-20160209194854_dvr.pdf,003/003662/003662838/dv/kplr003662838-001-20160209194854_dvs.pdf,6967.0,167.0,-229.0,3.864,0.259,-0.111,-0.02,0.25,-0.35,2.527,0.458,-0.851,1.7,0.149,-0.349,,,,q1_q17_dr25_stellar,295.6088,38.735741,12.059,12.255,11.994,11.969,11.971,11.18,11.053,10.987,0.013,19.7072478,1.6e-06,38.735721,2.4e-05,-0.175,0.069,-0.067,0.085,0.00011,5.5e-05,1.5e-05,6.8e-05,0.19,0.13,-0.05,0.12,0.2,0.13,0.13,0.14,-0.13,0.12,0.18,0.13,kplr003662838,Kepler-516b,14,"(31, 37)","(0.02702702702702703, 0.03225806451612903)"
2650,5966322,K00303.01,Kepler-517 b,CONFIRMED,Done,2018-08-16,CANDIDATE,0.995,0,0,0,0,q1_q17_dr25_sup_koi,CENT_KIC_POS,60.92818866,7.966e-05,-7.966e-05,173.37212,0.00109,-0.00109,2455006.372,0.00109,-0.00109,0.0,,,,,,0.009,0.412,-0.009,6.3336,0.0501,-0.0501,,,,755.6,7.3,-7.3,0.024899,0.000574,-0.000221,2.17742,0.02434,-0.85134,LS+MCMC,2.78,0.39,-0.38,0.2897,,,89.99,,,467.0,,,11.28,4.55,-3.5,75.319,0.842,-0.842,Claret (2011 A&A 529 75) ATLAS LS,0.0,0.0,0.2676,0.3928,q1_q17_dr25_koi,23.442305,81.35702,120.1,1,21.0,1.0,q1_q17_dr25_tce,11111111111111111000000000000000,0.2348,Mandel and Agol (2002 ApJ 580 171),,,005/005966/005966322/dv/kplr005966322-20160209194854_dvr.pdf,005/005966/005966322/dv/kplr005966322-001-20160209194854_dvs.pdf,5638.0,113.0,-101.0,4.359,0.132,-0.096,-0.12,0.15,-0.15,1.023,0.142,-0.142,0.871,0.071,-0.043,,,,q1_q17_dr25_stellar,293.67532,41.295361,12.193,12.655,12.148,11.994,11.947,11.02,10.667,10.631,0.0,19.5783653,2.1e-06,41.295284,2.8e-05,0.459,0.087,-0.273,0.1,-0.0001,6.7e-05,0.000666,7.8e-05,0.0,0.1,0.04,0.13,0.04,0.13,0.4,0.11,-0.16,0.11,0.43,0.11,kplr005966322,Kepler-517b,15,"(37, 45)","(0.022222222222222223, 0.02702702702702703)"
2651,6029239,K00304.01,Kepler-518 b,CONFIRMED,Done,2018-08-16,CANDIDATE,1.0,0,0,0,0,q1_q17_dr25_sup_koi,NO_COMMENT,8.512037736,6.475e-06,-6.475e-06,174.909816,0.0006,-0.0006,2455007.91,0.0006,-0.0006,0.0,,,,,,0.005,0.409,-0.005,2.1861,0.0221,-0.0221,,,,597.8,6.5,-6.5,0.022246,0.000489,-0.000218,7.34476,0.01224,-2.37084,LS+MCMC,2.14,0.3,-0.11,0.081,,,89.99,,,839.0,,,117.11,44.92,-20.35,30.4132,0.0507,-0.0507,Claret (2011 A&A 529 75) ATLAS LS,0.0,0.0,0.2676,0.3928,q1_q17_dr25_koi,14.723325,116.80596,102.2,2,158.0,1.0,q1_q17_dr25_tce,11111111111111111000000000000000,0.8863,Mandel and Agol (2002 ApJ 580 171),,,006/006029/006029239/dv/kplr006029239-20160209194854_dvr.pdf,006/006029/006029239/dv/kplr006029239-001-20160209194854_dvs.pdf,5767.0,92.0,-126.0,4.538,0.021,-0.119,-0.06,0.15,-0.15,0.881,0.123,-0.044,0.979,0.048,-0.089,,,,q1_q17_dr25_stellar,287.08997,41.373878,12.549,12.951,12.499,12.377,12.33,11.472,11.192,11.109,0.008,19.1393328,1.7e-06,41.373801,1.9e-05,0.06,0.067,-0.286,0.067,6.3e-05,4.1e-05,4.6e-05,4.2e-05,0.0,0.12,0.084,0.098,0.084,0.098,0.03,0.12,-0.187,0.099,0.19,0.1,kplr006029239,Kepler-518b,16,"(45, 54)","(0.018518518518518517, 0.022222222222222223)"
2655,12404954,K00361.01,Kepler-537 b,CONFIRMED,Done,2018-08-16,CANDIDATE,1.0,0,0,0,0,q1_q17_dr25_sup_koi,NO_COMMENT,3.247548814,5.908e-06,-5.908e-06,171.27807,0.00131,-0.00131,2455004.278,0.00131,-0.00131,0.0,,,,,,0.31,0.143,-0.31,2.5146,0.0444,-0.0444,,,,209.7,4.7,-4.7,0.013203,0.000294,-0.000342,1.55681,0.37324,-0.30959,LS+MCMC,1.41,0.2,-0.07,0.0442,,,88.14,,,1181.0,,,460.67,186.5,-78.75,9.54,2.3,-2.3,Claret (2011 A&A 529 75) ATLAS LS,0.0,0.0,0.2514,0.4282,q1_q17_dr25_koi,5.9288654,38.281807,51.6,1,417.0,1.0,q1_q17_dr25_tce,11111111111111111000000000000000,0.828,Mandel and Agol (2002 ApJ 580 171),,,012/012404/012404954/dv/kplr012404954-20160209194854_dvr.pdf,012/012404/012404954/dv/kplr012404954-001-20160209194854_dvs.pdf,5703.0,103.0,-125.0,4.498,0.021,-0.119,0.36,0.1,-0.15,0.975,0.14,-0.047,1.091,0.04,-0.086,,,,q1_q17_dr25_stellar,289.88065,51.277081,13.1,13.532,13.049,12.914,12.887,12.007,11.706,11.623,0.934,19.3253777,6.7e-06,51.277098,7.5e-05,0.06,0.23,0.06,0.27,-6e-06,4.7e-05,-1.1e-05,5.6e-05,-0.08,0.15,0.24,0.17,0.26,0.17,-0.21,0.15,-0.01,0.17,0.21,0.15,kplr012404954,Kepler-537b,18,"(65, 78)","(0.01282051282051282, 0.015384615384615385)"
2667,6196457,K00285.01,Kepler-92 b,CONFIRMED,Done,2018-08-16,CANDIDATE,1.0,0,0,0,0,q1_q17_dr25_sup_koi,NO_COMMENT,13.74883059,1.295e-05,-1.295e-05,179.279158,0.000738,-0.000738,2455012.279,0.000738,-0.000738,0.0,,,,,,0.658,0.153,-0.433,6.0968,0.0425,-0.0425,,,,425.9,2.9,-2.9,0.019908,0.001248,-0.000949,0.24298,0.25217,-0.12799,LS+MCMC,3.63,0.26,-0.18,0.1174,,,87.19,,,975.0,,,213.84,47.92,-30.83,13.44,4.6,-4.6,Claret (2011 A&A 529 75) ATLAS LS,0.0,0.0,0.26,0.4133,q1_q17_dr25_koi,15.991425,114.88917,167.6,3,98.0,1.0,q1_q17_dr25_tce,11111111111111111000000000000000,0.8938,Mandel and Agol (2002 ApJ 580 171),,,006/006196/006196457/dv/kplr006196457-20160209194854_dvr.pdf,006/006196/006196457/dv/kplr006196457-001-20160209194854_dvs.pdf,5862.0,97.0,-80.0,4.05,0.033,-0.027,0.16,0.15,-0.1,1.67,0.118,-0.082,1.142,0.16,-0.053,,,,q1_q17_dr25_stellar,289.08606,41.562958,11.565,12.481,11.679,,,10.747,10.47,10.403,0.159,19.2724062,1.8e-06,41.563002,1.7e-05,0.097,0.073,0.156,0.062,0.0,3.1e-05,2.6e-05,2.7e-05,0.02,0.14,0.06,0.18,0.06,0.2,0.1,0.13,0.26,0.18,0.28,0.2,kplr006196457,Kepler-92b,16,"(45, 54)","(0.018518518518518517, 0.022222222222222223)"
2670,6063220,K00305.01,Kepler-99 b,CONFIRMED,Done,2018-08-16,CANDIDATE,1.0,0,0,0,0,q1_q17_dr25_sup_koi,NO_COMMENT,4.603575293,4.668e-06,-4.668e-06,171.840124,0.000813,-0.000813,2455004.84,0.000813,-0.000813,0.0,,,,,,0.246,0.189,-0.246,2.3499,0.0261,-0.0261,,,,440.4,6.3,-6.3,0.018677,0.000447,-0.000412,2.89884,0.32353,-0.70121,LS+MCMC,1.51,0.08,-0.06,0.0503,,,89.05,,,810.0,,,101.65,20.2,-15.28,14.81,1.7,-1.7,Claret (2011 A&A 529 75) ATLAS LS,0.0,0.0,0.1017,0.6385,q1_q17_dr25_koi,10.378082,84.00717,79.7,1,291.0,1.0,q1_q17_dr25_tce,11111111111111111000000000000000,0.9048,Mandel and Agol (2002 ApJ 580 171),,,006/006063/006063220/dv/kplr006063220-20160209194854_dvr.pdf,006/006063/006063220/dv/kplr006063220-001-20160209194854_dvs.pdf,4783.0,95.0,-95.0,4.602,0.014,-0.046,0.18,0.15,-0.15,0.741,0.039,-0.03,0.805,0.029,-0.046,,,,q1_q17_dr25_stellar,297.354,41.300049,12.97,13.819,12.898,12.606,12.441,11.368,10.852,10.757,0.0,19.8236117,2.8e-06,41.300256,3.5e-05,0.47,0.11,0.74,0.13,0.000168,5e-05,8.8e-05,5.5e-05,-0.097,0.084,0.1,0.12,0.139,0.1,0.04,0.14,0.08,0.12,0.09,0.13,kplr006063220,Kepler-99b,17,"(54, 65)","(0.015384615384615385, 0.018518518518518517)"
2673,10905239,K00046.01,Kepler-101 b,CONFIRMED,Done,2018-08-16,CANDIDATE,1.0,0,0,0,0,q1_q17_dr25_sup_koi,NO_COMMENT,3.487688776,1.105e-06,-1.105e-06,170.932217,0.000253,-0.000253,2455003.932,0.000253,-0.000253,0.0,,,,,,0.026,0.205,-0.026,3.83661,0.00947,-0.00947,,,,1298.8,4.1,-4.1,0.032422,0.000231,-8e-05,0.57862,0.00023,-0.06363,LS+MCMC,5.64,0.83,-1.35,0.0461,,,89.79,,,1445.0,,,1033.07,439.91,-478.15,7.19235,0.00286,-0.00286,Claret (2011 A&A 529 75) ATLAS LS,0.0,0.0,0.2245,0.4725,q1_q17_dr25_koi,23.269213,320.42297,350.6,2,386.0,1.0,q1_q17_dr25_tce,11111111111111111000000000000000,0.8649,Mandel and Agol (2002 ApJ 580 171),,,010/010905/010905239/dv/kplr010905239-20160209194854_dvr.pdf,010/010905/010905239/dv/kplr010905239-001-20160209194854_dvs.pdf,5576.0,112.0,-101.0,4.065,0.196,-0.084,0.3,0.15,-0.15,1.593,0.235,-0.382,1.074,0.108,-0.097,,,,q1_q17_dr25_stellar,283.25549,48.355232,13.77,14.406,13.72,13.497,,12.403,12.112,12.011,0.005,18.8836982,1.5e-06,48.355286,1.2e-05,-0.055,0.052,0.194,0.042,-0.000107,6.9e-05,-7.7e-05,5.8e-05,0.009,0.071,0.033,0.069,0.034,0.069,0.027,0.071,0.129,0.071,0.132,0.071,kplr010905239,Kepler-101b,14,"(31, 37)","(0.02702702702702703, 0.03225806451612903)"
2674,11623629,K00365.01,Kepler-538 b,CONFIRMED,Done,2018-08-16,CANDIDATE,0.755,0,0,0,0,q1_q17_dr25_sup_koi,CENT_SATURATED,81.737872,0.0001024,-0.0001024,211.678818,0.000908,-0.000908,2455044.679,0.000908,-0.000908,0.0,,,,,,0.02,0.347,-0.02,6.6923,0.0402,-0.0402,,,,628.8,5.1,-5.1,0.022652,0.000403,-0.000168,2.4586,0.02656,-0.52985,LS+MCMC,2.16,0.25,-0.15,0.3539,,,89.99,,,385.0,,,5.2,1.79,-1.03,95.4,1.0,-1.0,Claret (2011 A&A 529 75) ATLAS LS,0.0,0.0,0.2396,0.4415,q1_q17_dr25_koi,29.568699,86.0518,135.4,2,16.0,1.0,q1_q17_dr25_tce,11111111111111111000000000000000,0.1322,Mandel and Agol (2002 ApJ 580 171),,,011/011623/011623629/dv/kplr011623629-20160209194854_dvr.pdf,011/011623/011623629/dv/kplr011623629-001-20160209194854_dvs.pdf,5559.0,110.0,-110.0,4.502,0.052,-0.09,-0.1,0.15,-0.15,0.873,0.1,-0.059,0.882,0.055,-0.055,,,,q1_q17_dr25_stellar,297.48691,49.623451,11.195,11.67,11.15,10.992,10.947,10.026,9.67,9.645,0.004,19.8324403,3.2e-06,49.623446,3.4e-05,-0.69,0.11,-0.02,0.12,-4.6e-05,7.3e-05,-0.00014,8e-05,0.71,0.21,0.5,0.18,0.86,0.24,0.08,0.22,0.43,0.17,0.44,0.19,kplr011623629,Kepler-538b,15,"(37, 45)","(0.022222222222222223, 0.02702702702702703)"
2676,4815520,K00367.01,Kepler-1656 b,CONFIRMED,Done,2018-08-16,CANDIDATE,0.998,0,0,0,0,q1_q17_dr25_sup_koi,CENT_SATURATED,31.578651216,7.277e-06,-7.277e-06,177.206237,0.000178,-0.000178,2455010.206,0.000178,-0.000178,0.0,,,,,,0.04,0.259,-0.04,2.12791,0.00922,-0.00922,,,,2125.4,8.0,-8.0,0.041835,0.00045,-0.000136,31.19023,0.0307,-5.80841,LS+MCMC,4.52,0.68,-0.36,0.1949,,,89.98,,,570.0,,,24.94,10.54,-5.5,118.027,0.116,-0.116,Claret (2011 A&A 529 75) ATLAS LS,0.0,0.0,0.2602,0.4096,q1_q17_dr25_koi,68.62178,289.96722,324.3,1,33.0,1.0,q1_q17_dr25_tce,11110111011101110000000000000000,0.7309,Mandel and Agol (2002 ApJ 580 171),,,004/004815/004815520/dv/kplr004815520-20160209194854_dvr.pdf,004/004815/004815520/dv/kplr004815520-001-20160209194854_dvs.pdf,5733.0,104.0,-115.0,4.442,0.063,-0.117,0.08,0.15,-0.15,0.99,0.149,-0.08,0.987,0.062,-0.068,,,,q1_q17_dr25_stellar,284.47217,39.911812,11.105,11.529,11.053,10.924,10.888,10.046,9.715,9.64,0.176,18.96481721,9.4e-07,39.9119034,9.9e-06,0.245,0.039,0.336,0.035,-0.00012,9.4e-05,0.0,9.5e-05,-0.29,0.11,-0.36,0.1,0.46,0.13,-0.18,0.1,-0.095,0.098,0.21,0.12,kplr004815520,Kepler-1656b,12,"(22, 26)","(0.038461538461538464, 0.045454545454545456)"
2691,6291837,K00308.01,Kepler-1715 b,CONFIRMED,Done,2018-08-16,CANDIDATE,1.0,0,0,0,0,q1_q17_dr25_sup_koi,NO_COMMENT,35.5969684,0.0001131,-0.0001131,187.52765,0.00254,-0.00254,2455020.528,0.00254,-0.00254,0.0,,,,,,0.895,0.035,-0.612,6.691,0.215,-0.215,,,,684.5,14.8,-14.8,0.028165,0.001167,-0.003578,0.13057,1.0656,-0.06289,LS+MCMC,3.72,0.64,-0.43,0.2178,,,87.51,,,646.0,,,41.06,19.66,-11.68,20.6,9.9,-9.9,Claret (2011 A&A 529 75) ATLAS LS,0.0,0.0,0.3029,0.3239,q1_q17_dr25_koi,16.114061,73.07374,52.5,1,38.0,1.0,q1_q17_dr25_tce,11111111111111111000000000000000,0.4782,Mandel and Agol (2002 ApJ 580 171),,,006/006291/006291837/dv/kplr006291837-20160209194854_dvr.pdf,006/006291/006291837/dv/kplr006291837-001-20160209194854_dvs.pdf,6212.0,111.0,-136.0,4.309,0.095,-0.116,-0.04,0.15,-0.15,1.209,0.21,-0.14,1.082,0.103,-0.066,,,,q1_q17_dr25_stellar,293.92972,41.602871,12.351,12.692,12.319,12.205,12.175,11.338,11.08,11.041,0.008,19.5953113,2.1e-06,41.60295,2.1e-05,-0.131,0.086,0.287,0.075,0.000121,5.7e-05,-2.2e-05,5.2e-05,-0.07,0.13,0.0,0.15,0.07,0.12,-0.01,0.12,0.12,0.14,0.12,0.14,kplr006291837,Kepler-1715b,14,"(31, 37)","(0.02702702702702703, 0.03225806451612903)"
2694,7050989,K00312.01,Kepler-136 b,CONFIRMED,Done,2018-08-16,CANDIDATE,1.0,0,0,0,0,q1_q17_dr25_sup_koi,NO_COMMENT,11.57890926,1.793e-05,-1.793e-05,175.58603,0.00129,-0.00129,2455008.586,0.00129,-0.00129,0.0,,,,,,0.359,0.091,-0.359,2.7207,0.039,-0.039,,,,243.4,4.9,-4.9,0.014458,0.000225,-0.000368,4.1443,1.28144,-0.56553,LS+MCMC,2.06,0.36,-0.27,0.1062,,,89.33,,,951.0,,,193.48,93.81,-59.93,30.85,9.5,-9.5,Claret (2011 A&A 529 75) ATLAS LS,0.0,0.0,0.3024,0.3288,q1_q17_dr25_koi,8.809991,56.45943,54.8,2,119.0,1.0,q1_q17_dr25_tce,11111111111111111000000000000000,0.7239,Mandel and Agol (2002 ApJ 580 171),,,007/007050/007050989/dv/kplr007050989-20160209194854_dvr.pdf,007/007050/007050989/dv/kplr007050989-001-20160209194854_dvs.pdf,6156.0,111.0,-136.0,4.284,0.099,-0.121,0.14,0.15,-0.15,1.303,0.229,-0.171,1.193,0.086,-0.097,,,,q1_q17_dr25_stellar,296.46732,42.598785,12.459,12.512,12.404,,,10.804,10.573,10.519,0.374,19.7644876,3.4e-06,42.59885,3.5e-05,-0.01,0.13,0.23,0.13,-1e-06,3e-05,-2.2e-05,2.9e-05,0.23,0.32,-0.06,0.24,0.24,0.29,0.26,0.34,0.08,0.23,0.27,0.36,kplr007050989,Kepler-136b,18,"(65, 78)","(0.01282051282051282, 0.015384615384615385)"
2696,8494142,K00370.01,Kepler-145 c,CONFIRMED,Done,2018-08-16,CANDIDATE,0.999,0,0,0,0,q1_q17_dr25_sup_koi,NO_COMMENT,42.88247951,8.066e-05,-8.066e-05,203.6483,0.00141,-0.00141,2455036.648,0.00141,-0.00141,0.0,,,,,,0.391,0.034,-0.378,9.7471,0.0554,-0.0554,,,,408.9,4.0,-4.0,0.018777,0.00174,-0.000245,0.32522,0.08581,-0.07034,LS+MCMC,3.61,0.25,-0.16,0.2578,,,89.29,,,709.0,,,59.6,12.71,-9.19,31.62,8.3,-8.3,Claret (2011 A&A 529 75) ATLAS LS,0.0,0.0,0.3052,0.3236,q1_q17_dr25_koi,16.804392,68.83558,112.2,2,33.0,1.0,q1_q17_dr25_tce,11111111111111111000000000000000,0.3974,Mandel and Agol (2002 ApJ 580 171),,,008/008494/008494142/dv/kplr008494142-20160209194854_dvr.pdf,008/008494/008494142/dv/kplr008494142-001-20160209194854_dvs.pdf,6143.0,97.0,-110.0,4.039,0.03,-0.03,0.12,0.1,-0.1,1.763,0.119,-0.082,1.24,0.128,-0.064,,,,q1_q17_dr25_stellar,291.38776,44.52911,11.931,12.239,11.897,11.799,11.759,10.913,10.693,10.628,0.618,19.4258519,3.1e-06,44.529083,3.7e-05,0.02,0.12,-0.1,0.13,2e-05,4.9e-05,-2.3e-05,5.5e-05,0.13,0.25,0.16,0.21,0.21,0.28,0.16,0.23,-0.01,0.2,0.16,0.23,kplr008494142,Kepler-145c,16,"(45, 54)","(0.018518518518518517, 0.022222222222222223)"
2700,6471021,K00372.01,Kepler-539 b,CONFIRMED,Done,2018-08-16,CANDIDATE,0.006,0,0,0,0,q1_q17_dr25_sup_koi,INCONSISTENT_TRANS,125.6291479,0.0002405,-0.0002405,253.35079,0.00143,-0.00143,2455086.351,0.00143,-0.00143,0.0,,,,,,0.471,0.084,-0.261,9.108,0.103,-0.103,,,,7841.6,61.1,-61.1,0.082594,7.6e-05,-0.002247,1.29955,0.39943,-0.51014,LS+MCMC,10.02,1.47,-1.33,0.4865,,,89.74,,,388.0,,,5.35,2.03,-1.56,102.7,31.6,-31.6,Claret (2011 A&A 529 75) ATLAS LS,0.0,0.0,0.2622,0.4035,q1_q17_dr25_koi,94.528404,104.77356,150.4,1,11.0,1.0,q1_q17_dr25_tce,11111111111111111000000000000000,-1.0,Mandel and Agol (2002 ApJ 580 171),,,006/006471/006471021/dv/kplr006471021-20160209194854_dvr.pdf,006/006471/006471021/dv/kplr006471021-001-20160209194854_dvs.pdf,5819.0,69.0,-87.0,4.334,0.132,-0.108,-0.02,0.15,-0.15,1.111,0.163,-0.148,0.972,0.073,-0.051,,,,q1_q17_dr25_stellar,299.12244,41.86676,12.391,12.818,12.352,12.208,12.165,11.294,10.964,10.915,0.0,19.94149627,5.2e-07,41.8668226,5.3e-06,-0.017,0.021,0.225,0.019,-0.00048,0.00069,0.00075,0.00091,-0.081,0.09,0.011,0.078,0.082,0.09,-0.156,0.096,0.083,0.078,0.18,0.1,kplr006471021,Kepler-539b,9,"(12, 15)","(0.06666666666666667, 0.08333333333333333)"
2711,6196457,K00285.02,Kepler-92 c,CONFIRMED,Done,2018-08-16,CANDIDATE,0.976,0,0,0,0,q1_q17_dr25_sup_koi,NO_COMMENT,26.723169,7.883e-05,-7.883e-05,147.93696,0.00232,-0.00232,2454980.937,0.00232,-0.00232,0.0,,,,,,0.035,0.374,-0.035,8.501,0.0688,-0.0688,,,,195.0,3.1,-3.1,0.012689,0.000304,-0.000145,0.38065,0.00023,-0.12626,LS+MCMC,2.31,0.17,-0.11,0.1829,,,89.92,,,781.0,,,88.1,19.75,-12.7,24.3117,0.0147,-0.0147,Claret (2011 A&A 529 75) ATLAS LS,0.0,0.0,0.26,0.4133,q1_q17_dr25_koi,9.11644,39.584602,67.5,3,51.0,2.0,q1_q17_dr25_tce,11111111111111111000000000000000,0.079,Mandel and Agol (2002 ApJ 580 171),,,006/006196/006196457/dv/kplr006196457-20160209194854_dvr.pdf,006/006196/006196457/dv/kplr006196457-002-20160209194854_dvs.pdf,5862.0,97.0,-80.0,4.05,0.033,-0.027,0.16,0.15,-0.1,1.67,0.118,-0.082,1.142,0.16,-0.053,,,,q1_q17_dr25_stellar,289.08606,41.562958,11.565,12.481,11.679,,,10.747,10.47,10.403,0.011,19.2724136,4.8e-06,41.563064,4.5e-05,0.4,0.19,0.38,0.16,-6e-05,3.9e-05,-3.2e-05,3.3e-05,-0.14,0.26,-0.53,0.46,0.54,0.49,-0.03,0.27,-0.44,0.48,0.44,0.49,kplr006196457,Kepler-92c,19,"(78, 93)","(0.010752688172043012, 0.01282051282051282)"
2713,7419318,K00313.01,Kepler-137 c,CONFIRMED,Done,2018-08-16,CANDIDATE,1.0,0,0,0,0,q1_q17_dr25_sup_koi,NO_COMMENT,18.73577127,2.211e-05,-2.211e-05,177.634372,0.000931,-0.000931,2455010.634,0.000931,-0.000931,0.0,,,,,,0.785,0.059,-0.544,3.0356,0.0357,-0.0357,,,,567.2,7.7,-7.7,0.024162,2e-05,-0.002357,1.60704,3.73134,-0.19113,LS+MCMC,2.1,0.14,-0.12,0.1289,,,88.55,,,568.0,,,24.66,5.7,-4.29,31.0,14.4,-14.4,Claret (2011 A&A 529 75) ATLAS LS,0.0,0.0,0.1959,0.5086,q1_q17_dr25_koi,16.081392,70.01182,81.8,2,73.0,1.0,q1_q17_dr25_tce,11111111111111111000000000000000,0.3123,Mandel and Agol (2002 ApJ 580 171),,,007/007419/007419318/dv/kplr007419318-20160209194854_dvr.pdf,007/007419/007419318/dv/kplr007419318-001-20160209194854_dvs.pdf,5188.0,103.0,-103.0,4.547,0.04,-0.05,-0.04,0.15,-0.15,0.795,0.053,-0.043,0.814,0.046,-0.046,,,,q1_q17_dr25_stellar,282.13553,43.039101,12.99,13.582,12.918,12.736,12.653,11.65,11.229,11.165,0.734,18.8090294,4.3e-06,43.039182,4.4e-05,-0.26,0.17,0.29,0.16,3.2e-05,9.6e-05,-3e-05,9.1e-05,-0.07,0.14,0.03,0.16,0.08,0.17,-0.01,0.14,0.21,0.15,0.21,0.15,kplr007419318,Kepler-137c,15,"(37, 45)","(0.022222222222222223, 0.02702702702702703)"
2714,7419318,K00313.02,Kepler-137 b,CONFIRMED,Done,2018-08-16,CANDIDATE,1.0,0,0,0,0,q1_q17_dr25_sup_koi,NO_COMMENT,8.43639829,1.086e-05,-1.086e-05,179.88704,0.00103,-0.00103,2455012.887,0.00103,-0.00103,0.0,,,,,,0.51,0.027,-0.415,3.2451,0.0345,-0.0345,,,,345.5,5.1,-5.1,0.017275,0.001681,-0.000554,1.42401,0.61936,-0.78736,LS+MCMC,1.5,0.1,-0.08,0.0757,,,88.33,,,742.0,,,71.51,16.51,-12.46,17.5,7.6,-7.6,Claret (2011 A&A 529 75) ATLAS LS,0.0,0.0,0.1959,0.5086,q1_q17_dr25_koi,8.960389,61.167633,76.8,2,156.0,2.0,q1_q17_dr25_tce,11111111111111111000000000000000,0.0241,Mandel and Agol (2002 ApJ 580 171),,,007/007419/007419318/dv/kplr007419318-20160209194854_dvr.pdf,007/007419/007419318/dv/kplr007419318-002-20160209194854_dvs.pdf,5188.0,103.0,-103.0,4.547,0.04,-0.05,-0.04,0.15,-0.15,0.795,0.053,-0.043,0.814,0.046,-0.046,,,,q1_q17_dr25_stellar,282.13553,43.039101,12.99,13.582,12.918,12.736,12.653,11.65,11.229,11.165,0.743,18.8090282,4.7e-06,43.039164,4.8e-05,-0.31,0.19,0.23,0.17,3.5e-05,6.3e-05,3e-06,5.9e-05,0.02,0.13,0.01,0.14,0.02,0.13,0.07,0.15,0.27,0.17,0.28,0.16,kplr007419318,Kepler-137b,17,"(54, 65)","(0.015384615384615385, 0.018518518518518517)"
2715,7603200,K00314.01,Kepler-138 c,CONFIRMED,Done,2018-08-16,CANDIDATE,1.0,0,0,0,0,q1_q17_dr25_sup_koi,NO_COMMENT,13.78109471,1.027e-05,-1.027e-05,177.852785,0.00057,-0.00057,2455010.853,0.00057,-0.00057,0.0,,,,,,0.545,0.08,-0.406,2.3188,0.0267,-0.0267,,,,756.0,7.8,-7.8,0.025926,0.002202,-0.000732,6.11908,3.79996,-0.85389,LS+MCMC,1.42,0.09,-0.13,0.0896,,,89.21,,,402.0,,,6.17,1.39,-1.55,39.5,12.3,-12.3,Claret (2011 A&A 529 75) ATLAS LS,0.0,0.0,0.3719,0.3402,q1_q17_dr25_koi,22.382406,112.699356,112.8,3,98.0,1.0,q1_q17_dr25_tce,11111111111111111000000000000000,0.1373,Mandel and Agol (2002 ApJ 580 171),,,007/007603/007603200/dv/kplr007603200-20160209194854_dvr.pdf,007/007603/007603200/dv/kplr007603200-001-20160209194854_dvs.pdf,3846.0,77.0,-84.0,4.738,0.052,-0.024,-0.24,0.15,-0.15,0.503,0.032,-0.048,0.505,0.036,-0.04,,,,q1_q17_dr25_stellar,290.3815,43.292988,12.925,14.014,12.893,12.457,,10.293,9.68,9.506,0.058,19.3587685,2.6e-06,43.293033,2.7e-05,0.04,0.1,0.162,0.098,-8.1e-05,7.6e-05,6.7e-05,7.4e-05,-0.024,0.085,-0.05,0.11,0.06,0.1,-0.187,0.09,0.12,0.12,0.22,0.11,kplr007603200,Kepler-138c,15,"(37, 45)","(0.022222222222222223, 0.02702702702702703)"
2716,7603200,K00314.02,Kepler-138 d,CONFIRMED,Done,2018-08-16,CANDIDATE,1.0,0,0,0,0,q1_q17_dr25_sup_koi,NO_COMMENT,23.08902241,2.414e-05,-2.414e-05,171.007634,0.000811,-0.000811,2455004.008,0.000811,-0.000811,0.0,,,,,,0.32,0.1,-0.32,1.7012,0.0301,-0.0301,,,,598.3,11.7,-11.7,0.022578,0.000327,-0.000471,36.24543,7.28633,-7.44004,LS+MCMC,1.24,0.08,-0.12,0.1264,,,89.82,,,338.0,,,3.1,0.7,-0.78,100.7,20.2,-20.2,Claret (2011 A&A 529 75) ATLAS LS,0.0,0.0,0.3719,0.3402,q1_q17_dr25_koi,14.174405,59.542366,57.4,3,55.0,2.0,q1_q17_dr25_tce,11111111111111111000000000000000,0.9996,Mandel and Agol (2002 ApJ 580 171),,,007/007603/007603200/dv/kplr007603200-20160209194854_dvr.pdf,007/007603/007603200/dv/kplr007603200-002-20160209194854_dvs.pdf,3846.0,77.0,-84.0,4.738,0.052,-0.024,-0.24,0.15,-0.15,0.503,0.032,-0.048,0.505,0.036,-0.04,,,,q1_q17_dr25_stellar,290.3815,43.292988,12.925,14.014,12.893,12.457,,10.293,9.68,9.506,0.352,19.3587643,5.1e-06,43.293021,5.3e-05,-0.13,0.2,0.12,0.19,3e-05,0.00013,8e-05,0.00012,0.05,0.15,-0.11,0.13,0.12,0.12,-0.1,0.14,0.04,0.1,0.11,0.13,kplr007603200,Kepler-138d,15,"(37, 45)","(0.022222222222222223, 0.02702702702702703)"
2718,7364176,K00373.01,Kepler-1718 b,CONFIRMED,Done,2018-08-16,CANDIDATE,1.0,0,0,0,0,q1_q17_dr25_sup_koi,NO_COMMENT,135.1879934,0.000317,-0.000317,190.93292,0.002,-0.002,2455023.933,0.002,-0.002,0.0,,,,,,0.023,0.334,-0.023,8.8191,0.0656,-0.0656,,,,663.4,8.9,-8.9,0.023453,0.000441,-0.000185,1.78074,0.00807,-0.43662,LS+MCMC,2.32,0.31,-0.2,0.4878,,,89.99,,,345.0,,,3.33,1.25,-0.78,119.823,0.543,-0.543,Claret (2011 A&A 529 75) ATLAS LS,0.0,0.0,0.2787,0.3728,q1_q17_dr25_koi,25.58086,62.985138,85.8,1,10.0,1.0,q1_q17_dr25_tce,11111111111111111000000000000000,0.8197,Mandel and Agol (2002 ApJ 580 171),,,007/007364/007364176/dv/kplr007364176-20160209194854_dvr.pdf,007/007364/007364176/dv/kplr007364176-001-20160209194854_dvs.pdf,5731.0,103.0,-115.0,4.451,0.095,-0.095,-0.32,0.15,-0.15,0.906,0.119,-0.08,0.846,0.065,-0.049,,,,q1_q17_dr25_stellar,292.23492,42.909458,12.765,13.167,12.733,12.593,12.543,11.68,11.373,11.316,0.58,19.4823318,4.5e-06,42.909479,4.5e-05,0.1,0.18,0.07,0.16,-9e-05,0.00012,-2e-05,0.00011,-0.12,0.16,0.07,0.23,0.14,0.22,-0.09,0.15,0.14,0.2,0.16,0.22,kplr007364176,Kepler-1718b,15,"(37, 45)","(0.022222222222222223, 0.02702702702702703)"
2719,8686097,K00374.01,Kepler-540 b,CONFIRMED,Done,2018-08-16,CANDIDATE,0.992,0,0,0,0,q1_q17_dr25_sup_koi,CENT_KIC_POS,172.7046083,0.0004753,-0.0004753,236.92574,0.0019,-0.0019,2455069.926,0.0019,-0.0019,0.0,,,,,,0.004,0.383,-0.004,11.347,0.0738,-0.0738,,,,659.1,8.0,-8.0,0.023415,0.000463,-0.000189,1.06872,0.01577,-0.24638,LS+MCMC,2.85,0.45,-0.44,0.5886,,,90.0,,,355.0,,,3.77,1.65,-1.3,119.0,1.8,-1.8,Claret (2011 A&A 529 75) ATLAS LS,0.0,0.0,0.2711,0.3858,q1_q17_dr25_koi,33.22958,79.35192,92.9,1,8.0,1.0,q1_q17_dr25_tce,11111111111111111000000000000000,0.8915,Mandel and Agol (2002 ApJ 580 171),,,008/008686/008686097/dv/kplr008686097-20160209194854_dvr.pdf,008/008686/008686097/dv/kplr008686097-001-20160209194854_dvs.pdf,5851.0,105.0,-117.0,4.302,0.156,-0.104,-0.22,0.15,-0.15,1.116,0.175,-0.175,0.91,0.073,-0.06,,,,q1_q17_dr25_stellar,290.62524,44.873959,12.209,12.598,12.17,12.043,12.019,11.167,10.86,10.81,0.0,19.3749951,5.3e-06,44.873956,5.3e-05,-0.83,0.2,-0.01,0.19,0.00024,0.00013,-0.00026,0.00013,-0.15,0.25,0.3,0.18,0.33,0.26,-0.6,0.35,-0.08,0.21,0.6,0.34,kplr008686097,Kepler-540b,15,"(37, 45)","(0.022222222222222223, 0.02702702702702703)"
2720,12356617,K00375.01,Kepler-1704 b,CONFIRMED,Done,2018-08-16,CANDIDATE,,0,0,0,0,q1_q17_dr25_sup_koi,,988.8811177,0.0009114,-0.0009114,239.224189,0.000601,-0.000601,2455072.224,0.000601,-0.000601,0.0,,,,,,0.1667,0.1675,-0.1667,5.9504,0.0444,-0.0444,,,,5060.0,38.9,-38.9,0.063925,0.000849,-0.00061,45.9275,2.42297,-7.0606,MCMC,10.81,2.66,-2.05,2.0091,,,89.95,,,223.0,,,0.58,0.4,-0.23,1334.0,70.4,-70.4,Claret (2011 A&A 529 75) ATLAS LS,0.0,0.0,0.258,0.4164,q1_q16_koi,,,136.4,1,,,,,,Mandel and Agol (2002 ApJ 580 171),,,,,5755.0,112.0,-112.0,4.101,0.145,-0.129,0.24,0.14,-0.14,1.549,0.381,-0.294,1.105,0.178,-0.107,,,,stellar_q1_q16,291.2012,51.144279,13.293,13.718,13.22,13.111,13.028,12.138,11.842,11.792,,,,,,,,,,,,,,,,,,,,,,,,,,kplr012356617,Kepler-1704b,10,"(15, 18)","(0.05555555555555555, 0.06666666666666667)"
2723,3323887,K00377.01,Kepler-9 b,CONFIRMED,Done,2018-08-16,CANDIDATE,0.0,0,0,0,0,q1_q17_dr25_sup_koi,LPP_DV---MOD_NONUNIQ_DV---MOD_NONUNIQ_ALT,19.270825843,4.182e-06,-4.182e-06,182.5436,0.000171,-0.000171,2455015.544,0.000171,-0.000171,0.0,,,,,,0.169,0.059,-0.169,4.1281,0.0135,-0.0135,,,,6660.5,13.0,-13.0,0.074186,0.00022,-0.000348,2.75959,0.12205,-0.14986,LS+MCMC,7.74,1.2,-0.42,0.1423,,,89.74,,,661.0,,,45.05,19.36,-8.27,37.84,1.7,-1.7,Claret (2011 A&A 529 75) ATLAS LS,0.0,0.0,0.2602,0.4096,q1_q17_dr25_koi,65.82921,135.69907,577.1,3,67.0,2.0,q1_q17_dr25_tce,11111111111111111000000000000000,0.5302,Mandel and Agol (2002 ApJ 580 171),,,003/003323/003323887/dv/kplr003323887-20160209194854_dvr.pdf,003/003323/003323887/dv/kplr003323887-002-20160209194854_dvs.pdf,5779.0,104.0,-127.0,4.491,0.03,-0.128,0.12,0.15,-0.15,0.956,0.147,-0.053,1.034,0.058,-0.08,,,,q1_q17_dr25_stellar,285.57397,38.400902,13.803,14.247,13.731,13.613,13.581,12.71,12.391,12.337,0.719,19.0382682,9.3e-06,38.40084,0.00012,0.15,0.39,-0.22,0.43,-6e-05,0.00012,-2e-05,0.00014,0.0,2.3,0.0,1.8,0.0,1.9,0.1,2.3,0.1,1.8,0.2,2.3,kplr003323887,Kepler-9b,9,"(12, 15)","(0.06666666666666667, 0.08333333333333333)"
2735,7700622,K00315.01,Kepler-1716 b,CONFIRMED,Done,2018-08-16,CANDIDATE,1.0,0,0,0,0,q1_q17_dr25_sup_koi,CENT_KIC_POS,35.58349688,4.626e-05,-4.626e-05,189.03562,0.001,-0.001,2455022.036,0.001,-0.001,0.0,,,,,,0.001,0.416,-0.001,3.9885,0.0372,-0.0372,,,,937.6,11.8,-11.8,0.027158,0.000818,-0.000265,5.12631,0.04432,-1.94257,LS+MCMC,2.03,0.12,-0.09,0.1916,,,90.0,,,408.0,,,6.54,1.41,-1.04,70.008,0.605,-0.605,Claret (2011 A&A 529 75) ATLAS LS,0.0,0.0,0.1646,0.5508,q1_q17_dr25_koi,21.425158,73.591385,90.8,1,39.0,1.0,q1_q17_dr25_tce,11111111111111111000000000000000,0.7341,Mandel and Agol (2002 ApJ 580 171),,,007/007700/007700622/dv/kplr007700622-20160209194854_dvr.pdf,007/007700/007700622/dv/kplr007700622-001-20160209194854_dvs.pdf,4894.0,97.0,-97.0,4.637,0.015,-0.042,-0.24,0.15,-0.15,0.684,0.041,-0.031,0.753,0.032,-0.059,,,,q1_q17_dr25_stellar,297.27188,43.333309,12.968,13.758,12.904,12.63,12.464,11.429,10.897,10.813,0.58,19.8181146,2.2e-06,43.333124,2.6e-05,-0.446,0.088,-0.669,0.092,4.7e-05,8.7e-05,-3.1e-05,9.4e-05,0.09,0.13,0.09,0.11,0.13,0.11,-0.23,0.13,-0.57,0.11,0.61,0.11,kplr007700622,Kepler-1716b,15,"(37, 45)","(0.022222222222222223, 0.02702702702702703)"
2736,8008067,K00316.01,Kepler-139 b,CONFIRMED,Done,2018-08-16,CANDIDATE,1.0,0,0,0,0,q1_q17_dr25_sup_koi,CENT_KIC_POS,15.77111067,1.641e-05,-1.641e-05,184.90347,0.000816,-0.000816,2455017.903,0.000816,-0.000816,0.0,,,,,,0.009,0.36,-0.009,5.0574,0.0301,-0.0301,,,,547.1,4.8,-4.8,0.021029,0.000394,-0.000152,1.09537,0.00121,-0.29152,LS+MCMC,2.62,0.4,-0.31,0.1242,,,89.98,,,752.0,,,75.61,32.12,-21.78,24.33,0.0269,-0.0269,Claret (2011 A&A 529 75) ATLAS LS,0.0,0.0,0.2193,0.4785,q1_q17_dr25_koi,16.009178,89.637184,123.2,3,87.0,1.0,q1_q17_dr25_tce,11111111111111111000000000000000,0.2141,Mandel and Agol (2002 ApJ 580 171),,,008/008008/008008067/dv/kplr008008067-20160209194854_dvr.pdf,008/008008/008008067/dv/kplr008008067-001-20160209194854_dvs.pdf,5620.0,100.0,-112.0,4.333,0.115,-0.115,0.34,0.1,-0.15,1.143,0.174,-0.139,1.025,0.063,-0.063,,,,q1_q17_dr25_stellar,282.39194,43.889351,12.701,13.186,12.631,12.494,12.455,11.53,11.222,11.167,0.0,18.8261232,2.1e-06,43.888936,3.5e-05,-0.266,0.081,-1.49,0.13,-2.1e-05,4.4e-05,-0.000802,6.9e-05,0.74,0.27,1.96,0.83,2.09,0.86,0.25,0.16,0.21,0.092,0.33,0.14,kplr008008067,Kepler-139b,16,"(45, 54)","(0.018518518518518517, 0.022222222222222223)"
2737,8008067,K00316.02,Kepler-139 c,CONFIRMED,Done,2018-08-16,CANDIDATE,1.0,0,0,0,0,q1_q17_dr25_sup_koi,CENT_KIC_POS,157.0659976,0.0006468,-0.0006468,481.26942,0.00257,-0.00257,2455314.269,0.00257,-0.00257,0.0,,,,,,0.004,0.415,-0.004,8.1289,0.0986,-0.0986,,,,551.4,10.8,-10.8,0.021105,0.000613,-0.000292,2.62563,0.03886,-0.84215,LS+MCMC,2.63,0.41,-0.32,0.5749,,,90.0,,,350.0,,,3.53,1.5,-1.02,150.72,2.2,-2.2,Claret (2011 A&A 529 75) ATLAS LS,0.0,0.0,0.2193,0.4785,q1_q17_dr25_koi,16.240528,34.23117,50.9,3,9.0,2.0,q1_q17_dr25_tce,11111111111111111000000000000000,0.37,Mandel and Agol (2002 ApJ 580 171),,,008/008008/008008067/dv/kplr008008067-20160209194854_dvr.pdf,008/008008/008008067/dv/kplr008008067-002-20160209194854_dvs.pdf,5620.0,100.0,-112.0,4.333,0.115,-0.115,0.34,0.1,-0.15,1.143,0.174,-0.139,1.025,0.063,-0.063,,,,q1_q17_dr25_stellar,282.39194,43.889351,12.701,13.186,12.631,12.494,12.455,11.53,11.222,11.167,0.0,18.8261437,5.4e-06,43.888994,9.8e-05,0.53,0.21,-1.28,0.35,-0.00046,0.00012,-0.00093,0.0002,0.76,0.52,2.3,1.4,2.5,1.3,0.02,0.26,0.13,0.17,0.13,0.17,kplr008008067,Kepler-139c,16,"(45, 54)","(0.018518518518518517, 0.022222222222222223)"
2739,3323887,K00377.02,Kepler-9 c,CONFIRMED,Done,2018-08-16,CANDIDATE,,0,0,0,0,q1_q17_dr25_sup_koi,,38.90787517,1.358e-05,-1.358e-05,175.425847,0.000277,-0.000277,2455008.426,0.000277,-0.000277,0.0,,,,,,0.6883,0.0228,-0.029,4.5271,0.0354,-0.0354,,,,6159.1,18.3,-18.3,0.076413,0.000622,-0.000646,2.00529,0.20784,-0.18791,MCMC,7.98,1.53,-0.42,0.2273,,,89.38,,,523.0,,,17.66,9.42,-3.16,54.34,5.6,-5.6,Claret (2011 A&A 529 75) ATLAS LS,0.0,0.0,0.2623,0.4089,q1_q16_koi,,,366.1,3,,,,,,Mandel and Agol (2002 ApJ 580 171),,,,,5779.0,110.0,-128.0,4.491,0.03,-0.16,0.12,0.1,-0.14,0.956,0.184,-0.05,1.034,0.059,-0.077,,,,stellar_q1_q16,285.57397,38.400902,13.803,14.247,13.731,13.613,13.581,12.71,12.391,12.337,,,,,,,,,,,,,,,,,,,,,,,,,,kplr003323887,Kepler-9c,9,"(12, 15)","(0.06666666666666667, 0.08333333333333333)"
2756,8121310,K00317.01,Kepler-521 b,CONFIRMED,Done,2018-08-16,CANDIDATE,0.999,0,0,0,0,q1_q17_dr25_sup_koi,NO_COMMENT,22.20809549,4.141e-05,-4.141e-05,206.35965,0.00135,-0.00135,2455039.36,0.00135,-0.00135,0.0,,,,,,0.017,0.308,-0.017,7.3327,0.0449,-0.0449,,,,463.2,5.4,-5.4,0.019714,0.000289,-0.000124,0.50398,0.00171,-0.11563,LS+MCMC,3.02,0.53,-0.28,0.1699,,,89.96,,,803.0,,,98.36,47.29,-24.5,23.5971,0.0801,-0.0801,Claret (2011 A&A 529 75) ATLAS LS,0.0,0.0,0.3016,0.3403,q1_q17_dr25_koi,11.958813,53.278522,92.7,2,58.0,1.0,q1_q17_dr25_tce,11111111111111111000000000000000,0.8971,Mandel and Agol (2002 ApJ 580 171),,,008/008121/008121310/dv/kplr008121310-20160209194854_dvr.pdf,008/008121/008121310/dv/kplr008121310-001-20160209194854_dvs.pdf,6336.0,113.0,-139.0,4.266,0.063,-0.117,0.34,0.1,-0.15,1.403,0.245,-0.132,1.324,0.092,-0.084,,,,q1_q17_dr25_stellar,298.81638,43.998039,12.885,13.199,12.852,12.751,12.734,11.915,11.745,11.67,0.032,19.9210938,4.5e-06,43.998007,4.3e-05,0.07,0.17,-0.12,0.15,-5.8e-05,8e-05,8.5e-05,7.1e-05,0.4,0.23,0.35,0.17,0.53,0.23,0.45,0.24,0.36,0.17,0.58,0.25,kplr008121310,Kepler-521b,16,"(45, 54)","(0.018518518518518517, 0.022222222222222223)"
2760,8753657,K00321.01,Kepler-406 b,CONFIRMED,Done,2018-08-16,CANDIDATE,1.0,0,0,0,0,q1_q17_dr25_sup_koi,NO_COMMENT,2.426304127,2.398e-06,-2.398e-06,170.455517,0.000821,-0.000821,2455003.456,0.000821,-0.000821,0.0,,,,,,0.694,0.177,-0.455,2.6624,0.028,-0.028,,,,185.4,2.2,-2.2,0.013272,0.001123,-0.000856,0.45332,0.57568,-0.042,LS+MCMC,1.41,0.21,-0.08,0.0359,,,82.34,,,1302.0,,,679.12,293.1,-123.5,5.21,2.2,-2.2,Claret (2011 A&A 529 75) ATLAS LS,0.0,0.0,0.2514,0.4282,q1_q17_dr25_koi,6.462984,65.83189,97.0,2,555.0,1.0,q1_q17_dr25_tce,11111111111111111000000000000000,0.5943,Mandel and Agol (2002 ApJ 580 171),,,008/008753/008753657/dv/kplr008753657-20160209194854_dvr.pdf,008/008753/008753657/dv/kplr008753657-001-20160209194854_dvs.pdf,5678.0,102.0,-124.0,4.484,0.03,-0.12,0.26,0.15,-0.15,0.97,0.15,-0.053,1.043,0.044,-0.076,,,,q1_q17_dr25_stellar,291.84805,44.96822,12.52,13.005,12.461,12.312,12.26,11.34,11.035,10.97,0.112,19.4565479,4.6e-06,44.968201,4.9e-05,0.45,0.18,-0.07,0.18,-2.4e-05,2.9e-05,2.5e-05,2.9e-05,0.25,0.13,-0.034,0.095,0.25,0.13,0.48,0.13,0.12,0.15,0.5,0.14,kplr008753657,Kepler-406b,18,"(65, 78)","(0.01282051282051282, 0.015384615384615385)"
2786,3353050,K00384.01,Kepler-541 b,CONFIRMED,Done,2018-08-16,CANDIDATE,1.0,0,0,0,0,q1_q17_dr25_sup_koi,NO_COMMENT,5.0800579,1.209e-05,-1.209e-05,174.42853,0.00195,-0.00195,2455007.429,0.00195,-0.00195,0.0,,,,,,0.636,0.024,-0.494,5.207,0.0624,-0.0624,,,,222.8,4.5,-4.5,0.014349,0.001971,-0.00061,0.15353,0.14511,-0.01719,LS+MCMC,3.95,0.59,-1.1,0.0641,,,83.85,,,1673.0,,,1851.94,816.29,-960.36,5.94,2.8,-2.8,Claret (2011 A&A 529 75) ATLAS LS,0.0,0.0,0.2904,0.3534,q1_q17_dr25_koi,6.1105356,40.25269,56.7,1,212.0,1.0,q1_q17_dr25_tce,11111011101110111000000000000000,0.5216,Mandel and Agol (2002 ApJ 580 171),,,003/003353/003353050/dv/kplr003353050-20160209194854_dvr.pdf,003/003353/003353050/dv/kplr003353050-001-20160209194854_dvs.pdf,6049.0,132.0,-120.0,3.769,0.224,-0.096,-0.04,0.15,-0.15,2.52,0.377,-0.7,1.359,0.143,-0.232,,,,q1_q17_dr25_stellar,294.14966,38.458271,13.281,13.688,13.183,13.106,12.952,12.079,11.814,11.733,0.379,19.6099746,6.3e-06,38.458252,7e-05,-0.14,0.26,-0.07,0.25,2.3e-05,5.6e-05,-3.7e-05,5.3e-05,0.15,0.2,-0.1,0.16,0.18,0.19,0.12,0.18,-0.21,0.16,0.24,0.16,kplr003353050,Kepler-541b,18,"(65, 78)","(0.01282051282051282, 0.015384615384615385)"
2788,5695396,K00283.01,Kepler-131 b,CONFIRMED,Done,2018-08-16,CANDIDATE,0.976,0,0,0,0,q1_q17_dr25_sup_koi,NO_COMMENT,16.09196369,1.725e-05,-1.725e-05,170.598832,0.000873,-0.000873,2455003.599,0.000873,-0.000873,0.0,,,,,,0.546,0.303,-0.353,2.8943,0.0295,-0.0295,,,,415.8,5.3,-5.3,0.019184,0.001723,-0.000628,3.56698,1.9023,-2.65999,LS+MCMC,2.13,0.31,-0.21,0.1238,,,89.14,,,718.0,,,62.74,25.69,-15.51,36.55,9.7,-9.7,Claret (2011 A&A 529 75) ATLAS LS,0.0,0.0,0.2602,0.4096,q1_q17_dr25_koi,18.81446,98.37853,84.9,3,87.0,1.0,q1_q17_dr25_tce,11111111111111111000000000000000,0.3168,Mandel and Agol (2002 ApJ 580 171),,,005/005695/005695396/dv/kplr005695396-20160209194854_dvr.pdf,005/005695/005695396/dv/kplr005695396-001-20160209194854_dvs.pdf,5680.0,102.0,-114.0,4.414,0.076,-0.114,0.12,0.15,-0.15,1.016,0.148,-0.098,0.978,0.068,-0.062,,,,q1_q17_dr25_stellar,288.53082,40.942299,11.525,11.969,11.466,11.334,11.309,10.418,10.127,10.079,0.009,19.2353895,2.1e-06,40.942406,2.9e-05,0.061,0.085,0.38,0.11,4.6e-05,3.7e-05,-6.4e-05,4.6e-05,-0.68,0.16,0.51,0.34,0.85,0.28,-0.49,0.17,0.77,0.34,0.91,0.34,kplr005695396,Kepler-131b,16,"(45, 54)","(0.018518518518518517, 0.022222222222222223)"
2801,9881662,K00327.01,Kepler-140 b,CONFIRMED,Done,2018-08-16,CANDIDATE,1.0,0,0,0,0,q1_q17_dr25_sup_koi,NO_COMMENT,3.254277742,5.223e-06,-5.223e-06,172.66256,0.00133,-0.00133,2455005.663,0.00133,-0.00133,0.0,,,,,,0.303,0.117,-0.303,2.9903,0.0396,-0.0396,,,,159.9,3.2,-3.2,0.011619,0.000192,-0.000248,0.93176,0.18237,-0.1683,LS+MCMC,1.38,0.22,-0.12,0.0443,,,87.84,,,1301.0,,,675.56,299.69,-159.33,8.05,1.6,-1.6,Claret (2011 A&A 529 75) ATLAS LS,0.0,0.0,0.2826,0.3729,q1_q17_dr25_koi,5.182033,46.75412,58.6,2,410.0,1.0,q1_q17_dr25_tce,11111111111111111000000000000000,0.4764,Mandel and Agol (2002 ApJ 580 171),,,009/009881/009881662/dv/kplr009881662-20160209194854_dvr.pdf,009/009881/009881662/dv/kplr009881662-001-20160209194854_dvs.pdf,5945.0,106.0,-130.0,4.402,0.054,-0.117,0.16,0.15,-0.15,1.089,0.174,-0.094,1.092,0.077,-0.077,,,,q1_q17_dr25_stellar,287.36948,46.768219,12.996,13.316,12.939,12.858,12.855,11.989,11.759,11.709,0.23,19.1579594,6.3e-06,46.768198,4.9e-05,-0.22,0.23,-0.08,0.18,-4.9e-05,3.7e-05,6e-06,2.8e-05,0.24,0.17,0.13,0.1,0.28,0.15,0.0,0.13,0.03,0.18,0.03,0.18,kplr009881662,Kepler-140b,19,"(78, 93)","(0.010752688172043012, 0.01282051282051282)"
2804,3656121,K00386.01,Kepler-146 b,CONFIRMED,Done,2018-08-16,CANDIDATE,1.0,0,0,0,0,q1_q17_dr25_sup_koi,NO_COMMENT,31.1588249,5.73e-05,-5.73e-05,173.90355,0.00138,-0.00138,2455006.904,0.00138,-0.00138,0.0,,,,,,0.029,0.373,-0.029,5.1803,0.0504,-0.0504,,,,959.0,14.5,-14.5,0.02825,0.000627,-0.000266,2.0533,0.01324,-0.60759,LS+MCMC,3.56,0.57,-0.46,0.1948,,,89.97,,,639.0,,,39.46,17.49,-11.96,47.234,0.305,-0.305,Claret (2011 A&A 529 75) ATLAS LS,0.0,0.0,0.2868,0.3588,q1_q17_dr25_koi,13.649543,63.95907,73.6,2,36.0,1.0,q1_q17_dr25_tce,11111011101110111000000000000000,0.9485,Mandel and Agol (2002 ApJ 580 171),,,003/003656/003656121/dv/kplr003656121-20160209194854_dvr.pdf,003/003656/003656121/dv/kplr003656121-001-20160209194854_dvs.pdf,5951.0,107.0,-119.0,4.319,0.12,-0.12,-0.02,0.15,-0.15,1.155,0.184,-0.151,1.015,0.088,-0.066,,,,q1_q17_dr25_stellar,294.11075,38.710232,13.838,14.25,13.796,13.661,13.6,12.739,12.472,12.475,0.001,19.6073947,4.6e-06,38.710234,5.8e-05,0.45,0.2,0.02,0.21,-0.00048,0.00019,-0.00012,0.00021,0.0,0.14,0.05,0.16,0.05,0.16,-0.1,0.13,0.08,0.16,0.13,0.14,kplr003656121,Kepler-146b,14,"(31, 37)","(0.02702702702702703, 0.03225806451612903)"
2807,3733628,K00387.01,Kepler-543 b,CONFIRMED,Done,2018-08-16,CANDIDATE,1.0,0,0,0,0,q1_q17_dr25_sup_koi,NO_COMMENT,13.89963233,1.541e-05,-1.541e-05,182.864454,0.000872,-0.000872,2455015.864,0.000872,-0.000872,0.0,,,,,,0.777,0.009,-0.545,3.5791,0.0543,-0.0543,,,,1121.7,13.1,-13.1,0.034031,0.000161,-0.003725,0.81571,1.74307,-0.02819,LS+MCMC,2.46,0.1,-0.13,0.098,,,87.8,,,521.0,,,17.37,2.98,-3.03,20.27,8.7,-8.7,Claret (2011 A&A 529 75) ATLAS LS,0.0,0.0,0.0775,0.666,q1_q17_dr25_koi,19.027977,116.682816,98.2,1,92.0,1.0,q1_q17_dr25_tce,11111111111111111000000000000000,0.3585,Mandel and Agol (2002 ApJ 580 171),,,003/003733/003733628/dv/kplr003733628-20160209194854_dvr.pdf,003/003733/003733628/dv/kplr003733628-001-20160209194854_dvs.pdf,4538.0,90.0,-90.0,4.607,0.039,-0.015,-0.2,0.15,-0.15,0.663,0.027,-0.036,0.65,0.042,-0.026,,,,q1_q17_dr25_stellar,287.21872,38.862522,13.577,14.384,13.538,13.231,,11.731,11.213,11.089,0.119,19.1479132,2.2e-06,38.862545,3e-05,-0.048,0.091,0.09,0.11,7e-05,0.00011,-0.00012,0.00013,0.086,0.076,0.128,0.094,0.154,0.093,0.116,0.077,0.184,0.097,0.217,0.095,kplr003733628,Kepler-543b,13,"(26, 31)","(0.03225806451612903, 0.038461538461538464)"
2808,3831053,K00388.01,Kepler-1719 b,CONFIRMED,Done,2018-08-16,CANDIDATE,1.0,0,0,0,0,q1_q17_dr25_sup_koi,NO_COMMENT,6.14955931,1.211e-05,-1.211e-05,169.55182,0.00147,-0.00147,2455002.552,0.00147,-0.00147,0.0,,,,,,0.368,0.054,-0.368,5.5694,0.0479,-0.0479,,,,333.7,4.4,-4.4,0.016797,0.000143,-0.000416,0.25822,0.06472,-0.03579,LS+MCMC,3.26,0.51,-0.85,0.0674,,,87.37,,,1287.0,,,649.26,295.65,-318.04,8.02,2.0,-2.0,Claret (2011 A&A 529 75) ATLAS LS,0.0,0.0,0.2678,0.3958,q1_q17_dr25_koi,7.8731933,63.15533,87.3,1,221.0,1.0,q1_q17_dr25_tce,11111111111111111000000000000000,0.7962,Mandel and Agol (2002 ApJ 580 171),,,003/003831/003831053/dv/kplr003831053-20160209194854_dvr.pdf,003/003831/003831053/dv/kplr003831053-001-20160209194854_dvs.pdf,5687.0,114.0,-103.0,3.973,0.21,-0.09,0.04,0.2,-0.15,1.775,0.283,-0.46,1.08,0.123,-0.123,,,,q1_q17_dr25_stellar,284.70691,38.936821,13.644,14.1,13.59,13.448,,12.167,11.858,11.776,0.897,18.9804563,3.7e-06,38.936711,5e-05,-0.15,0.16,-0.4,0.18,-1.1e-05,5e-05,-1.1e-05,5.8e-05,-0.06,0.14,0.06,0.16,0.08,0.15,-0.05,0.13,-0.16,0.16,0.17,0.15,kplr003831053,Kepler-1719b,17,"(54, 65)","(0.015384615384615385, 0.018518518518518517)"
2821,11361646,K00330.01,Kepler-524 b,CONFIRMED,Done,2018-08-16,CANDIDATE,1.0,0,0,0,0,q1_q17_dr25_sup_koi,NO_COMMENT,7.97420583,2.174e-05,-2.174e-05,174.52718,0.00211,-0.00211,2455007.527,0.00211,-0.00211,0.0,,,,,,0.128,0.266,-0.128,5.3503,0.0622,-0.0622,,,,293.1,5.6,-5.6,0.015639,0.000339,-0.000192,0.4509,0.0101,-0.14224,LS+MCMC,1.85,0.28,-0.2,0.0791,,,89.36,,,974.0,,,212.75,92.18,-56.31,11.487,0.257,-0.257,Claret (2011 A&A 529 75) ATLAS LS,0.0,0.0,0.2868,0.3588,q1_q17_dr25_koi,5.3079734,41.159424,55.1,2,171.0,1.0,q1_q17_dr25_tce,11111111111111111000000000000000,0.7851,Mandel and Agol (2002 ApJ 580 171),,,011/011361/011361646/dv/kplr011361646-20160209194854_dvr.pdf,011/011361/011361646/dv/kplr011361646-001-20160209194854_dvs.pdf,5973.0,107.0,-131.0,4.386,0.08,-0.12,0.0,0.15,-0.15,1.081,0.168,-0.112,1.036,0.075,-0.075,,,,q1_q17_dr25_stellar,296.85922,49.162048,13.928,14.391,13.871,13.73,13.64,12.729,12.46,12.384,0.413,19.7906043,7.6e-06,49.162194,8e-05,-0.34,0.27,0.52,0.29,7.8e-05,7.6e-05,2e-05,8.3e-05,0.18,0.23,-0.07,0.17,0.19,0.23,0.09,0.22,-0.05,0.17,0.11,0.21,kplr011361646,Kepler-524b,17,"(54, 65)","(0.015384615384615385, 0.018518518518518517)"
2823,10285631,K00331.01,Kepler-525 b,CONFIRMED,Done,2018-08-16,CANDIDATE,1.0,0,0,0,0,q1_q17_dr25_sup_koi,NO_COMMENT,18.68405716,5.687e-05,-5.687e-05,170.83245,0.00238,-0.00238,2455003.832,0.00238,-0.00238,0.0,,,,,,0.858,0.008,-0.603,6.9329,0.0878,-0.0878,,,,381.5,7.6,-7.6,0.020651,0.000227,-0.002585,0.08099,0.36415,-0.04577,LS+MCMC,3.64,0.57,-0.86,0.1396,,,85.7,,,832.0,,,113.34,50.89,-51.79,11.43,5.7,-5.7,Claret (2011 A&A 529 75) ATLAS LS,0.0,0.0,0.2286,0.4641,q1_q17_dr25_koi,7.3986716,37.927864,54.2,2,59.0,1.0,q1_q17_dr25_tce,11111101110111011000000000000000,0.3571,Mandel and Agol (2002 ApJ 580 171),,,010/010285/010285631/dv/kplr010285631-20160209194854_dvr.pdf,010/010285/010285631/dv/kplr010285631-001-20160209194854_dvs.pdf,5548.0,110.0,,4.038,0.21,-0.09,0.18,0.15,-0.15,1.614,0.254,-0.381,1.038,0.095,-0.095,,,,q1_q17_dr25_stellar,296.18344,47.358761,13.497,14.012,13.446,13.277,13.201,12.248,11.885,11.798,0.236,19.7455694,5.6e-06,47.358816,5.8e-05,0.27,0.2,0.2,0.21,-3.9e-05,7.9e-05,-7.2e-05,8.2e-05,0.05,0.25,-0.01,0.16,0.05,0.24,0.16,0.26,0.08,0.17,0.18,0.26,kplr010285631,Kepler-525b,16,"(45, 54)","(0.018518518518518517, 0.022222222222222223)"
2826,3544595,K00069.01,Kepler-93 b,CONFIRMED,Done,2018-08-16,CANDIDATE,1.0,0,0,0,0,q1_q17_dr25_sup_koi,CENT_SATURATED,4.72674037,1.57e-06,-1.57e-06,134.926396,0.000271,-0.000271,2454967.926,0.000271,-0.000271,0.0,,,,,,0.657,0.042,-0.449,2.9267,0.0164,-0.0164,,,,273.1,1.1,-1.1,0.015943,4e-05,-0.000836,0.74833,0.72065,-0.15117,LS+MCMC,1.56,0.07,-0.07,0.0525,,,86.08,,,1028.0,,,264.08,40.0,-33.67,9.6,4.6,-4.6,Claret (2011 A&A 529 75) ATLAS LS,0.0,0.0,0.2711,0.3858,q1_q17_dr25_koi,20.669785,244.8787,287.8,1,284.0,1.0,q1_q17_dr25_tce,11111111111111111000000000000000,0.2943,Mandel and Agol (2002 ApJ 580 171),,,003/003544/003544595/dv/kplr003544595-20160209194854_dvr.pdf,003/003544/003544595/dv/kplr003544595-001-20160209194854_dvs.pdf,5648.0,76.0,-76.0,4.472,0.03,-0.03,-0.2,0.15,-0.15,0.894,0.04,-0.036,0.866,0.058,-0.053,,,,q1_q17_dr25_stellar,291.4183,38.672359,9.931,10.38,9.862,9.739,9.705,8.771,8.446,8.37,0.151,19.4278776,1.7e-06,38.672404,3.1e-05,-0.354,0.07,0.16,0.11,-2e-05,1.9e-05,1.6e-05,3e-05,-1.02,0.65,2.6,1.1,2.8,1.2,-1.48,0.62,3.25,1.0,3.6,1.1,kplr003544595,Kepler-93b,17,"(54, 65)","(0.015384615384615385, 0.018518518518518517)"
2840,10290666,K00332.01,Kepler-526 b,CONFIRMED,Done,2018-08-16,CANDIDATE,1.0,0,0,0,0,q1_q17_dr25_sup_koi,NO_COMMENT,5.45849914,9.101e-06,-9.101e-06,172.08857,0.00125,-0.00125,2455005.089,0.00125,-0.00125,0.0,,,,,,0.65,0.087,-0.45,4.0448,0.0435,-0.0435,,,,255.9,3.9,-3.9,0.015387,0.001703,-0.00077,0.33502,0.33113,-0.06713,LS+MCMC,1.91,0.29,-0.13,0.064,,,85.39,,,1099.0,,,344.32,148.15,-69.55,8.08,4.0,-4.0,Claret (2011 A&A 529 75) ATLAS LS,0.0,0.0,0.2736,0.3985,q1_q17_dr25_koi,7.3226166,53.617764,72.0,2,194.0,1.0,q1_q17_dr25_tce,11111101110111011000000000000000,0.8836,Mandel and Agol (2002 ApJ 580 171),,,010/010290/010290666/dv/kplr010290666-20160209194854_dvr.pdf,010/010290/010290666/dv/kplr010290666-001-20160209194854_dvs.pdf,5914.0,106.0,-130.0,4.396,0.04,-0.112,0.46,0.05,-0.15,1.135,0.175,-0.075,1.172,0.057,-0.071,,,,q1_q17_dr25_stellar,297.65094,47.39629,13.046,13.508,12.998,12.847,12.798,11.91,11.569,11.475,0.662,19.843391,5.5e-06,47.396153,5.2e-05,-0.16,0.2,-0.49,0.19,2.8e-05,5e-05,1.3e-05,4.6e-05,0.04,0.13,-0.09,0.2,0.09,0.2,-0.02,0.13,-0.23,0.19,0.23,0.19,kplr010290666,Kepler-526b,18,"(65, 78)","(0.01282051282051282, 0.015384615384615385)"
2845,12314973,K00279.02,Kepler-450 c,CONFIRMED,Done,2018-08-16,CANDIDATE,0.998,0,0,0,0,q1_q17_dr25_sup_koi,NO_COMMENT,15.4130812,4.684e-05,-4.684e-05,136.94324,0.0026,-0.0026,2454969.943,0.0026,-0.0026,0.0,,,,,,0.372,0.077,-0.372,6.6358,0.0755,-0.0755,,,,264.3,5.1,-5.1,0.015072,0.000196,-0.000397,0.3757,0.10005,-0.06765,LS+MCMC,2.59,0.15,-0.18,0.1324,,,88.73,,,944.0,,,187.39,32.8,-33.1,16.77,4.5,-4.5,Claret (2011 A&A 529 75) ATLAS LS,0.0,0.0,0.3061,0.3279,q1_q17_dr25_koi,9.396902,43.640507,55.2,3,83.0,2.0,q1_q17_dr25_tce,11111111111111111000000000000000,0.2845,Mandel and Agol (2002 ApJ 580 171),,,012/012314/012314973/dv/kplr012314973-20160209194854_dvr.pdf,012/012314/012314973/dv/kplr012314973-002-20160209194854_dvs.pdf,6206.0,80.0,-74.0,4.159,0.048,-0.032,0.22,0.15,-0.2,1.573,0.089,-0.111,1.305,0.053,-0.093,,,,q1_q17_dr25_stellar,295.48651,51.0135,11.684,11.967,11.628,11.563,11.545,10.708,10.472,10.429,0.0,19.6991081,4.3e-06,51.01337,5.1e-05,0.25,0.15,-0.47,0.19,-3.4e-05,3.6e-05,9.6e-05,4.6e-05,-0.17,0.29,-0.07,0.27,0.18,0.29,-0.05,0.29,0.03,0.27,0.06,0.29,kplr012314973,Kepler-450c,18,"(65, 78)","(0.01282051282051282, 0.015384615384615385)"
2865,10587105,K00339.01,Kepler-529 b,CONFIRMED,Done,2018-08-16,CANDIDATE,1.0,0,0,0,0,q1_q17_dr25_sup_koi,NO_COMMENT,1.980356674,2.322e-06,-2.322e-06,170.139601,0.000862,-0.000862,2455003.14,0.000862,-0.000862,0.0,,,,,,0.713,0.183,-0.47,2.4743,0.0336,-0.0336,,,,271.9,4.4,-4.4,0.016185,0.001475,-0.000916,0.44056,0.58803,-0.31176,LS+MCMC,2.1,0.35,-0.31,0.0309,,,80.89,,,1662.0,,,1808.41,850.5,-611.67,4.5,2.0,-2.0,Claret (2011 A&A 529 75) ATLAS LS,0.0,0.0,0.2916,0.3447,q1_q17_dr25_koi,6.2196736,52.94112,71.9,3,537.0,1.0,q1_q17_dr25_tce,11111110111011101000000000000000,0.9201,Mandel and Agol (2002 ApJ 580 171),,,010/010587/010587105/dv/kplr010587105-20160209194854_dvr.pdf,010/010587/010587105/dv/kplr010587105-001-20160209194854_dvs.pdf,6078.0,121.0,-133.0,4.29,0.137,-0.112,-0.16,0.15,-0.15,1.189,0.197,-0.178,1.005,0.091,-0.063,,,,q1_q17_dr25_stellar,285.88837,47.880379,13.763,14.105,13.717,13.616,13.586,12.786,12.466,12.418,0.002,19.0592335,6e-06,47.880457,5.7e-05,0.35,0.22,0.28,0.2,-2.9e-05,5.6e-05,-9.9e-05,5.3e-05,0.1,0.14,0.116,0.1,0.15,0.12,0.26,0.14,0.115,0.099,0.29,0.13,kplr010587105,Kepler-529b,17,"(54, 65)","(0.015384615384615385, 0.018518518518518517)"
2883,10878263,K00341.01,Kepler-414 c,CONFIRMED,Done,2018-08-16,CANDIDATE,1.0,0,0,0,0,q1_q17_dr25_sup_koi,NO_COMMENT,7.170710381,7.06e-06,-7.06e-06,176.666844,0.000747,-0.000747,2455009.667,0.000747,-0.000747,0.0,,,,,,0.188,0.237,-0.188,2.9225,0.0301,-0.0301,,,,863.3,10.5,-10.5,0.026573,0.00059,-0.000372,2.49433,0.17709,-0.66654,LS+MCMC,2.73,0.32,-0.26,0.0699,,,89.43,,,890.0,,,148.09,51.74,-35.38,18.93,1.3,-1.3,Claret (2011 A&A 529 75) ATLAS LS,0.0,0.0,0.2327,0.4526,q1_q17_dr25_koi,13.1809635,104.67581,89.3,2,152.0,1.0,q1_q17_dr25_tce,11111101110111011000000000000000,0.5934,Mandel and Agol (2002 ApJ 580 171),,,010/010878/010878263/dv/kplr010878263-20160209194854_dvr.pdf,010/010878/010878263/dv/kplr010878263-001-20160209194854_dvs.pdf,5497.0,109.0,-98.0,4.437,0.09,-0.09,0.02,0.15,-0.15,0.941,0.11,-0.09,0.884,0.066,-0.044,,,,q1_q17_dr25_stellar,297.96155,48.244362,13.338,13.879,13.276,13.106,13.034,12.087,11.75,11.698,0.649,19.8641111,3.2e-06,48.244356,3e-05,0.26,0.11,-0.01,0.11,-6.8e-05,9.7e-05,9e-06,9.5e-05,0.009,0.085,-0.08,0.11,0.08,0.11,0.075,0.089,-0.1,0.11,0.123,0.1,kplr010878263,Kepler-414c,15,"(37, 45)","(0.022222222222222223, 0.02702702702702703)"
2885,10982872,K00343.01,Kepler-142 c,CONFIRMED,Done,2018-08-16,CANDIDATE,1.0,0,0,0,0,q1_q17_dr25_sup_koi,NO_COMMENT,4.761705895,3.499e-06,-3.499e-06,170.335759,0.000572,-0.000572,2455003.336,0.000572,-0.000572,0.0,,,,,,0.384,0.002,-0.384,3.3061,0.0213,-0.0213,,,,497.1,3.9,-3.9,0.020577,0.001793,-0.000278,0.94571,0.26578,-0.02674,LS+MCMC,2.75,0.44,-0.48,0.0555,,,87.89,,,1201.0,,,491.37,217.07,-182.3,10.43,2.9,-2.9,Claret (2011 A&A 529 75) ATLAS LS,0.0,0.0,0.2602,0.4096,q1_q17_dr25_koi,11.185008,95.51532,138.5,3,282.0,1.0,q1_q17_dr25_tce,11111111111111111000000000000000,0.7167,Mandel and Agol (2002 ApJ 580 171),,,010/010982/010982872/dv/kplr010982872-20160209194854_dvr.pdf,010/010982/010982872/dv/kplr010982872-001-20160209194854_dvs.pdf,5794.0,105.0,-117.0,4.263,0.156,-0.104,0.07,0.15,-0.15,1.225,0.194,-0.213,1.004,0.086,-0.07,,,,q1_q17_dr25_stellar,295.1189,48.481281,13.203,13.645,13.158,13.013,12.969,12.092,11.801,11.762,0.003,19.6745966,2.4e-06,48.481338,2.5e-05,0.116,0.087,0.207,0.09,0.0001,4.3e-05,4.3e-05,4.5e-05,0.03,0.081,-0.16,0.11,0.16,0.11,0.247,0.087,0.09,0.11,0.263,0.093,kplr010982872,Kepler-142c,16,"(45, 54)","(0.018518518518518517, 0.022222222222222223)"
2886,10982872,K00343.02,Kepler-142 b,CONFIRMED,Done,2018-08-16,CANDIDATE,1.0,0,0,0,0,q1_q17_dr25_sup_koi,NO_COMMENT,2.024143568,2.059e-06,-2.059e-06,170.496204,0.000788,-0.000788,2455003.496,0.000788,-0.000788,0.0,,,,,,0.513,0.013,-0.495,2.5273,0.0291,-0.0291,,,,239.4,3.1,-3.1,0.014511,0.001889,-0.000383,0.72886,0.39212,-0.08281,LS+MCMC,1.94,0.31,-0.34,0.0314,,,84.56,,,1597.0,,,1535.09,678.14,-569.52,5.4,1.5,-1.5,Claret (2011 A&A 529 75) ATLAS LS,0.0,0.0,0.2602,0.4096,q1_q17_dr25_koi,5.6028743,62.41155,88.4,3,599.0,2.0,q1_q17_dr25_tce,11111111111111111000000000000000,0.4829,Mandel and Agol (2002 ApJ 580 171),,,010/010982/010982872/dv/kplr010982872-20160209194854_dvr.pdf,010/010982/010982872/dv/kplr010982872-002-20160209194854_dvs.pdf,5794.0,105.0,-117.0,4.263,0.156,-0.104,0.07,0.15,-0.15,1.225,0.194,-0.213,1.004,0.086,-0.07,,,,q1_q17_dr25_stellar,295.1189,48.481281,13.203,13.645,13.158,13.013,12.969,12.092,11.801,11.762,0.852,19.674601,3.8e-06,48.481371,3.9e-05,0.28,0.14,0.33,0.14,1e-05,3.2e-05,-7e-06,3.3e-05,-0.1,0.11,-0.026,0.1,0.1,0.11,0.11,0.11,0.17,0.1,0.2,0.11,kplr010982872,Kepler-142b,18,"(65, 78)","(0.01282051282051282, 0.015384615384615385)"
2888,4141376,K00280.01,Kepler-1655 b,CONFIRMED,Done,2018-08-16,CANDIDATE,1.0,0,0,0,0,q1_q17_dr25_sup_koi,CENT_SATURATED,11.87290814,1.145e-05,-1.145e-05,180.895933,0.000727,-0.000727,2455013.896,0.000727,-0.000727,0.0,,,,,,0.904,0.003,-0.651,2.5342,0.045,-0.045,,,,332.7,4.5,-4.5,0.019838,5.4e-05,-0.002721,0.64846,5.8288,-0.07356,LS+MCMC,2.25,0.1,-0.1,0.1025,,,86.93,,,863.0,,,131.55,19.1,-18.64,16.91,8.4,-8.4,Claret (2011 A&A 529 75) ATLAS LS,0.0,0.0,0.3032,0.3147,q1_q17_dr25_koi,19.92896,118.94536,84.7,1,111.0,1.0,q1_q17_dr25_tce,11111111111111111000000000000000,0.825,Mandel and Agol (2002 ApJ 580 171),,,004/004141/004141376/dv/kplr004141376-20160209194854_dvr.pdf,004/004141/004141376/dv/kplr004141376-001-20160209194854_dvs.pdf,6147.0,73.0,-92.0,4.412,0.03,-0.027,-0.18,0.15,-0.15,1.04,0.047,-0.047,1.014,0.066,-0.059,,,,q1_q17_dr25_stellar,286.68945,39.21191,11.072,11.385,11.032,10.938,10.931,10.065,9.849,9.785,0.014,19.1126391,2.3e-06,39.212113,3.3e-05,0.412,0.097,0.73,0.12,6e-06,3.4e-05,-6.1e-05,4.1e-05,0.18,0.26,0.58,0.34,0.6,0.38,0.68,0.29,1.1,0.32,1.3,0.4,kplr004141376,Kepler-1655b,16,"(45, 54)","(0.018518518518518517, 0.022222222222222223)"
2898,9592705,K00288.01,Kepler-1714 b,CONFIRMED,Done,2018-08-16,CANDIDATE,1.0,0,0,0,0,q1_q17_dr25_sup_koi,CENT_SATURATED,10.27532513,1.442e-05,-1.442e-05,177.27227,0.00114,-0.00114,2455010.272,0.00114,-0.00114,0.0,,,,,,0.315,0.123,-0.315,6.3093,0.0396,-0.0396,,,,209.7,2.4,-2.4,0.013362,0.000174,-0.000244,0.30955,0.06478,-0.04551,LS+MCMC,3.04,0.15,-0.21,0.1047,,,88.49,,,1211.0,,,508.21,75.8,-92.88,12.0,2.5,-2.5,Claret (2011 A&A 529 75) ATLAS LS,0.0,0.0,0.3061,0.3279,q1_q17_dr25_koi,9.725593,63.530613,99.5,1,126.0,1.0,q1_q17_dr25_tce,11111111111111111000000000000000,0.2835,Mandel and Agol (2002 ApJ 580 171),,,009/009592/009592705/dv/kplr009592705-20160209194854_dvr.pdf,009/009592/009592705/dv/kplr009592705-001-20160209194854_dvs.pdf,6150.0,73.0,-85.0,3.96,0.03,-0.027,0.22,0.15,-0.15,2.086,0.098,-0.147,1.448,0.059,-0.148,,,,q1_q17_dr25_stellar,293.71646,46.226654,11.02,11.509,11.05,,,10.011,9.774,9.705,0.0,19.5810848,3.6e-06,46.226522,3.5e-05,-0.47,0.14,-0.48,0.13,4.9e-05,2.9e-05,6.4e-05,2.7e-05,-1.05,0.59,-1.43,0.53,1.77,0.73,-1.48,0.52,-1.1,0.46,1.84,0.64,kplr009592705,Kepler-1714b,18,"(65, 78)","(0.01282051282051282, 0.015384615384615385)"
2900,10386922,K00289.01,Kepler-511 c,CONFIRMED,Done,2018-08-16,CANDIDATE,1.0,0,0,0,0,q1_q17_dr25_sup_koi,NO_COMMENT,26.62941953,4.592e-05,-4.592e-05,191.99627,0.00137,-0.00137,2455024.996,0.00137,-0.00137,0.0,,,,,,0.015,0.412,-0.015,7.8709,0.0565,-0.0565,,,,492.8,5.2,-5.2,0.020245,0.000451,-0.000177,0.48937,0.00164,-0.15557,LS+MCMC,3.13,0.49,-0.66,0.1722,,,89.97,,,742.0,,,71.75,30.93,-30.34,26.3735,0.0884,-0.0884,Claret (2011 A&A 529 75) ATLAS LS,0.0,0.0,0.2736,0.3819,q1_q17_dr25_koi,17.270172,76.47349,106.9,2,48.0,2.0,q1_q17_dr25_tce,11111111111111111000000000000000,0.1569,Mandel and Agol (2002 ApJ 580 171),,,010/010386/010386922/dv/kplr010386922-20160209194854_dvr.pdf,010/010386/010386922/dv/kplr010386922-002-20160209194854_dvs.pdf,5866.0,105.0,-105.0,4.117,0.195,-0.105,-0.2,0.15,-0.15,1.417,0.219,-0.301,0.958,0.083,-0.075,,,,q1_q17_dr25_stellar,282.94565,47.574905,12.747,13.227,12.687,12.54,,11.534,11.22,11.187,0.862,18.8630414,4.1e-06,47.574913,3.4e-05,-0.09,0.15,0.03,0.12,-1.6e-05,7.3e-05,-1.6e-05,6.2e-05,-0.12,0.16,0.05,0.15,0.13,0.17,-0.36,0.15,0.07,0.14,0.37,0.16,kplr010386922,Kepler-511c,16,"(45, 54)","(0.018518518518518517, 0.022222222222222223)"
2901,10386922,K00289.02,Kepler-511 b,CONFIRMED,Done,2018-08-16,CANDIDATE,1.0,0,0,0,0,q1_q17_dr25_sup_koi,NO_COMMENT,296.6375817,0.0004051,-0.0004051,403.672042,0.000914,-0.000914,2455236.672,0.000914,-0.000914,0.0,,,,,,0.429,0.093,-0.184,16.425,0.101,-0.101,,,,2763.1,11.7,-11.7,0.048876,0.001537,-0.00062,0.49498,0.13544,-0.04555,LS+MCMC,7.56,1.17,-1.6,0.8589,,,89.81,,,332.0,,,2.88,1.25,-1.22,132.0,36.1,-36.1,Claret (2011 A&A 529 75) ATLAS LS,0.0,0.0,0.2736,0.3819,q1_q17_dr25_koi,76.81527,149.8542,250.0,2,4.0,1.0,q1_q17_dr25_tce,11111111111111111000000000000000,0.6951,Mandel and Agol (2002 ApJ 580 171),,,010/010386/010386922/dv/kplr010386922-20160209194854_dvr.pdf,010/010386/010386922/dv/kplr010386922-001-20160209194854_dvs.pdf,5866.0,105.0,-105.0,4.117,0.195,-0.105,-0.2,0.15,-0.15,1.417,0.219,-0.301,0.958,0.083,-0.075,,,,q1_q17_dr25_stellar,282.94565,47.574905,12.747,13.227,12.687,12.54,,11.534,11.22,11.187,0.003,18.8630428,1.9e-06,47.574877,1.6e-05,-0.04,0.068,-0.099,0.057,-0.00024,0.00023,0.00028,0.00024,0.05,0.069,-0.02,0.15,0.054,0.087,-0.111,0.089,0.03,0.081,0.115,0.088,kplr010386922,Kepler-511b,11,"(18, 22)","(0.045454545454545456, 0.05555555555555555)"
2904,11015108,K00344.01,Kepler-530 b,CONFIRMED,Done,2018-08-16,CANDIDATE,1.0,0,0,0,0,q1_q17_dr25_sup_koi,NO_COMMENT,39.30944096,4.79e-05,-4.79e-05,171.334861,0.000954,-0.000954,2455004.335,0.000954,-0.000954,0.0,,,,,,0.028,0.335,-0.028,5.77,0.0376,-0.0376,,,,1132.1,10.6,-10.6,0.030434,0.000544,-0.000212,1.8866,0.06411,-0.35378,LS+MCMC,2.87,0.37,-0.14,0.2212,,,89.97,,,488.0,,,13.46,5.0,-2.25,53.61,1.8,-1.8,Claret (2011 A&A 529 75) ATLAS LS,0.0,0.0,0.2327,0.4526,q1_q17_dr25_koi,20.90005,95.34753,122.9,1,36.0,1.0,q1_q17_dr25_tce,11111111111111111000000000000000,0.4815,Mandel and Agol (2002 ApJ 580 171),,,011/011015/011015108/dv/kplr011015108-20160209194854_dvr.pdf,011/011015/011015108/dv/kplr011015108-001-20160209194854_dvs.pdf,5607.0,101.0,-112.0,4.536,0.028,-0.112,-0.04,0.15,-0.15,0.863,0.112,-0.043,0.932,0.046,-0.073,,,,q1_q17_dr25_stellar,283.34027,48.549042,13.4,13.841,13.367,13.211,13.192,12.303,11.939,11.9,0.014,18.8893449,3.4e-06,48.549149,3.7e-05,-0.25,0.12,0.39,0.13,0.00025,0.00014,-0.00016,0.00016,-0.089,0.087,-0.038,0.098,0.096,0.087,-0.043,0.09,0.12,0.1,0.128,0.097,kplr011015108,Kepler-530b,14,"(31, 37)","(0.02702702702702703, 0.03225806451612903)"
2905,11074541,K00345.01,Kepler-531 b,CONFIRMED,Done,2018-08-16,CANDIDATE,1.0,0,0,0,0,q1_q17_dr25_sup_koi,NO_COMMENT,29.88487723,3.072e-05,-3.072e-05,173.194404,0.000819,-0.000819,2455006.194,0.000819,-0.000819,0.0,,,,,,0.658,0.031,-0.454,4.5612,0.0413,-0.0413,,,,1275.7,11.3,-11.3,0.034344,0.000123,-0.0023,1.35029,1.31285,-0.11252,LS+MCMC,2.81,0.12,-0.19,0.1694,,,89.06,,,453.0,,,9.95,1.78,-1.98,39.9,19.4,-19.4,Claret (2011 A&A 529 75) ATLAS LS,0.0,0.0,0.1611,0.5575,q1_q17_dr25_koi,22.359093,106.15765,128.3,1,35.0,1.0,q1_q17_dr25_tce,11111110111011101000000000000000,0.8478,Mandel and Agol (2002 ApJ 580 171),,,011/011074/011074541/dv/kplr011074541-20160209194854_dvr.pdf,011/011074/011074541/dv/kplr011074541-001-20160209194854_dvs.pdf,4883.0,97.0,-97.0,4.549,0.06,-0.02,-0.08,0.15,-0.15,0.749,0.033,-0.051,0.725,0.052,-0.03,,,,q1_q17_dr25_stellar,286.52481,48.683601,13.34,14.121,13.247,13.005,12.846,11.772,11.245,11.177,0.208,19.1016491,2.6e-06,48.683625,2.6e-05,-0.176,0.093,0.091,0.094,-0.00016,0.00012,-5e-05,0.00013,0.07,0.11,-0.22,0.17,0.23,0.14,-0.25,0.11,-0.28,0.17,0.37,0.18,kplr011074541,Kepler-531b,13,"(26, 31)","(0.03225806451612903, 0.038461538461538464)"
2915,6021275,K00284.02,Kepler-132 c,CONFIRMED,Done,2018-08-16,CANDIDATE,0.919,0,0,0,0,q1_q17_dr25_sup_koi,NO_COMMENT,6.41491277,1.259e-05,-1.259e-05,169.64044,0.00153,-0.00153,2455002.64,0.00153,-0.00153,0.0,,,,,,0.869,0.057,-0.584,3.3629,0.0481,-0.0481,,,,121.0,2.6,-2.6,0.011625,0.00086,-0.001521,0.2021,1.07776,-0.00559,LS+MCMC,1.4,0.2,-0.22,0.0659,,,83.44,,,1069.0,,,309.12,124.36,-106.48,7.6,3.7,-3.7,Claret (2011 A&A 529 75) ATLAS LS,0.0,0.0,0.2916,0.3447,q1_q17_dr25_koi,7.7865133,39.241306,51.1,4,161.0,1.0,q1_q17_dr25_tce,11110111011101110000000000000000,0.818,Mandel and Agol (2002 ApJ 580 171),,,006/006021/006021275/dv/kplr006021275-20160209194854_dvr.pdf,006/006021/006021275/dv/kplr006021275-001-20160209194854_dvs.pdf,5931.0,107.0,-118.0,4.322,0.137,-0.112,-0.24,0.15,-0.15,1.101,0.157,-0.173,0.929,0.066,-0.066,,,,q1_q17_dr25_stellar,283.23581,41.34304,11.818,12.172,11.749,11.666,11.632,10.797,10.516,10.424,0.0,18.8824046,7.2e-06,41.342918,7.6e-05,0.7,0.29,-0.44,0.27,-0.000109,3.5e-05,5.6e-05,3.3e-05,0.27,0.24,0.77,0.24,0.82,0.27,0.02,0.26,0.75,0.24,0.75,0.24,kplr006021275,Kepler-132c,19,"(78, 93)","(0.010752688172043012, 0.01282051282051282)"
2920,10933561,K00291.01,Kepler-133 c,CONFIRMED,Done,2018-08-16,CANDIDATE,0.995,0,0,0,0,q1_q17_dr25_sup_koi,NO_COMMENT,31.51779463,9.375e-05,-9.375e-05,185.1533,0.00223,-0.00223,2455018.153,0.00223,-0.00223,0.0,,,,,,0.561,0.02,-0.455,7.634,0.0784,-0.0784,,,,357.6,6.1,-6.1,0.017813,0.001953,-0.000659,0.36609,0.20642,-0.28129,LS+MCMC,2.72,0.41,-0.61,0.1951,,,88.8,,,663.0,,,45.68,19.87,-20.03,26.79,7.6,-7.6,Claret (2011 A&A 529 75) ATLAS LS,0.0,0.0,0.2286,0.4641,q1_q17_dr25_koi,10.422963,46.380043,63.2,2,34.0,1.0,q1_q17_dr25_tce,11111101110111011000000000000000,0.161,Mandel and Agol (2002 ApJ 580 171),,,010/010933/010933561/dv/kplr010933561-20160209194854_dvr.pdf,010/010933/010933561/dv/kplr010933561-001-20160209194854_dvs.pdf,5611.0,114.0,-91.0,4.144,0.195,-0.105,0.16,0.15,-0.15,1.4,0.211,-0.316,0.995,0.087,-0.072,,,,q1_q17_dr25_stellar,297.27798,48.320332,12.848,13.328,12.789,12.642,12.578,11.68,11.399,11.32,0.03,19.8185452,7.2e-06,48.320433,7.3e-05,0.48,0.26,0.37,0.26,-0.000187,9.1e-05,-5.7e-05,9.3e-05,0.6,0.27,0.1,0.27,0.6,0.28,0.44,0.27,0.23,0.26,0.5,0.31,kplr010933561,Kepler-133c,17,"(54, 65)","(0.015384615384615385, 0.018518518518518517)"
2924,11075737,K00292.01,Kepler-97 b,CONFIRMED,Done,2018-08-16,CANDIDATE,1.0,0,0,0,0,q1_q17_dr25_sup_koi,NO_COMMENT,2.586639524,2.709e-06,-2.709e-06,171.842572,0.0008,-0.0008,2455004.843,0.0008,-0.0008,0.0,,,,,,0.349,0.077,-0.349,2.253,0.0265,-0.0265,,,,217.7,3.3,-3.3,0.013613,0.000151,-0.00032,1.65901,0.4457,-0.20775,LS+MCMC,1.44,0.19,-0.16,0.0356,,,87.61,,,1328.0,,,735.48,282.45,-198.83,8.37,2.2,-2.2,Claret (2011 A&A 529 75) ATLAS LS,0.0,0.0,0.2711,0.3858,q1_q17_dr25_koi,6.1617537,57.04997,77.3,1,411.0,1.0,q1_q17_dr25_tce,11111110111011101000000000000000,0.7193,Mandel and Agol (2002 ApJ 580 171),,,011/011075/011075737/dv/kplr011075737-20160209194854_dvr.pdf,011/011075/011075737/dv/kplr011075737-001-20160209194854_dvs.pdf,5780.0,103.0,-115.0,4.421,0.1,-0.1,-0.2,0.15,-0.15,0.966,0.131,-0.107,0.899,0.067,-0.056,,,,q1_q17_dr25_stellar,287.32663,48.673431,12.872,13.296,12.834,12.69,12.665,11.744,11.408,11.345,0.003,19.1550969,4.8e-06,48.673457,4.7e-05,-0.4,0.17,0.1,0.17,5.9e-05,3.5e-05,-5.1e-05,3.5e-05,0.08,0.1,0.0,0.19,0.08,0.1,-0.11,0.11,-0.14,0.17,0.18,0.16,kplr011075737,Kepler-97b,18,"(65, 78)","(0.01282051282051282, 0.015384615384615385)"
2926,11194032,K00348.01,Kepler-533 b,CONFIRMED,Done,2018-08-16,CANDIDATE,1.0,0,0,0,0,q1_q17_dr25_sup_koi,NO_COMMENT,28.51117639,2.651e-05,-2.651e-05,187.363955,0.000731,-0.000731,2455020.364,0.000731,-0.000731,0.0,,,,,,0.77,0.006,-0.557,4.5941,0.0706,-0.0706,,,,1844.6,14.7,-14.7,0.04343,0.000791,-0.004334,0.86664,1.78215,-0.27827,LS+MCMC,3.27,0.19,-0.13,0.165,,,88.68,,,423.0,,,7.55,1.57,-1.13,33.4,13.7,-13.7,Claret (2011 A&A 529 75) ATLAS LS,0.0,0.0,0.1082,0.627,q1_q17_dr25_koi,26.702084,132.19527,145.5,1,47.0,1.0,q1_q17_dr25_tce,11111111111111111000000000000000,0.8642,Mandel and Agol (2002 ApJ 580 171),,,011/011194/011194032/dv/kplr011194032-20160209194854_dvr.pdf,011/011194/011194032/dv/kplr011194032-001-20160209194854_dvs.pdf,4687.0,93.0,-93.0,4.627,0.015,-0.039,0.0,0.15,-0.15,0.69,0.039,-0.028,0.748,0.032,-0.043,,,,q1_q17_dr25_stellar,293.68573,48.825142,13.933,14.814,13.865,13.555,13.393,12.335,11.778,11.683,0.461,19.5790469,2e-06,48.825027,2e-05,-0.084,0.072,-0.408,0.071,0.00012,0.00014,4e-05,0.00016,0.021,0.085,0.04,0.11,0.05,0.11,0.008,0.085,-0.27,0.11,0.27,0.11,kplr011194032,Kepler-533b,12,"(22, 26)","(0.038461538461538464, 0.045454545454545456)"
2927,11394027,K00349.01,Kepler-1664 b,CONFIRMED,Done,2018-08-16,CANDIDATE,1.0,0,0,0,0,q1_q17_dr25_sup_koi,NO_COMMENT,14.38682567,1.676e-05,-1.676e-05,170.455049,0.000885,-0.000885,2455003.455,0.000885,-0.000885,0.0,,,,,,0.021,0.411,-0.021,2.1417,0.0323,-0.0323,,,,569.6,10.9,-10.9,0.021663,0.000615,-0.000263,13.16605,0.18791,-4.74161,LS+MCMC,2.54,0.37,-0.34,0.1137,,,89.98,,,776.0,,,85.46,35.45,-26.28,52.421,0.748,-0.748,Claret (2011 A&A 529 75) ATLAS LS,0.0,0.0,0.2622,0.4035,q1_q17_dr25_koi,11.089349,53.316696,61.7,1,78.0,1.0,q1_q17_dr25_tce,11111110111011101000000000000000,0.2643,Mandel and Agol (2002 ApJ 580 171),,,011/011394/011394027/dv/kplr011394027-20160209194854_dvr.pdf,011/011394/011394027/dv/kplr011394027-001-20160209194854_dvs.pdf,5725.0,104.0,-115.0,4.353,0.126,-0.103,0.0,0.15,-0.15,1.072,0.158,-0.143,0.944,0.074,-0.056,,,,q1_q17_dr25_stellar,286.85266,49.261681,13.586,14.063,13.513,13.382,13.322,12.465,12.141,12.054,0.0,19.1235022,7.4e-06,49.261807,7.3e-05,-0.32,0.26,0.46,0.26,0.0003,0.00015,-0.00044,0.00015,-0.02,0.13,-0.06,0.17,0.06,0.17,0.01,0.14,-0.15,0.18,0.15,0.18,kplr011394027,Kepler-1664b,16,"(45, 54)","(0.018518518518518517, 0.022222222222222223)"
2930,11442793,K00351.01,Kepler-90 h,CONFIRMED,Done,2018-08-16,CANDIDATE,0.0,0,0,0,0,q1_q17_dr25_sup_koi,MOD_SEC_DV---MOD_SEC_ALT,331.5972732,0.0002459,-0.0002459,140.498929,0.000586,-0.000586,2454973.499,0.000586,-0.000586,0.0,,,,,,0.02,0.136,-0.02,14.404,0.0319,-0.0319,,,,8322.1,25.3,-25.3,0.083115,0.000302,-0.000124,1.18855,0.00281,-0.05302,LS+MCMC,10.89,1.77,-1.45,0.9654,,,89.99,,,294.0,,,1.76,0.79,-0.55,190.456,0.45,-0.45,Claret (2011 A&A 529 75) ATLAS LS,0.0,0.0,0.2844,0.3661,q1_q17_dr25_koi,183.05147,249.14,355.0,7,3.0,1.0,q1_q17_dr25_tce,11111110111011101000000000000000,0.0013,Mandel and Agol (2002 ApJ 580 171),,,011/011442/011442793/dv/kplr011442793-20160209194854_dvr.pdf,011/011442/011442793/dv/kplr011442793-001-20160209194854_dvs.pdf,5970.0,107.0,-131.0,4.317,0.11,-0.121,0.1,0.15,-0.15,1.2,0.195,-0.16,1.089,0.089,-0.08,,,,q1_q17_dr25_stellar,284.4335,49.305161,13.804,14.139,13.741,13.66,13.634,12.79,12.531,12.482,0.086,18.9622327,1.2e-06,49.305168,1.2e-05,0.0,0.043,0.029,0.043,-9e-05,0.00088,0.0004,0.0013,-0.051,0.073,-0.078,0.078,0.093,0.077,-0.011,0.075,-0.13,0.095,0.13,0.095,kplr011442793,Kepler-90h,9,"(12, 15)","(0.06666666666666667, 0.08333333333333333)"
2933,8866102,K00042.01,Kepler-410 A b,CONFIRMED,Done,2018-08-16,CANDIDATE,1.0,0,0,0,0,q1_q17_dr25_sup_koi,CENT_SATURATED,17.83367834,1.385e-05,-1.385e-05,181.233943,0.000603,-0.000603,2455014.234,0.000603,-0.000603,0.0,,,,,,0.013,0.278,-0.013,4.5112,0.0195,-0.0195,,,,326.9,2.4,-2.4,0.016638,0.000172,-6.9e-05,1.72198,0.01733,-0.24545,LS+MCMC,2.43,0.12,-0.14,0.1424,,,89.97,,,866.0,,,132.94,20.74,-20.33,30.706,0.309,-0.309,Claret (2011 A&A 529 75) ATLAS LS,0.0,0.0,0.3119,0.2971,q1_q17_dr25_koi,22.795134,130.61235,154.5,1,75.0,1.0,q1_q17_dr25_tce,11111111111111111000000000000000,0.1735,Mandel and Agol (2002 ApJ 580 171),,,008/008866/008866102/dv/kplr008866102-20160209194854_dvr.pdf,008/008866/008866102/dv/kplr008866102-001-20160209194854_dvs.pdf,6407.0,76.0,-83.0,4.268,0.03,-0.03,0.0,0.15,-0.15,1.337,0.067,-0.074,1.208,0.068,-0.093,,,,q1_q17_dr25_stellar,283.1507,45.139832,9.364,9.669,9.329,9.234,9.299,8.417,8.191,8.14,0.0,18.8767195,3.6e-06,45.139992,2.9e-05,0.26,0.14,0.58,0.11,0.000252,4.5e-05,0.000146,3.4e-05,-0.6,0.86,-0.18,0.9,0.63,0.87,1.23,0.73,0.51,0.95,1.33,0.72,kplr008866102,Kepler-410Ab,17,"(54, 65)","(0.015384615384615385, 0.018518518518518517)"
2934,4143755,K00281.01,Kepler-510 b,CONFIRMED,Done,2018-08-16,CANDIDATE,1.0,0,0,0,0,q1_q17_dr25_sup_koi,NO_COMMENT,19.55662003,3.697e-05,-3.697e-05,189.04354,0.00147,-0.00147,2455022.044,0.00147,-0.00147,0.0,,,,,,0.606,0.18,-0.41,8.087,0.052,-0.052,,,,298.9,3.1,-3.1,0.01649,0.000196,-0.000676,0.17036,0.12556,-0.09089,LS+MCMC,2.45,0.12,-0.09,0.134,,,87.7,,,797.0,,,95.35,17.77,-9.89,15.1,5.6,-5.6,Claret (2011 A&A 529 75) ATLAS LS,0.0,0.0,0.2787,0.3719,q1_q17_dr25_koi,14.83938,82.66198,111.0,1,70.0,1.0,q1_q17_dr25_tce,11111111111111111000000000000000,0.9117,Mandel and Agol (2002 ApJ 580 171),,,004/004143/004143755/dv/kplr004143755-20160209194854_dvr.pdf,004/004143/004143755/dv/kplr004143755-001-20160209194854_dvs.pdf,5671.0,111.0,-51.0,4.094,0.033,-0.027,-0.36,0.1,-0.1,1.36,0.065,-0.049,0.839,0.047,-0.014,,,,q1_q17_dr25_stellar,287.655,39.244289,11.947,12.359,11.925,11.77,11.695,10.836,10.486,10.446,0.771,19.1769992,3.2e-06,39.24423,4.6e-05,-0.03,0.14,-0.22,0.16,1.2e-05,4e-05,1.5e-05,4.9e-05,0.02,0.18,0.1,0.27,0.1,0.28,0.06,0.19,-0.1,0.25,0.11,0.23,kplr004143755,Kepler-510b,17,"(54, 65)","(0.015384615384615385, 0.018518518518518517)"
2944,11259686,K00294.01,Kepler-512 b,CONFIRMED,Done,2018-08-16,CANDIDATE,0.59,0,0,0,0,q1_q17_dr25_sup_koi,NO_COMMENT,34.4359387,9.569e-05,-9.569e-05,193.038,0.00196,-0.00196,2455026.038,0.00196,-0.00196,0.0,,,,,,0.017,0.388,-0.017,5.82,0.0692,-0.0692,,,,424.5,9.3,-9.3,0.018691,0.000491,-0.000264,1.55714,0.00833,-0.51609,LS+MCMC,2.78,0.48,-0.48,0.2194,,,89.98,,,652.0,,,42.68,20.42,-15.99,46.043,0.246,-0.246,Claret (2011 A&A 529 75) ATLAS LS,0.0,0.0,0.2845,0.3747,q1_q17_dr25_koi,11.234415,46.869064,52.6,1,31.0,1.0,q1_q17_dr25_tce,11111101110111011000000000000000,0.8962,Mandel and Agol (2002 ApJ 580 171),,,011/011259/011259686/dv/kplr011259686-20160209194854_dvr.pdf,011/011259/011259686/dv/kplr011259686-001-20160209194854_dvs.pdf,5929.0,107.0,-131.0,4.243,0.137,-0.125,0.3,0.1,-0.15,1.363,0.236,-0.236,1.185,0.078,-0.095,,,,q1_q17_dr25_stellar,298.26895,48.91674,12.674,13.054,12.627,12.511,12.478,11.617,11.347,11.315,0.0,19.8845975,6.6e-06,48.916915,6.1e-05,0.01,0.24,0.63,0.22,0.00014,0.0001,-0.000204,9.5e-05,-0.74,0.19,-0.49,0.21,0.88,0.24,-0.68,0.18,-0.27,0.21,0.73,0.22,kplr011259686,Kepler-512b,17,"(54, 65)","(0.015384615384615385, 0.018518518518518517)"
2945,11547513,K00295.01,Kepler-134 b,CONFIRMED,Done,2018-08-16,CANDIDATE,1.0,0,0,0,0,q1_q17_dr25_sup_koi,NO_COMMENT,5.317440164,6.376e-06,-6.376e-06,171.875619,0.000897,-0.000897,2455004.876,0.000897,-0.000897,0.0,,,,,,0.72,0.119,-0.489,2.9331,0.0378,-0.0378,,,,292.5,4.1,-4.1,0.016817,0.002353,-0.000969,0.66401,1.03624,-0.03972,LS+MCMC,1.94,0.3,-0.22,0.059,,,85.86,,,1105.0,,,351.52,152.76,-99.11,9.97,3.9,-3.9,Claret (2011 A&A 529 75) ATLAS LS,0.0,0.0,0.2889,0.3511,q1_q17_dr25_koi,9.527587,70.34148,80.9,2,201.0,1.0,q1_q17_dr25_tce,11111110111011101000000000000000,0.917,Mandel and Agol (2002 ApJ 580 171),,,011/011547/011547513/dv/kplr011547513-20160209194854_dvr.pdf,011/011547/011547513/dv/kplr011547513-001-20160209194854_dvs.pdf,5923.0,107.0,-131.0,4.377,0.099,-0.121,-0.14,0.15,-0.15,1.054,0.164,-0.12,0.966,0.067,-0.067,,,,q1_q17_dr25_stellar,284.73904,49.5984,12.324,12.717,12.259,12.155,,11.26,10.984,10.951,0.028,18.9826049,4.1e-06,49.598394,4.5e-05,0.06,0.14,-0.03,0.16,8e-06,4.2e-05,6.3e-05,4.7e-05,0.02,0.13,-0.06,0.16,0.07,0.17,0.12,0.16,0.08,0.12,0.15,0.15,kplr011547513,Kepler-134b,17,"(54, 65)","(0.015384615384615385, 0.018518518518518517)"
2947,11802615,K00296.01,Kepler-513 b,CONFIRMED,Done,2018-08-16,CANDIDATE,1.0,0,0,0,0,q1_q17_dr25_sup_koi,NO_COMMENT,28.86236571,6.235e-05,-6.235e-05,178.48498,0.00165,-0.00165,2455011.485,0.00165,-0.00165,0.0,,,,,,0.778,0.026,-0.536,5.4033,0.0637,-0.0637,,,,449.2,8.0,-8.0,0.021303,0.000165,-0.001885,0.44868,1.01661,-0.22586,LS+MCMC,2.53,0.37,-0.37,0.1789,,,88.35,,,623.0,,,35.56,15.07,-11.5,27.0,12.3,-12.3,Claret (2011 A&A 529 75) ATLAS LS,0.0,0.0,0.2676,0.3928,q1_q17_dr25_koi,12.088516,54.010296,64.4,1,36.0,1.0,q1_q17_dr25_tce,11111110111011101000000000000000,0.244,Mandel and Agol (2002 ApJ 580 171),,,011/011802/011802615/dv/kplr011802615-20160209194854_dvr.pdf,011/011802/011802615/dv/kplr011802615-001-20160209194854_dvs.pdf,5725.0,114.0,-103.0,4.326,0.137,-0.112,-0.08,0.15,-0.15,1.088,0.16,-0.16,0.915,0.073,-0.053,,,,q1_q17_dr25_stellar,285.04169,50.075378,12.935,13.32,12.871,12.77,12.706,11.846,11.551,11.469,0.41,19.0027829,7.3e-06,50.075443,7.4e-05,0.12,0.25,0.23,0.27,-0.00013,0.00012,-4e-05,0.00012,0.03,0.21,-0.07,0.32,0.07,0.33,-0.18,0.22,0.05,0.34,0.19,0.25,kplr011802615,Kepler-513b,16,"(45, 54)","(0.018518518518518517, 0.022222222222222223)"
2948,11442793,K00351.02,Kepler-90 g,CONFIRMED,Done,2018-08-16,CANDIDATE,0.88,0,0,0,0,q1_q17_dr25_sup_koi,NO_COMMENT,210.6013843,0.0002347,-0.0002347,147.056867,0.000886,-0.000886,2454980.057,0.000886,-0.000886,0.0,,,,,,0.002,0.172,-0.002,11.9922,0.0347,-0.0347,,,,4159.3,18.5,-18.5,0.058748,0.00028,-0.00014,1.22233,0.00639,-0.08123,LS+MCMC,7.7,1.25,-1.03,0.7133,,,90.0,,,342.0,,,3.22,1.45,-1.01,142.042,0.743,-0.743,Claret (2011 A&A 529 75) ATLAS LS,0.0,0.0,0.2844,0.3661,q1_q17_dr25_koi,74.07316,101.80441,232.4,7,6.0,2.0,q1_q17_dr25_tce,11111110111011101000000000000000,0.254,Mandel and Agol (2002 ApJ 580 171),,,011/011442/011442793/dv/kplr011442793-20160209194854_dvr.pdf,011/011442/011442793/dv/kplr011442793-002-20160209194854_dvs.pdf,5970.0,107.0,-131.0,4.317,0.11,-0.121,0.1,0.15,-0.15,1.2,0.195,-0.16,1.089,0.089,-0.08,,,,q1_q17_dr25_stellar,284.4335,49.305161,13.804,14.139,13.741,13.66,13.634,12.79,12.531,12.482,0.014,18.9622302,2e-06,49.305155,2e-05,-0.087,0.072,-0.018,0.073,0.00032,0.0005,0.00041,0.00069,-0.086,0.078,-0.09,0.17,0.12,0.14,-0.071,0.078,-0.18,0.16,0.19,0.15,kplr011442793,Kepler-90g,10,"(15, 18)","(0.05555555555555555, 0.06666666666666667)"
2971,2692377,K00299.01,Kepler-98 b,CONFIRMED,Done,2018-08-16,CANDIDATE,1.0,0,0,0,0,q1_q17_dr25_sup_koi,NO_COMMENT,1.541676547,1.139e-06,-1.139e-06,170.543719,0.000605,-0.000605,2455003.544,0.000605,-0.000605,0.0,,,,,,0.362,0.067,-0.362,1.9118,0.0213,-0.0213,,,,296.5,3.7,-3.7,0.015785,0.000136,-0.000457,1.62021,0.42447,-0.24556,LS+MCMC,1.88,0.27,-0.28,0.0256,,,86.47,,,1592.0,,,1517.84,645.82,-492.42,5.88,1.5,-1.5,Claret (2011 A&A 529 75) ATLAS LS,0.0,0.0,0.224,0.4695,q1_q17_dr25_koi,5.5311894,46.360554,94.1,1,869.0,1.0,q1_q17_dr25_tce,11111111111111111000000000000000,0.9843,Mandel and Agol (2002 ApJ 580 171),,,002/002692/002692377/dv/kplr002692377-20160209194854_dvr.pdf,002/002692/002692377/dv/kplr002692377-001-20160209194854_dvs.pdf,5533.0,110.0,,4.337,0.132,-0.108,0.18,0.15,-0.15,1.089,0.161,-0.161,0.94,0.067,-0.047,,,,q1_q17_dr25_stellar,285.66165,37.9645,12.899,13.424,12.843,12.675,12.618,11.672,11.316,11.253,0.062,19.0441015,3.8e-06,37.964416,5.6e-05,-0.36,0.16,-0.3,0.2,5.1e-05,3.4e-05,2e-05,4.2e-05,0.156,0.097,0.09,0.12,0.18,0.12,0.268,0.095,0.2,0.1,0.33,0.12,kplr002692377,Kepler-98b,17,"(54, 65)","(0.015384615384615385, 0.018518518518518517)"
2974,11568987,K00354.01,Kepler-534 b,CONFIRMED,Done,2018-08-16,CANDIDATE,1.0,0,0,0,0,q1_q17_dr25_sup_koi,NO_COMMENT,15.95995611,2.466e-05,-2.466e-05,171.52098,0.00126,-0.00126,2455004.521,0.00126,-0.00126,0.0,,,,,,0.526,0.016,-0.429,4.3149,0.047,-0.047,,,,523.2,7.9,-7.9,0.02152,0.002835,-0.00061,1.12586,0.53899,-0.71769,LS+MCMC,2.27,0.32,-0.12,0.1272,,,88.78,,,721.0,,,63.95,25.18,-11.33,24.7,11.8,-11.8,Claret (2011 A&A 529 75) ATLAS LS,0.0,0.0,0.2844,0.3661,q1_q17_dr25_koi,12.211017,55.782005,70.9,2,81.0,1.0,q1_q17_dr25_tce,11111111111111111000000000000000,0.9347,Mandel and Agol (2002 ApJ 580 171),,,011/011568/011568987/dv/kplr011568987-20160209194854_dvr.pdf,011/011568/011568987/dv/kplr011568987-001-20160209194854_dvs.pdf,5936.0,94.0,-130.0,4.501,0.019,-0.11,0.07,0.15,-0.15,0.965,0.139,-0.05,1.075,0.053,-0.09,,,,q1_q17_dr25_stellar,296.41855,49.5401,13.235,13.65,13.221,13.057,12.999,12.063,11.775,11.708,0.0,19.7612474,4.6e-06,49.540147,4e-05,0.35,0.16,0.17,0.14,0.000332,8.7e-05,-5.7e-05,7.8e-05,-0.05,0.1,0.14,0.17,0.15,0.15,0.14,0.11,0.21,0.14,0.26,0.15,kplr011568987,Kepler-534b,16,"(45, 54)","(0.018518518518518517, 0.022222222222222223)"
2976,11621223,K00355.01,Kepler-535 b,CONFIRMED,Done,2018-08-16,CANDIDATE,1.0,0,0,0,0,q1_q17_dr25_sup_koi,NO_COMMENT,4.903321801,4.921e-06,-4.921e-06,172.900587,0.000828,-0.000828,2455005.901,0.000828,-0.000828,0.0,,,,,,0.016,0.386,-0.016,2.8887,0.028,-0.028,,,,334.5,4.6,-4.6,0.016695,0.000344,-0.000194,1.80763,0.00379,-0.66176,LS+MCMC,2.37,0.39,-0.36,0.0594,,,89.93,,,1247.0,,,570.65,269.78,-192.98,13.195,0.0277,-0.0277,Claret (2011 A&A 529 75) ATLAS LS,0.0,0.0,0.2826,0.3729,q1_q17_dr25_koi,8.333923,70.7743,84.5,1,273.0,1.0,q1_q17_dr25_tce,11111111111111111000000000000000,0.7631,Mandel and Agol (2002 ApJ 580 171),,,011/011621/011621223/dv/kplr011621223-20160209194854_dvr.pdf,011/011621/011621223/dv/kplr011621223-001-20160209194854_dvs.pdf,6045.0,121.0,-133.0,4.276,0.115,-0.126,0.16,0.15,-0.15,1.298,0.216,-0.194,1.166,0.083,-0.104,,,,q1_q17_dr25_stellar,296.56662,49.696251,13.174,13.523,13.116,13.024,12.998,12.141,11.915,11.845,0.719,19.7711099,4.4e-06,49.696261,4.8e-05,0.05,0.15,0.04,0.17,2.2e-05,5.1e-05,-1.9e-05,5.8e-05,0.06,0.089,-0.08,0.13,0.1,0.11,0.085,0.089,-0.21,0.13,0.23,0.12,kplr011621223,Kepler-535b,17,"(54, 65)","(0.015384615384615385, 0.018518518518518517)"
2977,11624249,K00356.01,Kepler-536 b,CONFIRMED,Done,2018-08-16,CANDIDATE,1.0,0,0,0,0,q1_q17_dr25_sup_koi,NO_COMMENT,1.82708193,4.7e-07,-4.7e-07,170.52583,0.000206,-0.000206,2455003.526,0.000206,-0.000206,0.0,,,,,,0.033,0.239,-0.033,1.96401,0.00799,-0.00799,,,,1164.7,5.0,-5.0,0.030822,0.000294,-0.000109,2.24677,0.01772,-0.27744,LS+MCMC,5.95,3.57,-3.56,0.0276,,,89.74,,,1877.0,,,2925.17,5492.75,-2509.08,7.3464,0.0579,-0.0579,Claret (2011 A&A 529 75) ATLAS LS,0.0,0.0,0.2327,0.4526,q1_q17_dr25_koi,16.902527,263.46945,273.7,1,732.0,1.0,q1_q17_dr25_tce,11111111111111111000000000000000,0.3198,Mandel and Agol (2002 ApJ 580 171),,,011/011624/011624249/dv/kplr011624249-20160209194854_dvr.pdf,011/011624/011624249/dv/kplr011624249-001-20160209194854_dvs.pdf,5311.0,159.0,-159.0,3.864,0.749,-0.321,-0.46,0.3,-0.3,1.769,1.06,-1.06,0.834,0.119,-0.131,,,,q1_q17_dr25_stellar,297.73639,49.63715,13.807,14.448,13.766,13.532,13.393,12.379,11.988,11.892,0.0,19.8490997,1.4e-06,49.637174,1.5e-05,0.269,0.05,0.087,0.053,-0.000253,6e-05,-6.6e-05,6.6e-05,-0.029,0.073,0.046,0.071,0.055,0.071,-0.018,0.073,-0.074,0.073,0.076,0.074,kplr011624249,Kepler-536b,14,"(31, 37)","(0.02702702702702703, 0.03225806451612903)"
2983,5088536,K00282.01,Kepler-130 c,CONFIRMED,Done,2018-08-16,CANDIDATE,1.0,0,0,0,0,q1_q17_dr25_sup_koi,NO_COMMENT,27.50871575,2.239e-05,-2.239e-05,182.103494,0.000635,-0.000635,2455015.103,0.000635,-0.000635,0.0,,,,,,0.577,0.053,-0.417,5.9291,0.0409,-0.0409,,,,639.2,3.7,-3.7,0.023998,0.001387,-0.000828,0.67408,0.43728,-0.3393,LS+MCMC,2.98,0.13,-0.12,0.1754,,,88.9,,,663.0,,,45.66,6.51,-5.82,29.99,9.7,-9.7,Claret (2011 A&A 529 75) ATLAS LS,0.0,0.0,0.2916,0.3447,q1_q17_dr25_koi,26.59167,137.73535,190.3,3,47.0,1.0,q1_q17_dr25_tce,11111111111111111000000000000000,0.3605,Mandel and Agol (2002 ApJ 580 171),,,005/005088/005088536/dv/kplr005088536-20160209194854_dvr.pdf,005/005088/005088536/dv/kplr005088536-001-20160209194854_dvs.pdf,5903.0,70.0,-79.0,4.304,0.02,-0.018,-0.16,0.15,-0.15,1.137,0.05,-0.046,0.95,0.068,-0.061,,,,q1_q17_dr25_stellar,288.45065,40.245327,11.529,12.13,11.581,,,10.81,10.529,10.49,0.728,19.2300396,1.5e-06,40.245254,1.8e-05,-0.173,0.063,-0.261,0.063,2e-05,4.1e-05,-7e-06,4.1e-05,-0.16,0.1,0.04,0.17,0.17,0.11,-0.241,0.099,-0.24,0.16,0.34,0.13,kplr005088536,Kepler-130c,15,"(37, 45)","(0.022222222222222223, 0.02702702702702703)"
2992,8162789,K00521.01,Kepler-1989 b,CONFIRMED,Done,2018-08-16,CANDIDATE,1.0,0,0,0,0,q1_q17_dr25_sup_koi,CENT_KIC_POS,10.161023528,9.176e-06,-9.176e-06,172.000736,0.000741,-0.000741,2455005.001,0.000741,-0.000741,0.0,,,,,,0.716,0.053,-0.501,3.1627,0.0546,-0.0546,,,,1653.9,16.7,-16.7,0.039948,0.002442,-0.002451,1.1647,1.61425,-0.40672,LS+MCMC,4.62,1.37,-0.73,0.0918,,,87.78,,,904.0,,,157.97,141.44,-62.35,18.52,8.6,-8.6,Claret (2011 A&A 529 75) ATLAS LS,0.0,0.0,0.2889,0.3511,q1_q17_dr25_koi,13.335645,101.96851,111.1,2,133.0,1.0,q1_q17_dr25_tce,11111111111111111000000000000000,0.5831,Mandel and Agol (2002 ApJ 580 171),,,008/008162/008162789/dv/kplr008162789-20160209194854_dvr.pdf,008/008162/008162789/dv/kplr008162789-001-20160209194854_dvs.pdf,6032.0,189.0,-232.0,4.387,0.108,-0.201,-0.14,0.3,-0.3,1.06,0.312,-0.168,0.999,0.153,-0.126,,,,q1_q17_dr25_stellar,290.73517,44.09132,14.633,,14.578,14.463,14.437,13.559,12.893,13.193,0.0,19.3823887,1.9e-06,44.09113,1.5e-05,1.735,0.073,-0.686,0.053,0.00167,0.00014,-0.00058,0.00013,-3.09,0.62,1.8,0.11,3.58,0.54,0.052,0.071,-0.099,0.094,0.111,0.09,kplr008162789,Kepler-1989b,12,"(22, 26)","(0.038461538461538464, 0.045454545454545456)"
2994,8806123,K00523.01,Kepler-177 c,CONFIRMED,Done,2018-08-16,CANDIDATE,0.989,0,0,0,0,q1_q17_dr25_sup_koi,NO_COMMENT,49.41121127,6.273e-05,-6.273e-05,198.238709,0.000923,-0.000923,2455031.239,0.000923,-0.000923,0.0,,,,,,0.885,0.008,-0.014,5.278,0.0815,-0.0815,,,,3184.0,30.2,-30.2,0.061052,0.000513,-0.001095,0.56864,0.07796,-0.06003,LS+MCMC,6.77,1.07,-0.46,0.2655,,,88.79,,,497.0,,,14.48,6.03,-2.64,41.87,5.7,-5.7,Claret (2011 A&A 529 75) ATLAS LS,0.0,0.0,0.2602,0.4096,q1_q17_dr25_koi,28.414448,113.15372,125.4,2,28.0,1.0,q1_q17_dr25_tce,11111111111111111000000000000000,0.6063,Mandel and Agol (2002 ApJ 580 171),,,008/008806/008806123/dv/kplr008806123-20160209194854_dvr.pdf,008/008806/008806123/dv/kplr008806123-001-20160209194854_dvs.pdf,5768.0,78.0,-86.0,4.434,0.054,-0.126,0.14,0.15,-0.15,1.015,0.161,-0.069,1.021,0.062,-0.062,,,,q1_q17_dr25_stellar,286.04712,45.053211,15.0,15.416,14.941,14.822,14.754,13.858,13.57,13.421,0.562,19.0698088,3.4e-06,45.053193,4e-05,0.01,0.13,-0.06,0.14,0.00029,0.00048,0.0001,0.00058,-0.042,0.075,0.003,0.074,0.042,0.075,0.005,0.074,0.011,0.076,0.012,0.076,kplr008806123,Kepler-177c,10,"(15, 18)","(0.05555555555555555, 0.06666666666666667)"
3003,9115800,K00421.01,Kepler-548 b,CONFIRMED,Done,2018-08-16,CANDIDATE,1.0,0,0,0,0,q1_q17_dr25_sup_koi,NO_COMMENT,4.454194254,3.36e-07,-3.36e-07,172.8202233,5.85e-05,-5.85e-05,2455005.82,5.85e-05,-5.85e-05,0.0,,,,,,0.479,0.029,-0.038,2.3061,0.0122,-0.0122,,,,16042.0,20.1,-20.1,0.117743,0.000558,-0.00074,3.16564,0.1883,-0.19763,LS+MCMC,11.76,3.12,-1.77,0.0495,,,88.16,,,1017.0,,,252.22,206.37,-90.99,14.918,0.887,-0.887,Claret (2011 A&A 529 75) ATLAS LS,0.0,0.0,0.2043,0.4966,q1_q17_dr25_koi,102.56747,1030.3761,1022.2,1,299.0,1.0,q1_q17_dr25_tce,11111111111111111000000000000000,0.0648,Mandel and Agol (2002 ApJ 580 171),,,009/009115/009115800/dv/kplr009115800-20160209194854_dvr.pdf,009/009115/009115800/dv/kplr009115800-001-20160209194854_dvs.pdf,5359.0,175.0,-159.0,4.425,0.136,-0.221,-0.06,0.3,-0.3,0.915,0.242,-0.138,0.812,0.113,-0.061,,,,q1_q17_dr25_stellar,299.90591,45.439678,14.995,15.686,14.949,14.699,14.562,13.581,13.148,13.071,0.0,19.99373893,3.2e-07,45.4396494,3.7e-06,0.441,0.012,-0.11,0.013,0.00058,0.00083,0.0016,0.0012,-0.005,0.067,-0.015,0.067,0.016,0.067,0.109,0.072,-0.175,0.068,0.206,0.07,kplr009115800,Kepler-548b,6,"(7, 9)","(0.1111111111111111, 0.14285714285714285)"
3005,9478990,K00423.01,Kepler-39 b,CONFIRMED,Done,2018-08-16,CANDIDATE,1.0,0,0,0,0,q1_q17_dr25_sup_koi,NO_COMMENT,21.0871953,5.93e-06,-5.93e-06,202.858405,0.000202,-0.000202,2455035.858,0.000202,-0.000202,0.0,,,,,,0.065,0.033,-0.065,5.92691,0.00815,-0.00815,,,,8894.7,18.3,-18.3,0.086833,0.000127,-0.000112,1.09152,0.007,-0.02183,LS+MCMC,14.43,2.49,-3.03,0.1527,,,89.87,,,873.0,,,137.06,66.74,-58.19,29.494,0.189,-0.189,Claret (2011 A&A 529 75) ATLAS LS,0.0,0.0,0.3036,0.3098,q1_q17_dr25_koi,71.818825,370.4678,556.2,2,52.0,1.0,q1_q17_dr25_tce,11111101110111011000000000000000,0.6606,Mandel and Agol (2002 ApJ 580 171),,,009/009478/009478990/dv/kplr009478990-20160209194854_dvr.pdf,009/009478/009478990/dv/kplr009478990-001-20160209194854_dvs.pdf,6266.0,125.0,-125.0,4.101,0.182,-0.098,-0.28,0.15,-0.15,1.522,0.262,-0.32,1.066,0.118,-0.089,,,,q1_q17_dr25_stellar,296.96027,46.034302,14.327,14.742,14.279,14.149,14.076,13.236,12.999,12.918,0.007,19.79735674,4.4e-07,46.0342767,5.2e-06,0.226,0.016,-0.084,0.019,-0.00038,0.00052,2e-05,0.00074,0.006,0.068,-0.018,0.071,0.019,0.07,0.209,0.073,-0.048,0.069,0.214,0.073,kplr009478990,Kepler-39b,9,"(12, 15)","(0.06666666666666667, 0.08333333333333333)"
3010,10990886,K00478.01,Kepler-568 b,CONFIRMED,Done,2018-08-16,CANDIDATE,1.0,0,0,0,0,q1_q17_dr25_sup_koi,CENT_KIC_POS,11.023474798,7.634e-06,-7.634e-06,171.114662,0.000533,-0.000533,2455004.115,0.000533,-0.000533,0.0,,,,,,0.724,0.145,-0.504,1.4814,0.0241,-0.0241,,,,1795.5,27.4,-27.4,0.041967,0.004644,-0.003719,12.0446,19.84622,-6.74055,LS+MCMC,2.46,0.14,-0.19,0.0794,,,89.03,,,429.0,,,8.04,1.67,-1.77,42.6,17.6,-17.6,Claret (2011 A&A 529 75) ATLAS LS,0.0,0.0,0.2107,0.5308,q1_q17_dr25_koi,13.883828,82.51785,77.2,1,96.0,1.0,q1_q17_dr25_tce,11111101110111011000000000000000,0.1846,Mandel and Agol (2002 ApJ 580 171),,,010/010990/010990886/dv/kplr010990886-20160209194854_dvr.pdf,010/010990/010990886/dv/kplr010990886-001-20160209194854_dvs.pdf,3744.0,75.0,-84.0,4.718,0.039,-0.021,0.2,0.15,-0.15,0.537,0.03,-0.041,0.551,0.031,-0.038,,,,q1_q17_dr25_stellar,298.10571,48.40115,14.273,15.89,14.497,13.58,13.129,11.804,11.163,10.963,0.683,19.8737375,5.1e-06,48.401551,4.6e-05,0.84,0.18,1.44,0.17,0.00014,0.00035,-0.0001,0.00035,0.046,0.081,0.06,0.11,0.08,0.11,0.888,0.089,1.51,0.12,1.75,0.13,kplr010990886,Kepler-568b,12,"(22, 26)","(0.038461538461538464, 0.045454545454545456)"
3011,11015323,K00479.01,Kepler-569 b,CONFIRMED,Done,2018-08-16,CANDIDATE,1.0,0,0,0,0,q1_q17_dr25_sup_koi,NO_COMMENT,34.18884323,5.7e-05,-5.7e-05,193.38946,0.00129,-0.00129,2455026.389,0.00129,-0.00129,0.0,,,,,,0.065,0.305,-0.065,5.3278,0.0482,-0.0482,,,,1063.2,14.5,-14.5,0.029377,0.00061,-0.000293,2.06775,0.07459,-0.48784,LS+MCMC,2.97,0.35,-0.26,0.1981,,,89.93,,,526.0,,,18.05,6.39,-4.14,50.37,1.8,-1.8,Claret (2011 A&A 529 75) ATLAS LS,0.0,0.0,0.2327,0.4526,q1_q17_dr25_koi,17.963667,77.942184,83.9,1,41.0,1.0,q1_q17_dr25_tce,11111111111111111000000000000000,0.5567,Mandel and Agol (2002 ApJ 580 171),,,011/011015/011015323/dv/kplr011015323-20160209194854_dvr.pdf,011/011015/011015323/dv/kplr011015323-001-20160209194854_dvs.pdf,5515.0,109.0,-109.0,4.453,0.076,-0.093,0.0,0.15,-0.15,0.925,0.11,-0.08,0.888,0.06,-0.049,,,,q1_q17_dr25_stellar,283.50726,48.552601,14.106,14.578,14.039,13.904,13.847,12.923,12.583,12.513,0.051,18.900487,4.6e-06,48.552718,5.1e-05,0.08,0.16,0.43,0.19,-0.00034,0.00018,-8e-05,0.00021,-0.16,0.12,0.02,0.11,0.16,0.12,-0.21,0.11,0.2,0.12,0.29,0.13,kplr011015323,Kepler-569b,14,"(31, 37)","(0.02702702702702703, 0.03225806451612903)"
3012,11134879,K00480.01,Kepler-570 b,CONFIRMED,Done,2018-08-16,CANDIDATE,1.0,0,0,0,0,q1_q17_dr25_sup_koi,NO_COMMENT,4.30165843,3.67e-06,-3.67e-06,172.311001,0.000678,-0.000678,2455005.311,0.000678,-0.000678,0.0,,,,,,0.547,0.371,-0.337,2.1055,0.0295,-0.0295,,,,739.4,9.8,-9.8,0.025589,0.004696,-0.000878,2.54886,1.4113,-1.86501,LS+MCMC,2.42,0.55,-0.24,0.0497,,,87.69,,,1009.0,,,244.48,170.96,-66.17,13.56,3.8,-3.8,Claret (2011 A&A 529 75) ATLAS LS,0.0,0.0,0.2327,0.4526,q1_q17_dr25_koi,8.439959,83.365845,88.3,1,314.0,1.0,q1_q17_dr25_tce,11111111111111111000000000000000,0.4329,Mandel and Agol (2002 ApJ 580 171),,,011/011134/011134879/dv/kplr011134879-20160209194854_dvr.pdf,011/011134/011134879/dv/kplr011134879-001-20160209194854_dvs.pdf,5480.0,164.0,-147.0,4.509,0.063,-0.147,-0.04,0.3,-0.3,0.865,0.198,-0.085,0.881,0.091,-0.082,,,,q1_q17_dr25_stellar,290.43759,48.791882,14.332,14.927,14.286,14.077,14.023,13.07,12.719,12.605,0.833,19.3625062,3.6e-06,48.791864,3.1e-05,0.01,0.13,-0.06,0.11,1e-06,9.6e-05,-2.8e-05,8.6e-05,0.047,0.084,0.074,0.08,0.088,0.081,0.038,0.089,0.089,0.081,0.097,0.082,kplr011134879,Kepler-570b,15,"(37, 45)","(0.022222222222222223, 0.02702702702702703)"
3013,11192998,K00481.01,Kepler-166 b,CONFIRMED,Done,2018-08-16,CANDIDATE,1.0,0,0,0,0,q1_q17_dr25_sup_koi,NO_COMMENT,7.650243513,6.396e-06,-6.396e-06,171.972352,0.000669,-0.000669,2455004.972,0.000669,-0.000669,0.0,,,,,,0.014,0.323,-0.014,2.752,0.0222,-0.0222,,,,981.4,10.7,-10.7,0.028274,0.000481,-0.000193,3.3687,0.08616,-0.67735,LS+MCMC,2.3,0.45,-0.18,0.0713,,,89.96,,,772.0,,,83.86,50.76,-19.92,21.843,0.559,-0.559,Claret (2011 A&A 529 75) ATLAS LS,0.0,0.0,0.2521,0.421,q1_q17_dr25_koi,11.246926,68.67351,98.8,3,178.0,1.0,q1_q17_dr25_tce,11111111111111111000000000000000,0.4851,Mandel and Agol (2002 ApJ 580 171),,,011/011192/011192998/dv/kplr011192998-20160209194854_dvr.pdf,011/011192/011192998/dv/kplr011192998-001-20160209194854_dvs.pdf,5409.0,162.0,-146.0,4.609,0.03,-0.12,-0.3,0.3,-0.3,0.746,0.145,-0.058,0.835,0.08,-0.098,,,,q1_q17_dr25_stellar,293.16016,48.881191,14.701,15.296,14.654,14.446,14.359,13.346,12.941,12.876,0.0,19.5440061,3.4e-06,48.881204,3.6e-05,-0.18,0.12,0.05,0.13,-0.00027,0.00012,-0.00065,0.00013,0.038,0.077,0.15,0.12,0.16,0.12,-0.165,0.076,0.2,0.12,0.26,0.1,kplr011192998,Kepler-166b,14,"(31, 37)","(0.02702702702702703, 0.03225806451612903)"
3015,8934495,K00524.01,Kepler-1721 b,CONFIRMED,Done,2018-08-16,CANDIDATE,1.0,0,0,0,0,q1_q17_dr25_sup_koi,CENT_KIC_POS,4.592393816,3.023e-06,-3.023e-06,172.004723,0.000523,-0.000523,2455005.005,0.000523,-0.000523,0.0,,,,,,0.02,0.322,-0.02,2.2748,0.0192,-0.0192,,,,1027.7,11.2,-11.2,0.028819,0.000531,-0.000229,3.58883,0.02238,-0.983,LS+MCMC,2.51,0.45,-0.2,0.0519,,,89.93,,,924.0,,,172.6,97.43,-42.17,15.8754,0.099,-0.099,Claret (2011 A&A 529 75) ATLAS LS,0.0,0.0,0.1959,0.5086,q1_q17_dr25_koi,9.814923,81.64579,105.9,1,288.0,1.0,q1_q17_dr25_tce,11111111111111111000000000000000,0.3594,Mandel and Agol (2002 ApJ 580 171),,,008/008934/008934495/dv/kplr008934495-20160209194854_dvr.pdf,008/008934/008934495/dv/kplr008934495-001-20160209194854_dvs.pdf,5351.0,159.0,-159.0,4.582,0.03,-0.12,-0.04,0.3,-0.3,0.796,0.143,-0.061,0.89,0.07,-0.096,,,,q1_q17_dr25_stellar,283.54416,45.225552,14.868,15.489,14.806,14.603,14.513,13.545,13.135,13.016,0.122,18.9029484,3.8e-06,45.225658,4.5e-05,0.19,0.15,0.39,0.16,-0.00022,0.00014,5e-05,0.00016,-0.007,0.079,0.01,0.091,0.012,0.084,0.139,0.076,0.323,0.087,0.352,0.086,kplr008934495,Kepler-1721b,14,"(31, 37)","(0.02702702702702703, 0.03225806451612903)"
3017,5866724,K00085.01,Kepler-65 c,CONFIRMED,Done,2018-08-16,CANDIDATE,1.0,0,0,0,0,q1_q17_dr25_sup_koi,CENT_SATURATED,5.859935955,3.782e-06,-3.782e-06,132.040528,0.000542,-0.000542,2454965.041,0.000542,-0.000542,0.0,,,,,,0.049,0.281,-0.049,4.0185,0.0168,-0.0168,,,,322.8,1.9,-1.9,0.016453,0.000196,-8.1e-05,0.80033,0.00406,-0.23923,LS+MCMC,2.56,0.1,-0.15,0.0682,,,89.75,,,1246.0,,,569.5,73.19,-93.4,11.3257,0.0575,-0.0575,Claret (2011 A&A 529 75) ATLAS LS,0.0,0.0,0.3052,0.3236,q1_q17_dr25_koi,14.804714,149.27219,186.7,3,232.0,1.0,q1_q17_dr25_tce,11111111111111111000000000000000,0.2448,Mandel and Agol (2002 ApJ 580 171),,,005/005866/005866724/dv/kplr005866724-20160209194854_dvr.pdf,005/005866/005866724/dv/kplr005866724-001-20160209194854_dvs.pdf,6181.0,68.0,-86.0,4.22,0.033,-0.027,0.14,0.15,-0.15,1.424,0.056,-0.085,1.231,0.059,-0.097,,,,q1_q17_dr25_stellar,288.68869,41.15118,11.018,11.336,10.955,10.882,10.858,10.066,9.852,9.806,0.0,19.2459121,1.3e-06,41.151204,1.6e-05,-0.051,0.053,0.085,0.058,9e-06,1.7e-05,-6.7e-05,1.9e-05,-1.15,0.3,1.38,0.38,1.8,0.43,-1.04,0.31,1.26,0.38,1.63,0.44,kplr005866724,Kepler-65c,17,"(54, 65)","(0.015384615384615385, 0.018518518518518517)"
3018,9157634,K00526.01,Kepler-586 b,CONFIRMED,Done,2018-08-16,CANDIDATE,1.0,0,0,0,0,q1_q17_dr25_sup_koi,NO_COMMENT,2.104721971,8.86e-07,-8.86e-07,171.044219,0.000334,-0.000334,2455004.044,0.000334,-0.000334,0.0,,,,,,0.001,0.309,-0.001,1.7547,0.0122,-0.0122,,,,905.5,7.1,-7.1,0.027167,0.000391,-0.000179,3.58201,0.09296,-0.53001,LS+MCMC,2.89,0.79,-0.26,0.0331,,,89.99,,,1365.0,,,821.44,654.25,-226.9,9.431,0.245,-0.245,Claret (2011 A&A 529 75) ATLAS LS,0.0,0.0,0.2514,0.4282,q1_q17_dr25_koi,12.529969,120.485374,153.3,1,632.0,1.0,q1_q17_dr25_tce,11111111111111111000000000000000,0.726,Mandel and Agol (2002 ApJ 580 171),,,009/009157/009157634/dv/kplr009157634-20160209194854_dvr.pdf,009/009157/009157634/dv/kplr009157634-001-20160209194854_dvs.pdf,5703.0,154.0,-188.0,4.498,0.036,-0.204,0.36,0.1,-0.3,0.975,0.264,-0.088,1.091,0.089,-0.133,,,,q1_q17_dr25_stellar,293.05722,45.551189,14.427,14.984,14.334,14.188,14.104,13.247,12.865,12.742,,19.5371462,2.2e-06,45.551087,2.7e-05,-0.068,0.082,-0.371,0.099,4.6e-05,6.9e-05,,,-0.016,0.079,0.01,0.092,0.019,0.086,0.088,0.08,-0.079,0.095,0.118,0.092,kplr009157634,Kepler-586b,15,"(37, 45)","(0.022222222222222223, 0.02702702702702703)"
3021,8565266,K00578.01,Kepler-608 b,CONFIRMED,Done,2018-08-16,CANDIDATE,1.0,0,0,0,0,q1_q17_dr25_sup_koi,NO_COMMENT,6.412512953,5.036e-06,-5.036e-06,169.879804,0.000616,-0.000616,2455002.88,0.000616,-0.000616,0.0,,,,,,0.553,0.037,-0.381,5.2677,0.0434,-0.0434,,,,1156.4,7.6,-7.6,0.032166,0.001495,-0.000866,0.2483,0.15602,-0.01157,LS+MCMC,3.89,1.18,-0.63,0.0685,,,86.11,,,1069.0,,,308.76,283.35,-120.95,8.14,2.6,-2.6,Claret (2011 A&A 529 75) ATLAS LS,0.0,0.0,0.2868,0.3588,q1_q17_dr25_koi,17.06989,153.5705,183.1,1,214.0,1.0,q1_q17_dr25_tce,11111111111111111000000000000000,0.8515,Mandel and Agol (2002 ApJ 580 171),,,008/008565/008565266/dv/kplr008565266-20160209194854_dvr.pdf,008/008565/008565266/dv/kplr008565266-001-20160209194854_dvs.pdf,6026.0,190.0,-211.0,4.366,0.108,-0.201,-0.02,0.25,-0.3,1.108,0.334,-0.18,1.038,0.159,-0.13,,,,q1_q17_dr25_stellar,293.88293,44.638088,14.684,15.185,14.646,14.469,14.433,13.526,13.182,13.077,0.009,19.5921881,2e-06,44.638091,2.1e-05,-0.275,0.076,0.002,0.076,0.000152,8.9e-05,-9.7e-05,9.2e-05,0.016,0.074,0.021,0.09,0.027,0.09,-0.1,0.079,0.116,0.087,0.154,0.08,kplr008565266,Kepler-608b,14,"(31, 37)","(0.02702702702702703, 0.03225806451612903)"
3022,8616637,K00579.01,Kepler-190 b,CONFIRMED,Done,2018-08-16,CANDIDATE,1.0,0,0,0,0,q1_q17_dr25_sup_koi,NO_COMMENT,2.019997006,2.758e-06,-2.758e-06,170.07102,0.00104,-0.00104,2455003.071,0.00104,-0.00104,0.0,,,,,,0.502,0.069,-0.422,1.8073,0.0369,-0.0369,,,,332.8,7.4,-7.4,0.016938,0.003357,-0.000585,2.02181,1.18378,-0.03864,LS+MCMC,1.46,0.09,-0.08,0.0293,,,86.2,,,1166.0,,,437.85,99.07,-72.72,7.58,2.2,-2.2,Claret (2011 A&A 529 75) ATLAS LS,0.0,0.0,0.153,0.5684,q1_q17_dr25_koi,4.921603,43.956715,52.1,2,665.0,1.0,q1_q17_dr25_tce,11111111111111111000000000000000,0.99,Mandel and Agol (2002 ApJ 580 171),,,008/008616/008616637/dv/kplr008616637-20160209194854_dvr.pdf,008/008616/008616637/dv/kplr008616637-001-20160209194854_dvs.pdf,5103.0,101.0,-101.0,4.562,0.032,-0.052,0.04,0.15,-0.15,0.787,0.051,-0.039,0.823,0.043,-0.047,,,,q1_q17_dr25_stellar,288.58405,44.733799,14.137,14.787,14.064,13.858,13.745,12.728,12.279,12.231,,19.2389255,5.9e-06,44.733814,6e-05,-0.4,0.23,0.05,0.22,,,-8.9e-05,6.9e-05,-0.07,0.12,0.08,0.13,0.1,0.12,-0.12,0.12,-0.15,0.12,0.19,0.14,kplr008616637,Kepler-190b,17,"(54, 65)","(0.015384615384615385, 0.018518518518518517)"
3024,8625925,K00580.01,Kepler-609 b,CONFIRMED,Done,2018-08-16,CANDIDATE,1.0,0,0,0,0,q1_q17_dr25_sup_koi,NO_COMMENT,6.521209629,8.386e-06,-8.386e-06,175.7111,0.00105,-0.00105,2455008.711,0.00105,-0.00105,0.0,,,,,,0.514,0.365,-0.297,2.7975,0.0406,-0.0406,,,,760.4,12.6,-12.6,0.025899,0.003411,-0.000683,1.76248,1.01836,-0.19346,LS+MCMC,2.54,0.61,-0.25,0.0682,,,88.14,,,932.0,,,178.27,123.97,-49.58,15.82,4.6,-4.6,Claret (2011 A&A 529 75) ATLAS LS,0.0,0.0,0.2676,0.3928,q1_q17_dr25_koi,7.511359,58.743534,69.8,1,201.0,1.0,q1_q17_dr25_tce,11111111111111111000000000000000,0.5774,Mandel and Agol (2002 ApJ 580 171),,,008/008625/008625925/dv/kplr008625925-20160209194854_dvr.pdf,008/008625/008625925/dv/kplr008625925-001-20160209194854_dvs.pdf,5822.0,140.0,-175.0,4.529,0.042,-0.168,-0.06,0.25,-0.35,0.898,0.217,-0.087,0.994,0.104,-0.127,,,,q1_q17_dr25_stellar,292.22031,44.700031,14.856,15.337,14.791,14.65,14.587,13.651,13.353,13.281,0.01,19.4813505,5.5e-06,44.699938,5.8e-05,-0.13,0.21,-0.33,0.21,0.00012,0.00016,0.00024,0.00016,0.124,0.084,0.082,0.082,0.149,0.084,0.126,0.084,-0.005,0.082,0.126,0.084,kplr008625925,Kepler-609b,15,"(37, 45)","(0.022222222222222223, 0.02702702702702703)"
3025,8822216,K00581.01,Kepler-610 b,CONFIRMED,Done,2018-08-16,CANDIDATE,1.0,0,0,0,0,q1_q17_dr25_sup_koi,NO_COMMENT,6.996926239,6.335e-06,-6.335e-06,175.914281,0.000719,-0.000719,2455008.914,0.000719,-0.000719,0.0,,,,,,0.022,0.345,-0.022,2.7374,0.0259,-0.0259,,,,1317.4,15.0,-15.0,0.032904,0.000624,-0.000257,3.17236,0.01437,-0.93154,LS+MCMC,3.21,0.77,-0.31,0.0719,,,89.94,,,888.0,,,147.07,102.02,-40.87,20.1734,0.0914,-0.0914,Claret (2011 A&A 529 75) ATLAS LS,0.0,0.0,0.2602,0.4096,q1_q17_dr25_koi,12.11248,93.73316,101.6,2,190.0,1.0,q1_q17_dr25_tce,11111111111111111000000000000000,0.2369,Mandel and Agol (2002 ApJ 580 171),,,008/008822/008822216/dv/kplr008822216-20160209194854_dvr.pdf,008/008822/008822216/dv/kplr008822216-001-20160209194854_dvs.pdf,5713.0,138.0,-173.0,4.541,0.042,-0.168,0.07,0.2,-0.35,0.893,0.215,-0.086,1.01,0.083,-0.134,,,,q1_q17_dr25_stellar,293.17133,45.065601,14.807,15.33,14.747,14.583,14.516,13.601,13.306,13.267,0.0,19.5447551,2.8e-06,45.065643,3.4e-05,-0.04,0.11,0.16,0.12,0.00011,0.00015,-0.00035,0.00017,-0.023,0.075,0.048,0.078,0.053,0.078,-0.022,0.075,0.034,0.08,0.04,0.079,kplr008822216,Kepler-610b,13,"(26, 31)","(0.03225806451612903, 0.038461538461538464)"
3029,10189546,K00427.01,Kepler-549 d,CONFIRMED,Done,2018-08-16,CANDIDATE,1.0,0,0,0,0,q1_q17_dr25_sup_koi,CENT_KIC_POS,24.61480613,3.227e-05,-3.227e-05,191.741225,0.000999,-0.000999,2455024.741,0.000999,-0.000999,0.0,,,,,,0.435,0.268,-0.297,2.6602,0.0407,-0.0407,,,,1798.0,28.8,-28.8,0.038975,0.00502,-0.00086,9.26987,4.00476,-0.05374,LS+MCMC,4.2,0.45,-0.5,0.1575,,,89.63,,,586.0,,,27.93,8.48,-7.5,66.7,28.8,-28.8,Claret (2011 A&A 529 75) ATLAS LS,0.0,0.0,0.186,0.5256,q1_q17_dr25_koi,12.261243,53.934418,68.4,3,54.0,1.0,q1_q17_dr25_tce,11111111111111111000000000000000,0.1465,Mandel and Agol (2002 ApJ 580 171),,,010/010189/010189546/dv/kplr010189546-20160209194854_dvr.pdf,010/010189/010189546/dv/kplr010189546-001-20160209194854_dvs.pdf,5312.0,79.0,-79.0,4.384,0.137,-0.074,0.16,0.15,-0.15,0.986,0.107,-0.117,0.859,0.06,-0.033,,,,q1_q17_dr25_stellar,283.0228,47.261131,14.621,15.209,14.571,14.37,14.301,13.303,12.903,12.826,0.0,18.8681755,2.7e-06,47.26093,3.5e-05,-0.384,0.098,-0.72,0.12,-0.00092,0.00022,-0.00241,0.0003,0.59,0.12,1.6,0.24,1.7,0.23,0.05,0.1,0.2,0.11,0.2,0.1,kplr010189546,Kepler-549d,13,"(26, 31)","(0.03225806451612903, 0.038461538461538464)"
3033,11192998,K00481.02,Kepler-166 d,CONFIRMED,Done,2018-08-16,CANDIDATE,1.0,0,0,0,0,q1_q17_dr25_sup_koi,NO_COMMENT,1.55400389,9.87e-07,-9.87e-07,169.830304,0.000523,-0.000523,2455002.83,0.000523,-0.000523,0.0,,,,,,0.016,0.286,-0.015,1.7664,0.0161,-0.0161,,,,465.8,6.6,-6.6,0.019515,0.00036,-0.000157,2.54733,0.12817,-0.40164,LS+MCMC,1.59,0.31,-0.12,0.0246,,,89.87,,,1313.0,,,704.5,426.4,-167.41,6.877,0.346,-0.346,Claret (2011 A&A 529 75) ATLAS LS,0.0,0.0,0.2521,0.421,q1_q17_dr25_koi,10.68481,55.116364,82.1,3,836.0,2.0,q1_q17_dr25_tce,11111111111111111000000000000000,0.4412,Mandel and Agol (2002 ApJ 580 171),,,011/011192/011192998/dv/kplr011192998-20160209194854_dvr.pdf,011/011192/011192998/dv/kplr011192998-002-20160209194854_dvs.pdf,5409.0,162.0,-146.0,4.609,0.03,-0.12,-0.3,0.3,-0.3,0.746,0.145,-0.058,0.835,0.08,-0.098,,,,q1_q17_dr25_stellar,293.16016,48.881191,14.701,15.296,14.654,14.446,14.359,13.346,12.941,12.876,0.0,19.5440103,4.5e-06,48.881156,4.8e-05,-0.04,0.16,-0.12,0.17,-0.000173,6.5e-05,-0.000203,7e-05,0.029,0.095,0.113,0.097,0.117,0.097,-0.183,0.095,0.125,0.091,0.222,0.096,kplr011192998,Kepler-166d,16,"(45, 54)","(0.018518518518518517, 0.022222222222222223)"
3034,11192998,K00481.03,Kepler-166 c,CONFIRMED,Done,2018-08-16,CANDIDATE,1.0,0,0,0,0,q1_q17_dr25_sup_koi,NO_COMMENT,34.25951418,7.198e-05,-7.198e-05,183.23718,0.00166,-0.00166,2455016.237,0.00166,-0.00166,0.0,,,,,,0.008,0.404,-0.008,4.7743,0.0553,-0.0553,,,,1072.5,16.8,-16.8,0.029532,0.000757,-0.000389,2.89759,0.04653,-0.85031,LS+MCMC,2.41,0.46,-0.19,0.1937,,,89.99,,,468.0,,,11.36,6.88,-2.7,56.439,0.906,-0.906,Claret (2011 A&A 529 75) ATLAS LS,0.0,0.0,0.2521,0.421,q1_q17_dr25_koi,12.494517,43.793594,66.1,3,34.0,3.0,q1_q17_dr25_tce,11111111111111111000000000000000,0.0298,Mandel and Agol (2002 ApJ 580 171),,,011/011192/011192998/dv/kplr011192998-20160209194854_dvr.pdf,011/011192/011192998/dv/kplr011192998-003-20160209194854_dvs.pdf,5409.0,162.0,-146.0,4.609,0.03,-0.12,-0.3,0.3,-0.3,0.746,0.145,-0.058,0.835,0.08,-0.098,,,,q1_q17_dr25_stellar,293.16016,48.881191,14.701,15.296,14.654,14.446,14.359,13.346,12.941,12.876,0.0,19.5439975,5.3e-06,48.881171,5.6e-05,-0.49,0.19,-0.07,0.2,3e-05,0.0002,-0.00058,0.00023,0.12,0.11,0.03,0.13,0.12,0.11,-0.076,0.095,0.04,0.14,0.09,0.11,kplr011192998,Kepler-166c,14,"(31, 37)","(0.02702702702702703, 0.03225806451612903)"
3037,11497977,K00483.01,Kepler-571 b,CONFIRMED,Done,2018-08-16,CANDIDATE,1.0,0,0,0,0,q1_q17_dr25_sup_koi,NO_COMMENT,4.79860021,5.329e-06,-5.329e-06,173.257466,0.000839,-0.000839,2455006.257,0.000839,-0.000839,0.0,,,,,,0.594,0.02,-0.463,3.0384,0.0367,-0.0367,,,,817.4,10.6,-10.6,0.027166,0.003261,-0.001154,0.85703,0.64296,-0.09195,LS+MCMC,2.51,0.62,-0.2,0.0546,,,86.64,,,978.0,,,216.54,156.47,-54.81,10.14,3.8,-3.8,Claret (2011 A&A 529 75) ATLAS LS,0.0,0.0,0.2676,0.3928,q1_q17_dr25_koi,8.603848,73.07672,88.1,1,215.0,1.0,q1_q17_dr25_tce,11111110111011101000000000000000,0.6719,Mandel and Agol (2002 ApJ 580 171),,,011/011497/011497977/dv/kplr011497977-20160209194854_dvr.pdf,011/011497/011497977/dv/kplr011497977-001-20160209194854_dvs.pdf,5631.0,152.0,-169.0,4.557,0.042,-0.168,-0.06,0.3,-0.3,0.847,0.207,-0.069,0.946,0.083,-0.115,,,,q1_q17_dr25_stellar,286.55103,49.418739,14.675,15.203,14.6,14.449,14.37,13.41,13.046,12.986,0.005,19.103393,4.8e-06,49.418697,5.1e-05,-0.29,0.17,-0.16,0.18,0.00023,0.00014,0.0002,0.00015,0.08,0.099,0.076,0.098,0.11,0.1,0.172,0.092,0.104,0.089,0.201,0.093,kplr011497977,Kepler-571b,15,"(37, 45)","(0.022222222222222223, 0.02702702702702703)"
3039,9941859,K00528.01,Kepler-178 b,CONFIRMED,Done,2018-08-16,CANDIDATE,1.0,0,0,0,0,q1_q17_dr25_sup_koi,NO_COMMENT,9.57665962,1.065e-05,-1.065e-05,176.683759,0.0009,-0.0009,2455009.684,0.0009,-0.0009,0.0,,,,,,0.043,0.326,-0.043,3.3603,0.0295,-0.0295,,,,746.8,9.9,-9.9,0.024495,0.000538,-0.000227,2.28537,0.03504,-0.6187,LS+MCMC,2.88,0.51,-0.46,0.0848,,,89.89,,,846.0,,,121.26,57.08,-40.34,22.293,0.342,-0.342,Claret (2011 A&A 529 75) ATLAS LS,0.0,0.0,0.224,0.4695,q1_q17_dr25_koi,11.128714,66.11585,82.6,3,144.0,1.0,q1_q17_dr25_tce,11111111111111111000000000000000,0.75,Mandel and Agol (2002 ApJ 580 171),,,009/009941/009941859/dv/kplr009941859-20160209194854_dvr.pdf,009/009941/009941859/dv/kplr009941859-001-20160209194854_dvs.pdf,5386.0,80.0,-72.0,4.322,0.159,-0.13,0.18,0.15,-0.1,1.076,0.191,-0.173,0.886,0.063,-0.037,,,,q1_q17_dr25_stellar,287.1011,46.896481,14.598,15.143,14.548,14.364,14.278,13.28,12.967,12.899,0.239,19.1400718,5e-06,46.896378,5e-05,-0.03,0.18,-0.37,0.18,-2e-05,0.00014,0.00012,0.00013,0.03,0.11,0.1,0.14,0.1,0.14,-0.06,0.11,-0.09,0.15,0.11,0.13,kplr009941859,Kepler-178b,15,"(37, 45)","(0.022222222222222223, 0.02702702702702703)"
3047,9020160,K00582.01,Kepler-191 d,CONFIRMED,Done,2018-08-16,CANDIDATE,0.989,0,0,0,0,q1_q17_dr25_sup_koi,NO_COMMENT,5.945043548,7.553e-06,-7.553e-06,170.472237,0.00099,-0.00099,2455003.472,0.00099,-0.00099,0.0,,,,,,0.763,0.093,-0.53,2.7004,0.0376,-0.0376,,,,800.2,13.2,-13.2,0.028421,0.0019,-0.002692,0.84214,1.641,-0.15749,LS+MCMC,2.69,0.14,-0.23,0.0599,,,86.24,,,857.0,,,127.64,22.77,-27.56,11.63,5.7,-5.7,Claret (2011 A&A 529 75) ATLAS LS,0.0,0.0,0.1496,0.5746,q1_q17_dr25_koi,10.033691,58.653576,67.6,3,225.0,1.0,q1_q17_dr25_tce,11111111111111111000000000000000,0.4482,Mandel and Agol (2002 ApJ 580 171),,,009/009020/009020160/dv/kplr009020160-20160209194854_dvr.pdf,009/009020/009020160/dv/kplr009020160-001-20160209194854_dvs.pdf,5105.0,84.0,-76.0,4.469,0.09,-0.03,0.14,0.15,-0.15,0.868,0.044,-0.076,0.81,0.062,-0.026,,,,q1_q17_dr25_stellar,291.18338,45.32317,14.808,15.46,14.731,14.529,14.408,13.42,12.959,12.883,0.0,19.412232,5e-06,45.32317,5.6e-05,0.23,0.19,0.0,0.2,0.00022,0.00015,0.00048,0.00016,-0.28,0.13,-0.61,0.17,0.67,0.17,-0.131,0.089,-0.26,0.15,0.29,0.14,kplr009020160,Kepler-191d,14,"(31, 37)","(0.02702702702702703, 0.03225806451612903)"
3048,7941200,K00092.01,Kepler-1709 b,CONFIRMED,Done,2018-08-16,CANDIDATE,0.972,0,0,0,0,q1_q17_dr25_sup_koi,CENT_KIC_POS,65.7045275,0.0001061,-0.0001061,137.44275,0.0014,-0.0014,2454970.443,0.0014,-0.0014,0.0,,,,,,0.663,0.197,-0.434,3.3104,0.0469,-0.0469,,,,636.1,10.3,-10.3,0.024389,0.001802,-0.001188,7.27164,8.06942,-0.28174,LS+MCMC,2.78,0.42,-0.25,0.3192,,,89.68,,,472.0,,,11.72,4.96,-2.8,118.4,43.8,-43.8,Claret (2011 A&A 529 75) ATLAS LS,0.0,0.0,0.2868,0.3588,q1_q17_dr25_koi,24.88663,81.88671,70.4,1,20.0,1.0,q1_q17_dr25_tce,11111111111111111000000000000000,0.9142,Mandel and Agol (2002 ApJ 580 171),,,007/007941/007941200/dv/kplr007941200-20160209194854_dvr.pdf,007/007941/007941200/dv/kplr007941200-001-20160209194854_dvs.pdf,5918.0,106.0,-130.0,4.403,0.08,-0.12,-0.04,0.15,-0.15,1.043,0.158,-0.092,1.003,0.072,-0.064,,,,q1_q17_dr25_stellar,283.37482,43.788219,11.667,12.041,11.606,11.506,11.497,10.627,10.367,10.3,0.418,18.891658,3.9e-06,43.788365,3.5e-05,0.16,0.15,0.52,0.13,-9.5e-05,9.9e-05,2e-06,8.5e-05,-0.29,0.2,-0.31,0.16,0.42,0.2,-0.09,0.18,0.25,0.17,0.27,0.18,kplr007941200,Kepler-1709b,15,"(37, 45)","(0.022222222222222223, 0.02702702702702703)"
3052,10418224,K00428.01,Kepler-40 b,CONFIRMED,Done,2018-08-16,CANDIDATE,1.0,0,0,0,0,q1_q17_dr25_sup_koi,NO_COMMENT,6.8731664,2.165e-06,-2.165e-06,172.518826,0.00024,-0.00024,2455005.519,0.00024,-0.00024,0.0,,,,,,0.055,0.132,-0.055,6.8569,0.0132,-0.0132,,,,3753.8,8.4,-8.4,0.056473,0.000188,-8.9e-05,0.21298,0.00152,-0.01557,LS+MCMC,13.44,1.02,-1.12,0.0813,,,89.61,,,1482.0,,,1140.56,288.6,-256.49,8.1021,0.0578,-0.0578,Claret (2011 A&A 529 75) ATLAS LS,0.0,0.0,0.3168,0.2958,q1_q17_dr25_koi,49.78755,451.0735,535.5,1,156.0,1.0,q1_q17_dr25_tce,11111101110111011000000000000000,0.1615,Mandel and Agol (2002 ApJ 580 171),,,010/010418/010418224/dv/kplr010418224-20160209194854_dvr.pdf,010/010418/010418224/dv/kplr010418224-001-20160209194854_dvs.pdf,6490.0,129.0,-129.0,3.942,0.055,-0.049,0.08,0.15,-0.15,2.179,0.166,-0.182,1.516,0.093,-0.105,,,,q1_q17_dr25_stellar,296.81369,47.526611,14.588,14.968,14.541,14.424,14.371,13.536,13.294,13.27,0.087,19.7875791,7.6e-07,47.5265515,8.3e-06,-0.007,0.028,-0.21,0.03,9e-05,0.00013,0.00011,0.00016,-0.021,0.067,0.003,0.067,0.021,0.068,0.001,0.068,-0.164,0.07,0.164,0.07,kplr010418224,Kepler-40b,11,"(18, 22)","(0.045454545454545456, 0.05555555555555555)"
3053,10616679,K00429.01,Kepler-550 b,CONFIRMED,Done,2018-08-16,CANDIDATE,1.0,0,0,0,0,q1_q17_dr25_sup_koi,NO_COMMENT,8.600099313,5.05e-06,-5.05e-06,172.529281,0.00042,-0.00042,2455005.529,0.00042,-0.00042,0.0,,,,,,0.048,0.235,-0.048,4.0077,0.0199,-0.0199,,,,2791.6,15.5,-15.5,0.047441,0.000532,-0.000209,1.29335,0.01211,-0.1702,LS+MCMC,4.17,0.53,-0.49,0.0747,,,89.84,,,760.0,,,78.72,34.05,-23.7,17.164,0.161,-0.161,Claret (2011 A&A 529 75) ATLAS LS,0.0,0.0,0.2075,0.49,q1_q17_dr25_koi,28.155102,199.57098,209.2,1,127.0,1.0,q1_q17_dr25_tce,11111101110111011000000000000000,0.0691,Mandel and Agol (2002 ApJ 580 171),,,010/010616/010616679/dv/kplr010616679-20160209194854_dvr.pdf,010/010616/010616679/dv/kplr010616679-001-20160209194854_dvs.pdf,5246.0,158.0,-142.0,4.501,0.102,-0.085,-0.24,0.3,-0.3,0.805,0.103,-0.094,0.748,0.109,-0.054,,,,q1_q17_dr25_stellar,297.70023,47.86375,14.486,15.148,14.437,14.202,14.088,13.097,12.677,12.562,0.0,19.8466809,1.6e-06,47.863786,1.7e-05,-0.067,0.057,0.13,0.062,0.00015,0.00019,-0.00045,0.00022,-0.015,0.071,0.014,0.069,0.021,0.07,-0.025,0.072,-0.022,0.071,0.033,0.074,kplr010616679,Kepler-550b,11,"(18, 22)","(0.045454545454545456, 0.05555555555555555)"
3054,10717241,K00430.01,Kepler-551 b,CONFIRMED,Done,2018-08-16,CANDIDATE,1.0,0,0,0,0,q1_q17_dr25_sup_koi,NO_COMMENT,12.37646897,1.383e-05,-1.383e-05,179.404945,0.000869,-0.000869,2455012.405,0.000869,-0.000869,0.0,,,,,,0.468,0.347,-0.276,2.7075,0.0376,-0.0376,,,,1709.0,23.8,-23.8,0.0382,0.004157,-0.000967,4.18804,1.81569,-0.43887,LS+MCMC,2.53,0.12,-0.11,0.0893,,,89.17,,,483.0,,,12.87,2.37,-2.07,32.4,14.0,-14.0,Claret (2011 A&A 529 75) ATLAS LS,0.0,0.0,0.0853,0.6656,q1_q17_dr25_koi,15.079218,75.65289,81.2,2,83.0,1.0,q1_q17_dr25_tce,11111110111011101000000000000000,0.9511,Mandel and Agol (2002 ApJ 580 171),,,010/010717/010717241/dv/kplr010717241-20160209194854_dvr.pdf,010/010717/010717241/dv/kplr010717241-001-20160209194854_dvs.pdf,4200.0,84.0,-84.0,4.664,0.022,-0.025,-0.12,0.15,-0.15,0.607,0.028,-0.028,0.622,0.029,-0.033,,,,q1_q17_dr25_stellar,285.48505,48.054321,14.897,16.073,14.853,14.393,14.135,12.991,12.369,12.193,0.078,19.0323369,4.8e-06,48.054375,4.4e-05,0.03,0.17,0.2,0.16,0.00034,0.00031,-0.00022,0.00031,-0.046,0.075,0.037,0.083,0.059,0.078,-0.037,0.075,0.31,0.092,0.312,0.091,kplr010717241,Kepler-551b,13,"(26, 31)","(0.03225806451612903, 0.038461538461538464)"
3057,10843590,K00431.01,Kepler-153 b,CONFIRMED,Done,2018-08-16,CANDIDATE,1.0,0,0,0,0,q1_q17_dr25_sup_koi,NO_COMMENT,18.87022157,2.58e-05,-2.58e-05,178.71167,0.00105,-0.00105,2455011.712,0.00105,-0.00105,0.0,,,,,,0.013,0.409,-0.013,3.1404,0.0405,-0.0405,,,,1096.6,16.8,-16.8,0.029843,0.000821,-0.000379,5.61288,0.17765,-1.55612,LS+MCMC,2.82,0.53,-0.39,0.1274,,,89.98,,,621.0,,,35.13,21.35,-11.94,47.27,1.5,-1.5,Claret (2011 A&A 529 75) ATLAS LS,0.0,0.0,0.2434,0.4341,q1_q17_dr25_koi,15.944621,60.20262,72.7,2,71.0,1.0,q1_q17_dr25_tce,11111111111111111000000000000000,0.2525,Mandel and Agol (2002 ApJ 580 171),,,010/010843/010843590/dv/kplr010843590-20160209194854_dvr.pdf,010/010843/010843590/dv/kplr010843590-001-20160209194854_dvs.pdf,5402.0,175.0,-159.0,4.452,0.126,-0.14,-0.24,0.3,-0.3,0.865,0.164,-0.119,0.774,0.122,-0.052,,,,q1_q17_dr25_stellar,282.46051,48.257118,14.262,14.864,14.232,14.004,13.955,12.945,12.483,12.418,0.312,18.8306921,5.6e-06,48.257123,5.1e-05,-0.33,0.2,0.01,0.18,0.00026,0.00023,2e-05,0.00022,0.014,0.098,-0.06,0.1,0.06,0.11,0.058,0.098,-0.16,0.1,0.17,0.11,kplr010843590,Kepler-153b,14,"(31, 37)","(0.02702702702702703, 0.03225806451612903)"
3059,12061222,K00484.01,Kepler-572 b,CONFIRMED,Done,2018-08-16,CANDIDATE,1.0,0,0,0,0,q1_q17_dr25_sup_koi,NO_COMMENT,17.20522898,2.46e-05,-2.46e-05,175.05878,0.0011,-0.0011,2455008.059,0.0011,-0.0011,0.0,,,,,,0.012,0.391,-0.012,3.6688,0.0405,-0.0405,,,,1080.6,16.6,-16.6,0.02954,0.000767,-0.000306,3.20734,0.0663,-0.85886,LS+MCMC,2.22,0.33,-0.16,0.1192,,,89.98,,,553.0,,,22.05,10.12,-5.06,36.887,0.762,-0.762,Claret (2011 A&A 529 75) ATLAS LS,0.0,0.0,0.2337,0.4535,q1_q17_dr25_koi,10.468592,62.25205,75.7,1,78.0,1.0,q1_q17_dr25_tce,11111111111111111000000000000000,0.9422,Mandel and Agol (2002 ApJ 580 171),,,012/012061/012061222/dv/kplr012061222-20160209194854_dvr.pdf,012/012061/012061222/dv/kplr012061222-001-20160209194854_dvs.pdf,5211.0,141.0,-141.0,4.643,0.03,-0.09,-0.4,0.35,-0.3,0.689,0.1,-0.05,0.766,0.075,-0.075,,,,q1_q17_dr25_stellar,291.2211,50.581299,14.472,15.103,14.42,14.202,14.106,13.114,12.649,12.558,0.052,19.4147411,5.6e-06,50.581456,4.8e-05,0.06,0.19,0.56,0.17,0.00012,0.00021,-0.00024,0.0002,0.05,0.11,0.02,0.13,0.05,0.11,0.19,0.11,0.22,0.13,0.29,0.12,kplr012061222,Kepler-572b,14,"(31, 37)","(0.02702702702702703, 0.03225806451612903)"
3061,12404305,K00486.01,Kepler-573 b,CONFIRMED,Done,2018-08-16,CANDIDATE,1.0,0,0,0,0,q1_q17_dr25_sup_koi,CENT_KIC_POS,22.18332255,4.401e-05,-4.401e-05,169.49619,0.00158,-0.00158,2455002.496,0.00158,-0.00158,0.0,,,,,,0.024,0.367,-0.024,5.1364,0.0539,-0.0539,,,,748.1,12.2,-12.2,0.024673,0.000545,-0.000362,1.48483,0.05703,-0.34287,LS+MCMC,2.78,0.38,-0.39,0.1486,,,89.96,,,646.0,,,41.24,16.74,-12.86,33.8,1.3,-1.3,Claret (2011 A&A 529 75) ATLAS LS,0.0,0.0,0.2327,0.4526,q1_q17_dr25_koi,10.796907,59.862904,70.3,1,63.0,1.0,q1_q17_dr25_tce,11111111111111111000000000000000,0.0963,Mandel and Agol (2002 ApJ 580 171),,,012/012404/012404305/dv/kplr012404305-20160209194854_dvr.pdf,012/012404/012404305/dv/kplr012404305-001-20160209194854_dvs.pdf,5565.0,111.0,-100.0,4.361,0.138,-0.103,0.0,0.15,-0.15,1.03,0.144,-0.144,0.889,0.072,-0.044,,,,q1_q17_dr25_stellar,289.52115,51.237309,14.118,14.546,14.075,13.934,13.882,13.032,12.703,12.636,0.791,19.301415,6.3e-06,51.237532,6.7e-05,0.15,0.21,0.8,0.24,-2e-05,0.00016,6e-05,0.00018,-0.23,0.1,-0.03,0.17,0.23,0.11,0.01,0.1,0.35,0.17,0.35,0.17,kplr012404305,Kepler-573b,15,"(37, 45)","(0.022222222222222223, 0.02702702702702703)"
3063,12834874,K00487.01,Kepler-574 b,CONFIRMED,Done,2018-08-16,CANDIDATE,1.0,0,0,0,0,q1_q17_dr25_sup_koi,NO_COMMENT,7.65880048,1.326e-05,-1.326e-05,173.03964,0.00137,-0.00137,2455006.04,0.00137,-0.00137,0.0,,,,,,0.017,0.407,-0.017,3.0427,0.0459,-0.0459,,,,668.2,13.6,-13.6,0.023499,0.000669,-0.000292,2.46084,0.03779,-0.82729,LS+MCMC,2.19,0.56,-0.23,0.0723,,,89.95,,,858.0,,,128.18,95.03,-36.64,19.687,0.302,-0.302,Claret (2011 A&A 529 75) ATLAS LS,0.0,0.0,0.2787,0.3728,q1_q17_dr25_koi,6.5642147,48.160652,57.6,1,179.0,1.0,q1_q17_dr25_tce,11111111111111111000000000000000,0.2108,Mandel and Agol (2002 ApJ 580 171),,,012/012834/012834874/dv/kplr012834874-20160209194854_dvr.pdf,012/012834/012834874/dv/kplr012834874-001-20160209194854_dvs.pdf,5657.0,152.0,-152.0,4.508,0.069,-0.161,-0.26,0.3,-0.3,0.855,0.215,-0.092,0.858,0.106,-0.08,,,,q1_q17_dr25_stellar,290.24704,52.149132,14.528,15.062,14.483,14.3,14.221,13.326,12.921,12.921,0.039,19.3498091,8.3e-06,52.149459,6.5e-05,0.19,0.28,1.18,0.23,-0.00033,0.00018,0.00012,0.00016,0.22,0.15,-0.01,0.12,0.22,0.15,0.16,0.15,0.04,0.13,0.17,0.16,kplr012834874,Kepler-574b,15,"(37, 45)","(0.022222222222222223, 0.02702702702702703)"
3065,10454313,K00532.01,Kepler-588 b,CONFIRMED,Done,2018-08-16,CANDIDATE,1.0,0,0,0,0,q1_q17_dr25_sup_koi,NO_COMMENT,4.221626193,5.023e-06,-5.023e-06,173.699895,0.000919,-0.000919,2455006.7,0.000919,-0.000919,0.0,,,,,,0.847,0.004,-0.616,3.0619,0.0416,-0.0416,,,,658.0,9.0,-9.0,0.02667,0.000138,-0.002798,0.25047,0.99829,-0.00552,LS+MCMC,2.87,0.96,-0.32,0.052,,,82.12,,,1176.0,,,453.2,446.34,-138.2,6.18,3.1,-3.1,Claret (2011 A&A 529 75) ATLAS LS,0.0,0.0,0.2889,0.3511,q1_q17_dr25_koi,6.6115994,69.103584,83.7,1,317.0,1.0,q1_q17_dr25_tce,11111111111111111000000000000000,0.2022,Mandel and Agol (2002 ApJ 580 171),,,010/010454/010454313/dv/kplr010454313-20160209194854_dvr.pdf,010/010454/010454313/dv/kplr010454313-001-20160209194854_dvs.pdf,6123.0,171.0,-192.0,4.472,0.052,-0.221,-0.14,0.25,-0.35,0.987,0.329,-0.11,1.053,0.15,-0.137,,,,q1_q17_dr25_stellar,284.2572,47.68895,14.708,15.125,14.648,14.529,14.483,13.58,13.277,13.187,0.095,18.9504828,4.8e-06,47.689005,4.6e-05,0.07,0.17,0.2,0.17,-5e-05,0.00011,-0.00012,0.00011,0.228,0.095,-0.091,0.088,0.245,0.094,0.214,0.095,-0.074,0.086,0.227,0.094,kplr010454313,Kepler-588b,15,"(37, 45)","(0.022222222222222223, 0.02702702702702703)"
3067,5866724,K00085.02,Kepler-65 b,CONFIRMED,Done,2018-08-16,CANDIDATE,1.0,0,0,0,0,q1_q17_dr25_sup_koi,CENT_SATURATED,2.154911236,2.507e-06,-2.507e-06,133.498613,0.000939,-0.000939,2454966.499,0.000939,-0.000939,0.0,,,,,,0.113,0.345,-0.113,3.1341,0.027,-0.027,,,,99.7,1.4,-1.4,0.009153,0.000217,-0.000107,0.60657,0.01248,-0.19572,LS+MCMC,1.42,0.06,-0.08,0.035,,,88.77,,,1740.0,,,2162.35,277.92,-354.64,5.3,0.109,-0.109,Claret (2011 A&A 529 75) ATLAS LS,0.0,0.0,0.3052,0.3236,q1_q17_dr25_koi,7.820604,61.662006,83.0,3,576.0,2.0,q1_q17_dr25_tce,11111111111111111000000000000000,0.4969,Mandel and Agol (2002 ApJ 580 171),,,005/005866/005866724/dv/kplr005866724-20160209194854_dvr.pdf,005/005866/005866724/dv/kplr005866724-002-20160209194854_dvs.pdf,6181.0,68.0,-86.0,4.22,0.033,-0.027,0.14,0.15,-0.15,1.424,0.056,-0.085,1.231,0.059,-0.097,,,,q1_q17_dr25_stellar,288.68869,41.15118,11.018,11.336,10.955,10.882,10.858,10.066,9.852,9.806,0.096,19.2459111,3.2e-06,41.151185,3.9e-05,-0.09,0.13,0.02,0.14,6e-06,1.1e-05,-1.2e-05,1.2e-05,-0.9,0.37,0.78,0.57,1.2,0.61,-0.79,0.37,0.66,0.46,1.03,0.54,kplr005866724,Kepler-65b,20,"(93, 112)","(0.008928571428571428, 0.010752688172043012)"
3072,9146018,K00584.01,Kepler-192 b,CONFIRMED,Done,2018-08-16,CANDIDATE,1.0,0,0,0,0,q1_q17_dr25_sup_koi,NO_COMMENT,9.9267215,1.163e-05,-1.163e-05,175.68671,0.000912,-0.000912,2455008.687,0.000912,-0.000912,0.0,,,,,,0.625,0.052,-0.452,3.8428,0.0379,-0.0379,,,,725.5,8.0,-8.0,0.025697,0.002134,-0.001262,0.79747,0.65611,-0.15095,LS+MCMC,2.76,0.38,-0.23,0.0888,,,87.77,,,803.0,,,98.34,39.83,-21.78,16.08,6.6,-6.6,Claret (2011 A&A 529 75) ATLAS LS,0.0,0.0,0.224,0.4695,q1_q17_dr25_koi,11.500258,76.79727,97.3,3,134.0,1.0,q1_q17_dr25_tce,11111111111111111000000000000000,0.8037,Mandel and Agol (2002 ApJ 580 171),,,009/009146/009146018/dv/kplr009146018-20160209194854_dvr.pdf,009/009146/009146018/dv/kplr009146018-001-20160209194854_dvs.pdf,5475.0,109.0,-109.0,4.43,0.081,-0.108,0.24,0.15,-0.15,0.982,0.137,-0.08,0.947,0.056,-0.046,,,,q1_q17_dr25_stellar,287.91791,45.592869,14.129,14.663,14.064,13.899,13.814,12.892,12.512,12.427,0.008,19.1945382,3.8e-06,45.592863,3.6e-05,0.39,0.14,-0.03,0.13,-0.00025,0.0001,2.5e-05,9.6e-05,0.11,0.11,0.09,0.16,0.136,0.097,0.15,0.11,0.18,0.16,0.24,0.11,kplr009146018,Kepler-192b,15,"(37, 45)","(0.022222222222222223, 0.02702702702702703)"
3073,9146018,K00584.02,Kepler-192 c,CONFIRMED,Done,2018-08-16,CANDIDATE,1.0,0,0,0,0,q1_q17_dr25_sup_koi,NO_COMMENT,21.22349325,4.85e-05,-4.85e-05,170.37387,0.00192,-0.00192,2455003.374,0.00192,-0.00192,0.0,,,,,,0.794,0.066,-0.543,4.9416,0.0818,-0.0818,,,,582.9,10.4,-10.4,0.024557,0.002164,-0.002543,0.40276,0.97439,-0.25956,LS+MCMC,2.63,0.37,-0.21,0.1474,,,87.86,,,623.0,,,35.69,14.46,-7.9,21.2,10.3,-10.3,Claret (2011 A&A 529 75) ATLAS LS,0.0,0.0,0.224,0.4695,q1_q17_dr25_koi,11.055162,46.971317,60.2,3,62.0,2.0,q1_q17_dr25_tce,11111111111111111000000000000000,0.3978,Mandel and Agol (2002 ApJ 580 171),,,009/009146/009146018/dv/kplr009146018-20160209194854_dvr.pdf,009/009146/009146018/dv/kplr009146018-002-20160209194854_dvs.pdf,5475.0,109.0,-109.0,4.43,0.081,-0.108,0.24,0.15,-0.15,0.982,0.137,-0.08,0.947,0.056,-0.046,,,,q1_q17_dr25_stellar,287.91791,45.592869,14.129,14.663,14.064,13.899,13.814,12.892,12.512,12.427,0.421,19.1945247,6.1e-06,45.592843,5.7e-05,-0.13,0.23,-0.1,0.21,0.0001,0.00014,6e-05,0.00012,-0.09,0.13,0.09,0.15,0.13,0.14,-0.04,0.13,0.18,0.15,0.18,0.15,kplr009146018,Kepler-192c,15,"(37, 45)","(0.022222222222222223, 0.02702702702702703)"
3075,9279669,K00585.01,Kepler-612 b,CONFIRMED,Done,2018-08-16,CANDIDATE,1.0,0,0,0,0,q1_q17_dr25_sup_koi,NO_COMMENT,3.722158895,3.79e-06,-3.79e-06,171.560055,0.000814,-0.000814,2455004.56,0.000814,-0.000814,0.0,,,,,,0.644,0.232,-0.435,1.9941,0.0311,-0.0311,,,,757.4,12.8,-12.8,0.026508,0.002851,-0.001294,2.03406,2.04048,-1.30406,LS+MCMC,2.33,0.53,-0.21,0.0452,,,86.76,,,1046.0,,,283.28,190.36,-73.34,11.42,3.8,-3.8,Claret (2011 A&A 529 75) ATLAS LS,0.0,0.0,0.2434,0.4341,q1_q17_dr25_koi,6.950519,59.167484,70.3,1,357.0,1.0,q1_q17_dr25_tce,11111111111111111000000000000000,0.8696,Mandel and Agol (2002 ApJ 580 171),,,009/009279/009279669/dv/kplr009279669-20160209194854_dvr.pdf,009/009279/009279669/dv/kplr009279669-001-20160209194854_dvs.pdf,5617.0,152.0,-152.0,4.574,0.038,-0.152,-0.22,0.3,-0.3,0.806,0.182,-0.073,0.897,0.088,-0.107,,,,q1_q17_dr25_stellar,291.35464,45.747898,14.911,15.456,14.864,14.678,14.601,13.663,13.315,13.264,0.0,19.4236475,5.8e-06,45.74788,5.3e-05,0.16,0.22,-0.07,0.19,0.00052,0.00016,-0.00012,0.00014,-0.047,0.089,0.087,0.097,0.098,0.096,-0.038,0.09,0.0,0.097,0.038,0.09,kplr009279669,Kepler-612b,15,"(37, 45)","(0.022222222222222223, 0.02702702702702703)"
3077,10858832,K00432.01,Kepler-552 b,CONFIRMED,Done,2018-08-16,CANDIDATE,1.0,0,0,0,0,q1_q17_dr25_sup_koi,NO_COMMENT,5.263415218,3.366e-06,-3.366e-06,174.351207,0.000487,-0.000487,2455007.351,0.000487,-0.000487,0.0,,,,,,0.853,0.015,-0.59,2.1446,0.0461,-0.0461,,,,1030.7,10.5,-10.5,0.033596,0.000359,-0.003211,0.90764,3.9161,-0.38088,LS+MCMC,3.77,1.31,-0.44,0.0612,,,85.55,,,1103.0,,,349.4,360.02,-112.58,11.0,5.3,-5.3,Claret (2011 A&A 529 75) ATLAS LS,0.0,0.0,0.2868,0.3588,q1_q17_dr25_koi,11.283532,108.466675,117.0,1,252.0,1.0,q1_q17_dr25_tce,11111111111111111000000000000000,0.1912,Mandel and Agol (2002 ApJ 580 171),,,010/010858/010858832/dv/kplr010858832-20160209194854_dvr.pdf,010/010858/010858832/dv/kplr010858832-001-20160209194854_dvs.pdf,6099.0,171.0,-214.0,4.456,0.056,-0.224,0.02,0.25,-0.3,1.028,0.358,-0.119,1.098,0.151,-0.151,,,,q1_q17_dr25_stellar,290.74768,48.242008,14.279,14.724,14.224,14.088,14.044,13.198,12.877,12.78,0.0,19.3831798,2.5e-06,48.242012,2.5e-05,0.04,0.091,0.008,0.091,-0.000196,9.7e-05,-0.00022,0.0001,0.019,0.073,-0.013,0.088,0.023,0.08,0.076,0.077,0.015,0.074,0.077,0.077,kplr010858832,Kepler-552b,13,"(26, 31)","(0.03225806451612903, 0.038461538461538464)"
3078,10937029,K00433.01,Kepler-553 b,CONFIRMED,Done,2018-08-16,CANDIDATE,1.0,0,0,0,0,q1_q17_dr25_sup_koi,CENT_KIC_POS,4.030466786,1.574e-06,-1.574e-06,171.092308,0.000301,-0.000301,2455004.092,0.000301,-0.000301,0.0,,,,,,0.033,0.283,-0.033,2.7734,0.0149,-0.0149,,,,2908.3,14.8,-14.8,0.048052,0.00073,-0.000195,1.83916,0.04312,-0.26202,LS+MCMC,4.48,0.42,-0.21,0.0484,,,89.84,,,970.0,,,209.11,61.29,-33.65,11.645,0.273,-0.273,Claret (2011 A&A 529 75) ATLAS LS,0.0,0.0,0.1828,0.5324,q1_q17_dr25_koi,20.319773,218.61652,227.4,2,264.0,2.0,q1_q17_dr25_tce,11111101110111011000000000000000,0.3296,Mandel and Agol (2002 ApJ 580 171),,,010/010937/010937029/dv/kplr010937029-20160209194854_dvr.pdf,010/010937/010937029/dv/kplr010937029-002-20160209194854_dvs.pdf,5234.0,103.0,-103.0,4.542,0.028,-0.083,0.3,0.15,-0.15,0.854,0.08,-0.04,0.927,0.032,-0.059,,,,q1_q17_dr25_stellar,298.55084,48.332451,14.924,15.618,14.856,14.627,14.529,13.578,13.161,13.064,0.0,19.9034006,1.8e-06,48.332577,1.9e-05,0.406,0.064,0.457,0.068,-0.00039,0.00021,0.00035,0.00025,0.179,0.07,-0.116,0.069,0.214,0.07,0.157,0.071,0.217,0.072,0.268,0.073,kplr010937029,Kepler-553b,11,"(18, 22)","(0.045454545454545456, 0.05555555555555555)"
3080,10937029,K00433.02,Kepler-553 c,CONFIRMED,Done,2018-08-16,CANDIDATE,0.992,0,0,0,0,q1_q17_dr25_sup_koi,CENT_KIC_POS,328.240201,0.0003583,-0.0003583,199.203375,0.000858,-0.000858,2455032.203,0.000858,-0.000858,0.0,,,,,,0.75,0.006,-0.011,12.2726,0.0671,-0.0671,,,,13889.0,52.2,-52.2,0.117884,0.000506,-0.000636,0.85283,0.033,-0.03398,LS+MCMC,10.99,1.03,-0.51,0.9084,,,89.75,,,224.0,,,0.59,0.18,-0.09,169.35,6.6,-6.6,Claret (2011 A&A 529 75) ATLAS LS,0.0,0.0,0.1828,0.5324,q1_q17_dr25_koi,118.55063,225.933,287.6,2,5.0,1.0,q1_q17_dr25_tce,11111101110111011000000000000000,0.0032,Mandel and Agol (2002 ApJ 580 171),,,010/010937/010937029/dv/kplr010937029-20160209194854_dvr.pdf,010/010937/010937029/dv/kplr010937029-001-20160209194854_dvs.pdf,5234.0,103.0,-103.0,4.542,0.028,-0.083,0.3,0.15,-0.15,0.854,0.08,-0.04,0.927,0.032,-0.059,,,,q1_q17_dr25_stellar,298.55084,48.332451,14.924,15.618,14.856,14.627,14.529,13.578,13.161,13.064,0.0,19.9034013,1.6e-06,48.332564,1.6e-05,0.432,0.056,0.411,0.057,-0.0023,0.0025,0.0024,0.0037,0.215,0.07,0.01,0.11,0.215,0.07,0.203,0.07,0.344,0.089,0.399,0.085,kplr010937029,Kepler-553c,6,"(7, 9)","(0.1111111111111111, 0.14285714285714285)"
3084,3239945,K00490.01,Kepler-167 b,CONFIRMED,Done,2018-08-16,CANDIDATE,1.0,0,0,0,0,q1_q17_dr25_sup_koi,CENT_KIC_POS,4.393157678,5.485e-06,-5.485e-06,172.867528,0.000991,-0.000991,2455005.868,0.000991,-0.000991,0.0,,,,,,0.102,0.356,-0.102,2.4455,0.0343,-0.0343,,,,447.2,7.8,-7.8,0.01871,0.000709,-0.000297,2.64546,0.16006,-0.87863,LS+MCMC,1.41,0.11,-0.04,0.0477,,,89.58,,,807.0,,,99.9,25.68,-13.19,13.923,0.842,-0.842,Claret (2011 A&A 529 75) ATLAS LS,0.0,0.0,0.1082,0.627,q1_q17_dr25_koi,6.885073,49.97138,63.0,4,298.0,2.0,q1_q17_dr25_tce,11111111111111111000000000000000,0.538,Mandel and Agol (2002 ApJ 580 171),,,003/003239/003239945/dv/kplr003239945-20160209194854_dvr.pdf,003/003239/003239945/dv/kplr003239945-002-20160209194854_dvs.pdf,4799.0,95.0,-95.0,4.631,0.012,-0.048,-0.02,0.15,-0.15,0.692,0.054,-0.021,0.776,0.031,-0.053,,,,q1_q17_dr25_stellar,292.65842,38.34539,14.023,14.805,13.951,13.688,13.542,12.446,11.974,11.832,0.001,19.5105587,5.7e-06,38.345411,6.5e-05,-0.14,0.24,0.08,0.23,0.00025,0.0001,-1e-05,0.0001,-0.14,0.13,-0.3,0.15,0.33,0.16,0.18,0.13,0.23,0.15,0.29,0.15,kplr003239945,Kepler-167b,16,"(45, 54)","(0.018518518518518517, 0.022222222222222223)"
3086,10187017,K00082.01,Kepler-102 e,CONFIRMED,Done,2018-08-16,CANDIDATE,1.0,0,0,0,0,q1_q17_dr25_sup_koi,CENT_SATURATED,16.145671932,7.44e-06,-7.44e-06,134.754877,0.000394,-0.000394,2454967.755,0.000394,-0.000394,0.0,,,,,,0.75,0.016,-0.514,3.7236,0.025,-0.025,,,,941.1,4.2,-4.2,0.030636,0.000272,-0.002572,0.93462,1.54402,-0.07907,LS+MCMC,2.48,0.16,-0.1,0.1162,,,88.17,,,546.0,,,20.98,4.77,-3.16,23.44,9.7,-9.7,Claret (2011 A&A 529 75) ATLAS LS,0.0,0.0,0.1496,0.5746,q1_q17_dr25_koi,33.63094,210.27057,242.7,6,84.0,1.0,q1_q17_dr25_tce,11111111111111111000000000000000,0.4984,Mandel and Agol (2002 ApJ 580 171),,,010/010187/010187017/dv/kplr010187017-20160209194854_dvr.pdf,010/010187/010187017/dv/kplr010187017-001-20160209194854_dvs.pdf,4900.0,98.0,-98.0,4.602,0.017,-0.049,0.08,0.15,-0.15,0.741,0.048,-0.03,0.806,0.033,-0.049,,,,q1_q17_dr25_stellar,281.48273,47.208031,11.492,12.289,11.428,11.15,11.034,9.984,9.446,9.351,0.294,18.7654987,1.7e-06,47.207921,1.2e-05,-0.635,0.061,-0.392,0.045,2.3e-05,5.9e-05,-3.6e-05,4.5e-05,0.09,0.1,-0.018,0.079,0.09,0.1,-0.5,0.11,-0.498,0.082,0.706,0.095,kplr010187017,Kepler-102e,14,"(31, 37)","(0.02702702702702703, 0.03225806451612903)"
3087,3239945,K00490.02,Kepler-167 e,CONFIRMED,Done,2018-08-16,CANDIDATE,0.0,0,0,0,0,q1_q17_dr25_sup_koi,INDIV_TRANS_MARSHALL_ZUMA---INCONSISTENT_TRANS---CENT_FEW_DIFFS,1071.232624,0.0006435,-0.0006435,420.286557,0.000452,-0.000452,2455253.287,0.000452,-0.000452,0.0,,,,,,0.216,0.054,-0.083,16.1784,0.0498,-0.0498,,,,19046.0,36.1,-36.1,0.122698,0.000176,-0.000869,2.85277,0.16754,-0.0613,LS+MCMC,9.27,0.73,-0.28,1.86,,,89.98,,,129.0,,,0.07,0.01,-0.01,557.3,32.7,-32.7,Claret (2011 A&A 529 75) ATLAS LS,0.0,0.0,0.1082,0.627,q1_q17_dr25_koi,257.18875,279.55515,544.2,4,3.0,1.0,q1_q17_dr25_tce,11111111111111111000000000000000,1.0,Mandel and Agol (2002 ApJ 580 171),,,003/003239/003239945/dv/kplr003239945-20160209194854_dvr.pdf,003/003239/003239945/dv/kplr003239945-001-20160209194854_dvs.pdf,4799.0,95.0,-95.0,4.631,0.012,-0.048,-0.02,0.15,-0.15,0.692,0.054,-0.021,0.776,0.031,-0.053,,,,q1_q17_dr25_stellar,292.65842,38.34539,14.023,14.805,13.951,13.688,13.542,12.446,11.974,11.832,0.0,19.51056807,6.3e-07,38.3454095,7e-06,0.257,0.027,0.07,0.025,0.0033,0.0064,-0.0005,0.0082,-0.015,0.072,-0.042,0.071,0.045,0.071,0.2,0.089,0.463,0.1,0.504,0.098,kplr003239945,Kepler-167e,6,"(7, 9)","(0.1111111111111111, 0.14285714285714285)"
3089,10873260,K00535.01,Kepler-590 b,CONFIRMED,Done,2018-08-16,CANDIDATE,1.0,0,0,0,0,q1_q17_dr25_sup_koi,NO_COMMENT,5.852968845,4.978e-06,-4.978e-06,171.181624,0.00065,-0.00065,2455004.182,0.00065,-0.00065,0.0,,,,,,0.316,0.064,-0.316,4.5973,0.0315,-0.0315,,,,1146.5,8.7,-8.7,0.031249,0.000197,-0.000484,0.48383,0.08774,-0.04534,LS+MCMC,3.46,1.13,-0.38,0.0647,,,88.11,,,1056.0,,,293.93,289.95,-90.07,9.57,1.7,-1.7,Claret (2011 A&A 529 75) ATLAS LS,0.0,0.0,0.2868,0.3588,q1_q17_dr25_koi,15.561373,137.60065,152.4,1,181.0,1.0,q1_q17_dr25_tce,11111101110111011000000000000000,0.4028,Mandel and Agol (2002 ApJ 580 171),,,010/010873/010873260/dv/kplr010873260-20160209194854_dvr.pdf,010/010873/010873260/dv/kplr010873260-001-20160209194854_dvs.pdf,6050.0,181.0,-199.0,4.45,0.07,-0.21,-0.04,0.25,-0.3,1.013,0.333,-0.111,1.05,0.145,-0.13,,,,q1_q17_dr25_stellar,296.38553,48.233452,14.434,14.903,14.384,14.233,14.184,13.268,12.979,12.936,0.0,19.7590336,2.2e-06,48.233432,2.6e-05,-0.085,0.077,-0.064,0.094,0.000164,9.1e-05,-0.00077,0.00011,-0.019,0.08,0.11,0.1,0.116,0.1,0.009,0.079,-0.09,0.1,0.088,0.099,kplr010873260,Kepler-590b,14,"(31, 37)","(0.02702702702702703, 0.03225806451612903)"
3090,10965008,K00536.01,Kepler-591 b,CONFIRMED,Done,2018-08-16,CANDIDATE,0.921,0,0,0,0,q1_q17_dr25_sup_koi,NO_COMMENT,81.1701587,0.0003838,-0.0003838,178.58702,0.0033,-0.0033,2455011.587,0.0033,-0.0033,0.0,,,,,,0.875,0.038,-0.595,8.358,0.216,-0.216,,,,1183.2,26.3,-26.3,0.037029,0.001307,-0.005428,0.20196,1.08043,-0.09023,LS+MCMC,4.71,0.81,-0.89,0.3554,,,88.79,,,436.0,,,8.55,3.89,-3.19,41.3,20.1,-20.1,Claret (2011 A&A 529 75) ATLAS LS,0.0,0.0,0.224,0.4695,q1_q17_dr25_koi,16.355812,45.641262,51.0,1,11.0,1.0,q1_q17_dr25_tce,11111110111011101000000000000000,0.2287,Mandel and Agol (2002 ApJ 580 171),,,010/010965/010965008/dv/kplr010965008-20160209194854_dvr.pdf,010/010965/010965008/dv/kplr010965008-001-20160209194854_dvs.pdf,5460.0,81.0,-65.0,4.263,0.186,-0.124,0.16,0.15,-0.1,1.165,0.2,-0.22,0.907,0.065,-0.038,,,,q1_q17_dr25_stellar,286.02402,48.43177,14.499,14.985,14.43,14.29,14.248,13.327,12.953,12.971,0.847,19.0682695,8.6e-06,48.431694,8.5e-05,0.05,0.31,-0.27,0.31,-3e-05,0.00037,0.00011,0.00038,0.03,0.11,0.07,0.11,0.08,0.11,0.01,0.12,-0.04,0.11,0.04,0.11,kplr010965008,Kepler-591b,13,"(26, 31)","(0.03225806451612903, 0.038461538461538464)"
3092,11073351,K00537.01,Kepler-592 b,CONFIRMED,Done,2018-08-16,CANDIDATE,1.0,0,0,0,0,q1_q17_dr25_sup_koi,NO_COMMENT,2.820190603,3.592e-06,-3.592e-06,170.787705,0.000973,-0.000973,2455003.788,0.000973,-0.000973,0.0,,,,,,0.614,0.266,-0.417,2.554,0.0354,-0.0354,,,,467.5,8.4,-8.4,0.020656,0.002557,-0.000904,0.78777,0.63963,-0.61339,LS+MCMC,2.53,0.4,-0.27,0.0397,,,84.91,,,1367.0,,,824.92,343.24,-199.16,6.92,2.8,-2.8,Claret (2011 A&A 529 75) ATLAS LS,0.0,0.0,0.2555,0.4191,q1_q17_dr25_koi,5.395522,49.710533,64.2,1,380.0,1.0,q1_q17_dr25_tce,11111110111011101000000000000000,0.5059,Mandel and Agol (2002 ApJ 580 171),,,011/011073/011073351/dv/kplr011073351-20160209194854_dvr.pdf,011/011073/011073351/dv/kplr011073351-001-20160209194854_dvs.pdf,5831.0,78.0,-78.0,4.359,0.095,-0.116,0.16,0.15,-0.15,1.121,0.178,-0.118,1.047,0.073,-0.066,,,,q1_q17_dr25_stellar,285.79068,48.683262,14.665,15.061,14.607,14.496,14.472,13.626,13.3,13.219,0.305,19.0527162,7.5e-06,48.683272,7e-05,0.15,0.27,0.04,0.25,3e-05,0.00012,-9e-05,0.00011,0.08,0.11,0.1,0.14,0.13,0.13,0.15,0.11,0.0,0.18,0.15,0.11,kplr011073351,Kepler-592b,16,"(45, 54)","(0.018518518518518517, 0.022222222222222223)"
3093,11090765,K00538.01,Kepler-593 b,CONFIRMED,Done,2018-08-16,CANDIDATE,1.0,0,0,0,0,q1_q17_dr25_sup_koi,NO_COMMENT,21.21712312,6.192e-05,-6.192e-05,171.64936,0.00231,-0.00231,2455004.649,0.00231,-0.00231,0.0,,,,,,0.89,0.012,-0.644,5.89,0.16,-0.16,,,,636.0,13.0,-13.0,0.027013,0.000451,-0.003434,0.11833,0.82852,-0.06805,LS+MCMC,2.97,0.99,-0.33,0.1508,,,86.39,,,706.0,,,58.63,57.34,-18.18,14.12,6.6,-6.6,Claret (2011 A&A 529 75) ATLAS LS,0.0,0.0,0.3032,0.3147,q1_q17_dr25_koi,8.495056,43.6958,56.2,1,62.0,1.0,q1_q17_dr25_tce,11111111111111111000000000000000,0.8264,Mandel and Agol (2002 ApJ 580 171),,,011/011090/011090765/dv/kplr011090765-20160209194854_dvr.pdf,011/011090/011090765/dv/kplr011090765-001-20160209194854_dvs.pdf,6191.0,169.0,-206.0,4.438,0.07,-0.21,-0.24,0.25,-0.3,1.007,0.335,-0.112,1.01,0.158,-0.115,,,,q1_q17_dr25_stellar,294.95145,48.651192,14.56,14.981,14.513,14.379,14.322,13.431,13.131,13.115,0.001,19.6634146,9.7e-06,48.651017,7.9e-05,-0.55,0.35,-0.62,0.28,0.00022,0.00022,0.00036,0.00018,0.03,0.12,0.06,0.15,0.06,0.14,-0.04,0.12,0.01,0.14,0.05,0.12,kplr011090765,Kepler-593b,15,"(37, 45)","(0.022222222222222223, 0.02702702702702703)"
3096,9607164,K00587.01,Kepler-614 b,CONFIRMED,Done,2018-08-16,CANDIDATE,1.0,0,0,0,0,q1_q17_dr25_sup_koi,NO_COMMENT,14.03490255,2.387e-05,-2.387e-05,171.60491,0.0013,-0.0013,2455004.605,0.0013,-0.0013,0.0,,,,,,0.66,0.037,-0.486,3.638,0.0598,-0.0598,,,,851.8,15.9,-15.9,0.028141,0.003258,-0.001595,1.20628,1.2048,-0.91152,LS+MCMC,2.41,0.32,-0.28,0.1027,,,88.37,,,641.0,,,39.97,17.47,-11.97,23.2,11.6,-11.6,Claret (2011 A&A 529 75) ATLAS LS,0.0,0.0,0.2175,0.4767,q1_q17_dr25_koi,9.198579,51.662617,60.9,1,74.0,1.0,q1_q17_dr25_tce,11111101110111011000000000000000,0.4679,Mandel and Agol (2002 ApJ 580 171),,,009/009607/009607164/dv/kplr009607164-20160209194854_dvr.pdf,009/009607/009607164/dv/kplr009607164-001-20160209194854_dvs.pdf,5258.0,158.0,-142.0,4.513,0.095,-0.086,-0.32,0.35,-0.3,0.785,0.102,-0.091,0.731,0.109,-0.047,,,,q1_q17_dr25_stellar,298.38483,46.276039,14.574,15.237,14.526,14.29,14.154,13.195,12.72,12.662,0.493,19.8923204,7.6e-06,46.275976,7.4e-05,-0.03,0.28,-0.23,0.27,0.00018,0.00024,-7e-05,0.00023,0.05,0.12,-0.07,0.12,0.08,0.13,0.27,0.12,-0.32,0.11,0.42,0.12,kplr009607164,Kepler-614b,14,"(31, 37)","(0.02702702702702703, 0.03225806451612903)"
3098,6462863,K00094.01,Kepler-89 d,CONFIRMED,Done,2018-08-16,CANDIDATE,0.994,0,0,0,0,q1_q17_dr25_sup_koi,NO_COMMENT,22.342964828,3.404e-06,-3.404e-06,132.741641,0.000128,-0.000128,2454965.742,0.000128,-0.000128,0.0,,,,,,0.031,0.045,-0.031,6.66405,0.0039,-0.0039,,,,5612.8,5.3,-5.3,0.068705,5.7e-05,-3.6e-05,0.77681,0.0034,-0.00811,LS+MCMC,9.99,1.82,-1.5,0.1607,,,89.93,,,785.0,,,89.61,44.96,-30.27,27.368,0.12,-0.12,Claret (2011 A&A 529 75) ATLAS LS,0.0,0.0,0.305,0.3201,q1_q17_dr25_koi,174.54733,702.9733,1118.9,4,30.0,1.0,q1_q17_dr25_tce,10011001100110011000000000000000,0.0066,Mandel and Agol (2002 ApJ 580 171),,,006/006462/006462863/dv/kplr006462863-20160209194854_dvr.pdf,006/006462/006462863/dv/kplr006462863-001-20160209194854_dvs.pdf,6181.0,111.0,-135.0,4.234,0.143,-0.117,-0.02,0.15,-0.15,1.331,0.243,-0.199,1.106,0.116,-0.074,,,,q1_q17_dr25_stellar,297.33307,41.891121,12.205,12.551,12.186,12.057,12.039,11.218,10.957,10.926,0.0,19.82220736,3.4e-07,41.8911423,3e-06,0.135,0.014,0.08,0.011,0.00137,0.00016,-0.00029,0.0002,-0.078,0.075,0.011,0.073,0.078,0.073,0.102,0.075,0.185,0.076,0.211,0.076,kplr006462863,Kepler-89d,10,"(15, 18)","(0.05555555555555555, 0.06666666666666667)"
3100,11709124,K00435.01,Kepler-154 d,CONFIRMED,Done,2018-08-16,CANDIDATE,1.0,0,0,0,0,q1_q17_dr25_sup_koi,CENT_KIC_POS,20.5498184,2.349e-05,-2.349e-05,178.946396,0.000931,-0.000931,2455011.946,0.000931,-0.000931,0.0,,,,,,0.649,0.168,-0.4,5.5484,0.0746,-0.0746,,,,1564.3,13.6,-13.6,0.038064,0.002459,-0.001866,0.54048,0.49931,-0.29686,LS+MCMC,4.04,0.54,-0.4,0.1415,,,88.38,,,657.0,,,44.11,17.25,-10.69,22.9,10.6,-10.6,Claret (2011 A&A 529 75) ATLAS LS,0.0,0.0,0.2676,0.3928,q1_q17_dr25_koi,16.60684,93.74424,123.1,6,67.0,1.0,q1_q17_dr25_tce,11111111111111111000000000000000,0.0991,Mandel and Agol (2002 ApJ 580 171),,,011/011709/011709124/dv/kplr011709124-20160209194854_dvr.pdf,011/011709/011709124/dv/kplr011709124-001-20160209194854_dvs.pdf,5688.0,113.0,-101.0,4.415,0.1,-0.1,-0.12,0.15,-0.15,0.971,0.13,-0.095,0.895,0.071,-0.052,,,,q1_q17_dr25_stellar,289.78052,49.89653,14.534,14.981,14.489,14.342,14.282,13.389,13.089,12.986,0.0,19.3187055,3.1e-06,49.89658,3.1e-05,0.15,0.11,0.18,0.11,0.00058,0.00018,0.00047,0.0002,-0.38,0.11,-0.479,0.092,0.61,0.11,0.022,0.097,0.248,0.095,0.249,0.095,kplr011709124,Kepler-154d,13,"(26, 31)","(0.03225806451612903, 0.038461538461538464)"
3105,12302530,K00438.01,Kepler-155 b,CONFIRMED,Done,2018-08-16,CANDIDATE,1.0,0,0,0,0,q1_q17_dr25_sup_koi,NO_COMMENT,5.931196562,5.348e-06,-5.348e-06,174.796908,0.000706,-0.000706,2455007.797,0.000706,-0.000706,0.0,,,,,,0.886,0.019,-0.616,2.4999,0.0528,-0.0528,,,,1007.4,12.6,-12.6,0.03417,0.000707,-0.004841,0.49126,3.19488,-0.10977,LS+MCMC,2.01,0.12,-0.13,0.0528,,,84.76,,,562.0,,,23.5,4.7,-4.67,9.7,4.5,-4.5,Claret (2011 A&A 529 75) ATLAS LS,0.0,0.0,0.2589,0.4639,q1_q17_dr25_koi,11.305387,79.9316,90.5,2,224.0,1.0,q1_q17_dr25_tce,11111111111111111000000000000000,0.7778,Mandel and Agol (2002 ApJ 580 171),,,012/012302/012302530/dv/kplr012302530-20160209194854_dvr.pdf,012/012302/012302530/dv/kplr012302530-001-20160209194854_dvs.pdf,3984.0,71.0,-86.0,4.72,0.03,-0.03,-0.22,0.15,-0.15,0.539,0.031,-0.035,0.557,0.03,-0.036,,,,q1_q17_dr25_stellar,288.49582,51.08194,14.258,15.231,14.163,13.841,13.617,12.533,11.888,11.805,0.001,19.2330526,4.1e-06,51.08213,4.6e-05,-0.09,0.14,0.68,0.17,-0.00015,0.00014,-0.00029,0.00017,-0.048,0.087,0.161,0.093,0.168,0.093,-0.18,0.087,0.079,0.095,0.197,0.088,kplr012302530,Kepler-155b,13,"(26, 31)","(0.03225806451612903, 0.038461538461538464)"
3106,11904151,K00072.01,Kepler-10 b,CONFIRMED,Done,2018-08-16,CANDIDATE,0.0,0,0,0,0,q1_q17_dr25_sup_koi,LPP_DV---CENT_SATURATED,0.837491225,3.03e-07,-3.03e-07,131.574858,0.000282,-0.000282,2454964.575,0.000282,-0.000282,0.0,,,,,,0.022,0.388,-0.022,1.796,0.0104,-0.0104,,,,190.4,1.2,-1.2,0.012545,0.00026,-0.000149,1.31582,0.00099,-0.52333,LS+MCMC,1.43,0.08,-0.06,0.0167,,,89.65,,,1980.0,,,3630.32,654.58,-443.61,3.65398,0.00275,-0.00275,Claret (2011 A&A 529 75) ATLAS LS,0.0,0.0,0.2676,0.3928,q1_q17_dr25_koi,9.294115,30.367825,189.5,2,1245.0,2.0,q1_q17_dr25_tce,11111110111011101000000000000000,0.9232,Mandel and Agol (2002 ApJ 580 171),,,011/011904/011904151/dv/kplr011904151-20160209194854_dvr.pdf,011/011904/011904151/dv/kplr011904151-002-20160209194854_dvs.pdf,5676.0,85.0,-68.0,4.347,0.03,-0.03,-0.12,0.15,-0.15,1.044,0.057,-0.042,0.884,0.069,-0.042,,,,q1_q17_dr25_stellar,285.67938,50.241299,10.961,11.388,10.92,10.778,10.729,9.889,9.563,9.496,0.015,19.045284,8.8e-06,50.241587,9.9e-05,-0.3,0.3,1.03,0.36,5e-06,1.2e-05,-2.3e-05,1.5e-05,-0.44,0.19,0.89,0.31,0.99,0.35,-0.65,0.2,1.4,0.32,1.54,0.36,kplr011904151,Kepler-10b,19,"(78, 93)","(0.010752688172043012, 0.01282051282051282)"
3110,3559935,K00492.01,Kepler-576 b,CONFIRMED,Done,2018-08-16,CANDIDATE,1.0,0,0,0,0,q1_q17_dr25_sup_koi,NO_COMMENT,29.9111886,9.444e-05,-9.444e-05,194.71129,0.00251,-0.00251,2455027.711,0.00251,-0.00251,0.0,,,,,,0.041,0.389,-0.041,6.6436,0.0927,-0.0927,,,,942.0,21.1,-21.1,0.027392,0.000913,-0.00042,0.93119,0.03814,-0.2675,LS+MCMC,2.9,0.29,-0.35,0.179,,,89.93,,,541.0,,,20.31,5.7,-5.52,35.31,1.4,-1.4,Claret (2011 A&A 529 75) ATLAS LS,0.0,0.0,0.186,0.5256,q1_q17_dr25_koi,9.261932,32.622295,50.8,2,36.0,1.0,q1_q17_dr25_tce,11111011101110111000000000000000,0.3095,Mandel and Agol (2002 ApJ 580 171),,,003/003559/003559935/dv/kplr003559935-20160209194854_dvr.pdf,003/003559/003559935/dv/kplr003559935-001-20160209194854_dvs.pdf,5275.0,78.0,-78.0,4.397,0.12,-0.08,0.18,0.15,-0.15,0.969,0.096,-0.117,0.855,0.06,-0.033,,,,q1_q17_dr25_stellar,295.18292,38.654228,14.424,15.062,14.359,14.151,14.047,13.079,12.719,12.646,0.0,19.6788561,6.7e-06,38.654071,6.7e-05,-0.22,0.28,-0.57,0.24,0.00127,0.00028,-0.00058,0.00024,-0.35,0.13,0.01,0.15,0.35,0.13,0.02,0.12,-0.16,0.17,0.16,0.17,kplr003559935,Kepler-576b,15,"(37, 45)","(0.022222222222222223, 0.02702702702702703)"
3115,11853905,K00007.01,Kepler-4 b,CONFIRMED,Done,2018-08-16,CANDIDATE,1.0,0,0,0,0,q1_q17_dr25_sup_koi,NO_COMMENT,3.213668926,1.09e-06,-1.09e-06,123.611878,0.000274,-0.000274,2454956.612,0.000274,-0.000274,0.0,,,,,,0.021,0.188,-0.021,3.98235,0.00911,-0.00911,,,,727.8,2.5,-2.5,0.02447,0.00014,-5.5e-05,0.46728,0.00237,-0.03311,LS+MCMC,4.13,0.26,-0.23,0.044,,,89.81,,,1515.0,,,1244.44,229.31,-193.94,6.3422,0.0322,-0.0322,Claret (2011 A&A 529 75) ATLAS LS,0.0,0.0,0.26,0.4133,q1_q17_dr25_koi,23.658726,294.484,346.9,1,335.0,1.0,q1_q17_dr25_tce,11111110111011101000000000000000,0.1038,Mandel and Agol (2002 ApJ 580 171),,,011/011853/011853905/dv/kplr011853905-20160209194854_dvr.pdf,011/011853/011853905/dv/kplr011853905-001-20160209194854_dvs.pdf,5795.0,69.0,-77.0,4.101,0.033,-0.027,0.18,0.15,-0.15,1.545,0.097,-0.087,1.097,0.138,-0.069,,,,q1_q17_dr25_stellar,285.61533,50.13575,12.211,12.614,12.135,12.038,11.963,11.122,10.836,10.805,0.0,19.0410288,1.3e-06,50.135737,1.2e-05,0.259,0.044,-0.047,0.045,-0.000197,3.2e-05,5.1e-05,3.3e-05,0.028,0.073,0.045,0.075,0.053,0.074,0.182,0.077,0.068,0.076,0.195,0.077,kplr011853905,Kepler-4b,15,"(37, 45)","(0.022222222222222223, 0.02702702702702703)"
3116,5866724,K00085.03,Kepler-65 d,CONFIRMED,Done,2018-08-16,CANDIDATE,1.0,0,0,0,0,q1_q17_dr25_sup_koi,CENT_SATURATED,8.13121389,1.902e-05,-1.902e-05,137.99254,0.00188,-0.00188,2454970.993,0.00188,-0.00188,0.0,,,,,,0.622,0.059,-0.457,4.2386,0.0554,-0.0554,,,,111.8,2.2,-2.2,0.010132,0.001404,-0.000425,0.45775,0.37611,-0.37629,LS+MCMC,1.58,0.06,-0.1,0.0848,,,86.95,,,1117.0,,,368.36,47.34,-60.42,11.7,4.8,-4.8,Claret (2011 A&A 529 75) ATLAS LS,0.0,0.0,0.3052,0.3236,q1_q17_dr25_koi,6.504586,41.22457,55.3,3,131.0,3.0,q1_q17_dr25_tce,11111111111111111000000000000000,0.011,Mandel and Agol (2002 ApJ 580 171),,,005/005866/005866724/dv/kplr005866724-20160209194854_dvr.pdf,005/005866/005866724/dv/kplr005866724-003-20160209194854_dvs.pdf,6181.0,68.0,-86.0,4.22,0.033,-0.027,0.14,0.15,-0.15,1.424,0.056,-0.085,1.231,0.059,-0.097,,,,q1_q17_dr25_stellar,288.68869,41.15118,11.018,11.336,10.955,10.882,10.858,10.066,9.852,9.806,0.018,19.2459109,4.7e-06,41.151223,5.7e-05,-0.1,0.19,0.15,0.21,8e-06,2e-05,-3e-05,2.2e-05,-0.19,0.44,-0.6,0.47,0.63,0.47,-0.07,0.42,-0.72,0.5,0.72,0.5,kplr005866724,Kepler-65d,20,"(93, 112)","(0.008928571428571428, 0.010752688172043012)"
3120,10656823,K00598.01,Kepler-195 b,CONFIRMED,Done,2018-08-16,CANDIDATE,1.0,0,0,0,0,q1_q17_dr25_sup_koi,CENT_KIC_POS,8.30783912,1.144e-05,-1.144e-05,171.17201,0.00104,-0.00104,2455004.172,0.00104,-0.00104,0.0,,,,,,0.019,0.349,-0.019,3.1516,0.0332,-0.0332,,,,777.5,13.2,-13.2,0.025018,0.0006,-0.000237,2.41247,0.02737,-0.6066,LS+MCMC,2.15,0.36,-0.18,0.0768,,,89.95,,,751.0,,,75.09,40.14,-18.59,20.647,0.234,-0.234,Claret (2011 A&A 529 75) ATLAS LS,0.0,0.0,0.2043,0.4966,q1_q17_dr25_koi,7.916208,50.371227,66.4,2,164.0,1.0,q1_q17_dr25_tce,11111111111111111000000000000000,0.4123,Mandel and Agol (2002 ApJ 580 171),,,010/010656/010656823/dv/kplr010656823-20160209194854_dvr.pdf,010/010656/010656823/dv/kplr010656823-001-20160209194854_dvs.pdf,5320.0,159.0,-143.0,4.589,0.028,-0.105,-0.06,0.3,-0.3,0.786,0.132,-0.066,0.882,0.061,-0.104,,,,q1_q17_dr25_stellar,288.12097,47.966671,14.813,15.434,14.75,14.546,14.466,13.531,13.055,12.959,0.0,19.208051,4.1e-06,47.966394,5e-05,-0.47,0.15,-0.99,0.18,-0.00023,0.00011,-0.00082,0.00014,0.83,0.35,0.18,0.66,0.85,0.48,-0.04,0.11,-0.2,0.11,0.2,0.11,kplr010656823,Kepler-195b,15,"(37, 45)","(0.022222222222222223, 0.02702702702702703)"
3125,12470954,K00439.01,Kepler-554 b,CONFIRMED,Done,2018-08-16,CANDIDATE,1.0,0,0,0,0,q1_q17_dr25_sup_koi,NO_COMMENT,1.902208647,4.14e-07,-4.14e-07,170.449657,0.000175,-0.000175,2455003.45,0.000175,-0.000175,0.0,,,,,,0.116,0.163,-0.116,2.19877,0.00854,-0.00854,,,,2343.5,7.3,-7.3,0.043475,0.000407,-0.00022,1.70324,0.03746,-0.21086,LS+MCMC,4.45,0.53,-0.33,0.0293,,,89.03,,,1346.0,,,778.26,278.83,-163.2,6.881,0.151,-0.151,Claret (2011 A&A 529 75) ATLAS LS,0.0,0.0,0.224,0.4695,q1_q17_dr25_koi,22.456694,343.7984,363.2,2,702.0,1.0,q1_q17_dr25_tce,11111111111111111000000000000000,0.2692,Mandel and Agol (2002 ApJ 580 171),,,012/012470/012470954/dv/kplr012470954-20160209194854_dvr.pdf,012/012470/012470954/dv/kplr012470954-001-20160209194854_dvs.pdf,5400.0,107.0,-107.0,4.463,0.06,-0.097,0.24,0.15,-0.15,0.937,0.113,-0.07,0.931,0.049,-0.049,,,,q1_q17_dr25_stellar,296.40686,51.35815,14.313,14.895,14.237,14.063,13.998,13.043,12.654,12.615,0.001,19.7604793,1.2e-06,51.358421,1.2e-05,0.743,0.04,0.974,0.043,0.00014,0.0001,0.00018,0.00012,-0.028,0.067,-0.011,0.068,0.03,0.067,0.136,0.069,0.277,0.07,0.309,0.071,kplr012470954,Kepler-554b,12,"(22, 26)","(0.038461538461538464, 0.045454545454545456)"
3127,2438264,K00440.01,Kepler-156 c,CONFIRMED,Done,2018-08-16,CANDIDATE,1.0,0,0,0,0,q1_q17_dr25_sup_koi,NO_COMMENT,15.90688891,2.554e-05,-2.554e-05,177.9305,0.00128,-0.00128,2455010.93,0.00128,-0.00128,0.0,,,,,,0.014,0.417,-0.014,3.9879,0.044,-0.044,,,,924.7,13.4,-13.4,0.027043,0.000852,-0.000308,2.29229,0.11792,-0.61462,LS+MCMC,2.35,0.16,-0.12,0.1164,,,89.97,,,588.0,,,28.32,6.44,-4.86,31.3,1.6,-1.6,Claret (2011 A&A 529 75) ATLAS LS,0.0,0.0,0.1496,0.5746,q1_q17_dr25_koi,11.444394,55.403717,75.0,2,86.0,1.0,q1_q17_dr25_tce,11111111111111111000000000000000,0.0408,Mandel and Agol (2002 ApJ 580 171),,,002/002438/002438264/dv/kplr002438264-20160209194854_dvr.pdf,002/002438/002438264/dv/kplr002438264-001-20160209194854_dvs.pdf,5097.0,101.0,-101.0,4.554,0.036,-0.05,0.08,0.15,-0.15,0.797,0.052,-0.042,0.829,0.043,-0.043,,,,q1_q17_dr25_stellar,290.29651,37.749489,14.172,14.897,14.104,13.861,13.726,12.735,12.255,12.155,0.0,19.3530932,3.3e-06,37.749333,4e-05,-0.32,0.14,-0.57,0.14,0.00017,0.00014,-0.00043,0.00014,-0.095,0.088,0.05,0.1,0.107,0.091,-0.245,0.091,-0.25,0.11,0.35,0.11,kplr002438264,Kepler-156c,15,"(37, 45)","(0.022222222222222223, 0.02702702702702703)"
3128,2438264,K00440.02,Kepler-156 b,CONFIRMED,Done,2018-08-16,CANDIDATE,1.0,0,0,0,0,q1_q17_dr25_sup_koi,NO_COMMENT,4.973455252,4.43e-06,-4.43e-06,170.885791,0.000711,-0.000711,2455003.886,0.000711,-0.000711,0.0,,,,,,0.817,0.056,-0.576,1.6519,0.0276,-0.0276,,,,741.6,13.1,-13.1,0.028304,0.001055,-0.003288,2.28351,7.45746,-0.96676,LS+MCMC,2.46,0.16,-0.13,0.0536,,,86.75,,,867.0,,,133.55,30.37,-22.92,14.4,6.7,-6.7,Claret (2011 A&A 529 75) ATLAS LS,0.0,0.0,0.1496,0.5746,q1_q17_dr25_koi,7.883208,51.693073,65.4,2,258.0,2.0,q1_q17_dr25_tce,11111111111111111000000000000000,0.1972,Mandel and Agol (2002 ApJ 580 171),,,002/002438/002438264/dv/kplr002438264-20160209194854_dvr.pdf,002/002438/002438264/dv/kplr002438264-002-20160209194854_dvs.pdf,5097.0,101.0,-101.0,4.554,0.036,-0.05,0.08,0.15,-0.15,0.797,0.052,-0.042,0.829,0.043,-0.043,,,,q1_q17_dr25_stellar,290.29651,37.749489,14.172,14.897,14.104,13.861,13.726,12.735,12.255,12.155,0.0,19.3531063,3.7e-06,37.749402,4.5e-05,0.24,0.16,-0.32,0.16,-0.00028,0.00012,-0.00052,0.00012,-0.05,0.13,0.04,0.13,0.06,0.13,-0.2,0.12,-0.23,0.12,0.3,0.13,kplr002438264,Kepler-156b,14,"(31, 37)","(0.02702702702702703, 0.03225806451612903)"
3133,4757437,K00497.01,Kepler-168 c,CONFIRMED,Done,2018-08-16,CANDIDATE,1.0,0,0,0,0,q1_q17_dr25_sup_koi,NO_COMMENT,13.19322809,3.205e-05,-3.205e-05,175.6096,0.00203,-0.00203,2455008.61,0.00203,-0.00203,0.0,,,,,,0.005,0.434,-0.005,5.0036,0.0726,-0.0726,,,,585.7,12.4,-12.4,0.022023,0.000635,-0.000313,0.94938,0.00024,-0.36963,LS+MCMC,2.94,0.5,-0.37,0.1133,,,89.99,,,862.0,,,130.35,56.52,-36.13,20.59499,0.00521,-0.00521,Claret (2011 A&A 529 75) ATLAS LS,0.0,0.0,0.2826,0.3729,q1_q17_dr25_koi,7.9786897,40.60932,50.9,2,84.0,1.0,q1_q17_dr25_tce,11111011101110111000000000000000,0.5262,Mandel and Agol (2002 ApJ 580 171),,,004/004757/004757437/dv/kplr004757437-20160209194854_dvr.pdf,004/004757/004757437/dv/kplr004757437-001-20160209194854_dvs.pdf,5946.0,71.0,-79.0,4.309,0.11,-0.121,0.16,0.15,-0.15,1.223,0.207,-0.155,1.113,0.069,-0.085,,,,q1_q17_dr25_stellar,294.71017,39.8251,14.606,15.031,14.561,14.423,14.381,13.49,13.257,13.206,0.0,19.6473367,6e-06,39.825198,5.9e-05,-0.3,0.25,0.35,0.21,-0.00044,0.00014,0.0,0.00012,0.19,0.17,-0.21,0.14,0.28,0.15,0.07,0.17,-0.27,0.14,0.28,0.13,kplr004757437,Kepler-168c,16,"(45, 54)","(0.018518518518518517, 0.022222222222222223)"
3134,10187017,K00082.02,Kepler-102 d,CONFIRMED,Done,2018-08-16,CANDIDATE,1.0,0,0,0,0,q1_q17_dr25_sup_koi,CENT_SATURATED,10.31174786,1.226e-05,-1.226e-05,134.07991,0.001,-0.001,2454967.08,0.001,-0.001,0.0,,,,,,0.747,0.089,-0.528,3.1818,0.0314,-0.0314,,,,275.9,3.6,-3.6,0.016563,0.000184,-0.001463,0.89031,1.53461,-0.07428,LS+MCMC,1.34,0.09,-0.05,0.0862,,,87.5,,,634.0,,,38.13,8.66,-5.75,17.1,7.4,-7.4,Claret (2011 A&A 529 75) ATLAS LS,0.0,0.0,0.1496,0.5746,q1_q17_dr25_koi,10.4283,65.31853,81.7,6,126.0,2.0,q1_q17_dr25_tce,11111111111111111000000000000000,0.9471,Mandel and Agol (2002 ApJ 580 171),,,010/010187/010187017/dv/kplr010187017-20160209194854_dvr.pdf,010/010187/010187017/dv/kplr010187017-002-20160209194854_dvs.pdf,4900.0,98.0,-98.0,4.602,0.017,-0.049,0.08,0.15,-0.15,0.741,0.048,-0.03,0.806,0.033,-0.049,,,,q1_q17_dr25_stellar,281.48273,47.208031,11.492,12.289,11.428,11.15,11.034,9.984,9.446,9.351,0.085,18.7654917,4.9e-06,47.207896,3.7e-05,-0.89,0.18,-0.48,0.13,7.6e-05,4.9e-05,1.4e-05,3.6e-05,-0.15,0.2,-0.24,0.13,0.28,0.16,-0.76,0.19,-0.74,0.14,1.06,0.19,kplr010187017,Kepler-102d,17,"(54, 65)","(0.015384615384615385, 0.018518518518518517)"
3136,11823054,K00543.01,Kepler-181 c,CONFIRMED,Done,2018-08-16,CANDIDATE,1.0,0,0,0,0,q1_q17_dr25_sup_koi,NO_COMMENT,4.302139338,4.644e-06,-4.644e-06,173.438922,0.000884,-0.000884,2455006.439,0.000884,-0.000884,0.0,,,,,,0.652,0.028,-0.491,2.0289,0.0326,-0.0326,,,,747.2,12.9,-12.9,0.026296,0.003138,-0.001614,2.17302,2.08252,-1.59553,LS+MCMC,2.46,0.12,-0.19,0.0482,,,87.09,,,937.0,,,182.7,31.44,-36.11,12.86,6.2,-6.2,Claret (2011 A&A 529 75) ATLAS LS,0.0,0.0,0.1451,0.582,q1_q17_dr25_koi,6.131934,53.66932,65.5,2,307.0,1.0,q1_q17_dr25_tce,11111111111111111000000000000000,0.9706,Mandel and Agol (2002 ApJ 580 171),,,011/011823/011823054/dv/kplr011823054-20160209194854_dvr.pdf,011/011823/011823054/dv/kplr011823054-001-20160209194854_dvs.pdf,5041.0,83.0,-75.0,4.479,0.077,-0.033,0.18,0.15,-0.15,0.857,0.041,-0.066,0.807,0.052,-0.028,,,,q1_q17_dr25_stellar,296.1514,50.09581,14.707,15.325,14.645,14.442,14.328,13.364,12.948,12.876,0.091,19.7434301,6.8e-06,50.095998,6.8e-05,0.1,0.23,0.68,0.24,-0.0001,0.00017,-0.00021,0.00018,0.175,0.099,-0.08,0.11,0.19,0.12,-0.119,0.099,0.02,0.11,0.12,0.11,kplr011823054,Kepler-181c,15,"(37, 45)","(0.022222222222222223, 0.02702702702702703)"
3141,12058931,K00546.01,Kepler-182 c,CONFIRMED,Done,2018-08-16,CANDIDATE,1.0,0,0,0,0,q1_q17_dr25_sup_koi,NO_COMMENT,20.68420772,5.168e-05,-5.168e-05,170.19034,0.00198,-0.00198,2455003.19,0.00198,-0.00198,0.0,,,,,,0.488,0.373,-0.292,6.4415,0.0731,-0.0731,,,,858.5,15.3,-15.3,0.027515,0.003598,-0.000595,0.4832,0.19053,-0.32606,LS+MCMC,3.28,1.1,-0.37,0.1559,,,88.74,,,729.0,,,66.83,65.38,-21.24,22.19,8.8,-8.8,Claret (2011 A&A 529 75) ATLAS LS,0.0,0.0,0.3024,0.3288,q1_q17_dr25_koi,8.706838,47.738552,59.6,2,65.0,1.0,q1_q17_dr25_tce,11111111111111111000000000000000,0.1568,Mandel and Agol (2002 ApJ 580 171),,,012/012058/012058931/dv/kplr012058931-20160209194854_dvr.pdf,012/012058/012058931/dv/kplr012058931-001-20160209194854_dvs.pdf,6246.0,167.0,-223.0,4.433,0.056,-0.224,0.07,0.25,-0.3,1.092,0.365,-0.122,1.18,0.158,-0.158,,,,q1_q17_dr25_stellar,289.83011,50.586239,14.896,15.313,14.841,14.717,14.678,13.836,13.571,13.518,0.521,19.3220035,7.6e-06,50.586235,7.6e-05,-0.15,0.26,-0.02,0.27,0.00018,0.00022,7e-05,0.00024,0.01,0.11,-0.07,0.21,0.07,0.2,0.04,0.11,-0.13,0.2,0.14,0.19,kplr012058931,Kepler-182c,14,"(31, 37)","(0.02702702702702703, 0.03225806451612903)"
3148,3745690,K00442.01,Kepler-157 c,CONFIRMED,Done,2018-08-16,CANDIDATE,0.982,0,0,0,0,q1_q17_dr25_sup_koi,NO_COMMENT,13.54057461,3.461e-05,-3.461e-05,171.67762,0.00207,-0.00207,2455004.678,0.00207,-0.00207,0.0,,,,,,0.18,0.268,-0.18,4.4673,0.0635,-0.0635,,,,461.0,9.1,-9.1,0.019582,0.000507,-0.000359,1.29576,0.13126,-0.34613,LS+MCMC,2.17,0.31,-0.26,0.1081,,,89.56,,,779.0,,,87.1,36.05,-24.01,23.24,2.4,-2.4,Claret (2011 A&A 529 75) ATLAS LS,0.0,0.0,0.2676,0.3928,q1_q17_dr25_koi,6.982003,42.19916,53.3,3,99.0,1.0,q1_q17_dr25_tce,11111111111111111000000000000000,0.7157,Mandel and Agol (2002 ApJ 580 171),,,003/003745/003745690/dv/kplr003745690-20160209194854_dvr.pdf,003/003745/003745690/dv/kplr003745690-001-20160209194854_dvs.pdf,5767.0,115.0,-104.0,4.389,0.099,-0.11,-0.12,0.15,-0.15,1.014,0.145,-0.119,0.918,0.072,-0.059,,,,q1_q17_dr25_stellar,291.09723,38.87561,14.002,14.46,13.951,13.806,13.738,12.939,12.627,12.573,0.0,19.406467,5.2e-06,38.875574,6.6e-05,-0.6,0.22,-0.13,0.24,-0.00014,0.0001,-0.00038,0.00011,0.13,0.11,0.56,0.19,0.57,0.19,-0.15,0.14,0.38,0.19,0.41,0.2,kplr003745690,Kepler-157c,16,"(45, 54)","(0.018518518518518517, 0.022222222222222223)"
3152,3833007,K00443.01,Kepler-555 b,CONFIRMED,Done,2018-08-16,CANDIDATE,1.0,0,0,0,0,q1_q17_dr25_sup_koi,NO_COMMENT,16.21774917,2.713e-05,-2.713e-05,180.0425,0.00136,-0.00136,2455013.042,0.00136,-0.00136,0.0,,,,,,0.336,0.079,-0.336,4.9274,0.0462,-0.0462,,,,758.3,10.9,-10.9,0.025461,0.000274,-0.000547,1.04054,0.25609,-0.10523,LS+MCMC,2.22,0.59,-0.16,0.1201,,,89.21,,,664.0,,,45.87,35.72,-10.34,24.37,6.0,-6.0,Claret (2011 A&A 529 75) ATLAS LS,0.0,0.0,0.2865,0.3556,q1_q17_dr25_koi,11.934808,70.58563,80.3,1,85.0,1.0,q1_q17_dr25_tce,11111111111111111000000000000000,0.9987,Mandel and Agol (2002 ApJ 580 171),,,003/003833/003833007/dv/kplr003833007-20160209194854_dvr.pdf,003/003833/003833007/dv/kplr003833007-001-20160209194854_dvs.pdf,5837.0,158.0,-158.0,4.577,0.033,-0.187,-0.44,0.3,-0.3,0.798,0.211,-0.056,0.887,0.089,-0.099,,,,q1_q17_dr25_stellar,285.51685,38.9324,14.2,14.665,14.155,14.0,13.933,13.024,12.702,12.633,0.353,19.0344527,4.2e-06,38.932403,5.6e-05,-0.14,0.18,0.01,0.2,0.00014,0.00014,1e-05,0.00016,-0.06,0.13,0.007,0.095,0.06,0.13,0.06,0.13,0.29,0.13,0.3,0.14,kplr003833007,Kepler-555b,15,"(37, 45)","(0.022222222222222223, 0.02702702702702703)"
3153,3847138,K00444.01,Kepler-556 b,CONFIRMED,Done,2018-08-16,CANDIDATE,1.0,0,0,0,0,q1_q17_dr25_sup_koi,NO_COMMENT,11.72291212,2.566e-05,-2.566e-05,177.3196,0.00165,-0.00165,2455010.32,0.00165,-0.00165,0.0,,,,,,0.012,0.43,-0.012,4.2064,0.0526,-0.0526,,,,492.2,9.6,-9.6,0.020002,0.000633,-0.000257,1.41103,0.03337,-0.45558,LS+MCMC,2.08,0.26,-0.21,0.0973,,,89.97,,,766.0,,,81.46,30.24,-20.94,21.723,0.514,-0.514,Claret (2011 A&A 529 75) ATLAS LS,0.0,0.0,0.2327,0.4526,q1_q17_dr25_koi,7.53526,47.386738,58.8,1,113.0,1.0,q1_q17_dr25_tce,11111111111111111000000000000000,0.334,Mandel and Agol (2002 ApJ 580 171),,,003/003847/003847138/dv/kplr003847138-20160209194854_dvr.pdf,003/003847/003847138/dv/kplr003847138-001-20160209194854_dvs.pdf,5550.0,110.0,-110.0,4.431,0.095,-0.095,0.0,0.15,-0.15,0.953,0.12,-0.098,0.894,0.067,-0.044,,,,q1_q17_dr25_stellar,290.52942,38.942661,14.112,14.586,14.067,13.909,13.859,13.039,12.687,12.668,0.794,19.3686306,5.5e-06,38.942675,7.7e-05,0.08,0.23,0.05,0.28,-5e-05,0.00011,1e-05,0.00014,-0.14,0.12,0.189,0.089,0.24,0.1,-0.04,0.13,0.447,0.097,0.449,0.093,kplr003847138,Kepler-556b,16,"(45, 54)","(0.018518518518518517, 0.022222222222222223)"
3156,4852528,K00500.01,Kepler-80 b,CONFIRMED,Done,2018-08-16,CANDIDATE,1.0,0,0,0,0,q1_q17_dr25_sup_koi,NO_COMMENT,7.053527145,5.913e-06,-5.913e-06,176.474146,0.000649,-0.000649,2455009.474,0.000649,-0.000649,0.0,,,,,,0.172,0.162,-0.172,2.3982,0.0262,-0.0262,,,,1480.1,17.4,-17.4,0.03487,0.000483,-0.000427,4.58848,0.20586,-1.10944,LS+MCMC,2.16,0.12,-0.12,0.0602,,,89.57,,,547.0,,,21.17,4.1,-3.85,22.94,1.0,-1.0,Claret (2011 A&A 529 75) ATLAS LS,0.0,0.0,0.2238,0.5081,q1_q17_dr25_koi,10.786897,68.11807,92.3,5,152.0,1.0,q1_q17_dr25_tce,11111011101110111000000000000000,0.3564,Mandel and Agol (2002 ApJ 580 171),,,004/004852/004852528/dv/kplr004852528-20160209194854_dvr.pdf,004/004852/004852528/dv/kplr004852528-001-20160209194854_dvs.pdf,4041.0,72.0,-88.0,4.697,0.024,-0.027,-0.14,0.15,-0.15,0.567,0.031,-0.031,0.584,0.029,-0.035,,,,q1_q17_dr25_stellar,296.11258,39.978779,14.804,15.859,14.723,14.352,14.121,12.954,12.354,12.253,,19.7408426,4.4e-06,39.978785,4.4e-05,0.19,0.18,0.02,0.16,,,-4e-05,0.00025,0.13,0.11,0.006,0.094,0.13,0.11,0.19,0.12,0.013,0.096,0.19,0.12,kplr004852528,Kepler-80b,13,"(26, 31)","(0.03225806451612903, 0.038461538461538464)"
3157,4852528,K00500.02,Kepler-80 c,CONFIRMED,Done,2018-08-16,CANDIDATE,1.0,0,0,0,0,q1_q17_dr25_sup_koi,NO_COMMENT,9.521644639,8.947e-06,-8.947e-06,177.484839,0.000726,-0.000726,2455010.485,0.000726,-0.000726,0.0,,,,,,0.023,0.338,-0.023,2.3569,0.0279,-0.0279,,,,1491.3,20.2,-20.2,0.034895,0.00066,-0.000398,6.79733,0.36595,-1.3219,LS+MCMC,2.16,0.12,-0.12,0.0735,,,89.96,,,495.0,,,14.2,2.75,-2.58,31.94,1.7,-1.7,Claret (2011 A&A 529 75) ATLAS LS,0.0,0.0,0.2238,0.5081,q1_q17_dr25_koi,10.270539,57.221424,79.2,5,106.0,2.0,q1_q17_dr25_tce,11111011101110111000000000000000,0.659,Mandel and Agol (2002 ApJ 580 171),,,004/004852/004852528/dv/kplr004852528-20160209194854_dvr.pdf,004/004852/004852528/dv/kplr004852528-002-20160209194854_dvs.pdf,4041.0,72.0,-88.0,4.697,0.024,-0.027,-0.14,0.15,-0.15,0.567,0.031,-0.031,0.584,0.029,-0.035,,,,q1_q17_dr25_stellar,296.11258,39.978779,14.804,15.859,14.723,14.352,14.121,12.954,12.354,12.253,,19.7408399,5e-06,39.978688,5e-05,0.08,0.21,-0.33,0.18,,,0.00046,0.0003,-0.02,0.13,0.08,0.16,0.08,0.16,0.0,0.13,0.14,0.15,0.14,0.15,kplr004852528,Kepler-80c,13,"(26, 31)","(0.03225806451612903, 0.038461538461538464)"
3161,12116489,K00547.01,Kepler-595 b,CONFIRMED,Done,2018-08-16,CANDIDATE,1.0,0,0,0,0,q1_q17_dr25_sup_koi,NO_COMMENT,25.30291816,2.886e-05,-2.886e-05,188.060148,0.000901,-0.000901,2455021.06,0.000901,-0.000901,0.0,,,,,,0.04,0.358,-0.04,4.4903,0.0412,-0.0412,,,,2105.7,19.5,-19.5,0.040771,0.001028,-0.000364,2.65236,0.03955,-0.81832,LS+MCMC,3.95,0.22,-0.37,0.1582,,,89.95,,,535.0,,,19.39,3.65,-4.42,44.775,0.668,-0.668,Claret (2011 A&A 529 75) ATLAS LS,0.0,0.0,0.1451,0.582,q1_q17_dr25_koi,18.406813,104.07783,117.7,3,56.0,1.0,q1_q17_dr25_tce,11111111111111111000000000000000,0.2226,Mandel and Agol (2002 ApJ 580 171),,,012/012116/012116489/dv/kplr012116489-20160209194854_dvr.pdf,012/012116/012116489/dv/kplr012116489-001-20160209194854_dvs.pdf,5121.0,84.0,-76.0,4.457,0.091,-0.039,0.18,0.15,-0.15,0.888,0.049,-0.084,0.822,0.053,-0.029,,,,q1_q17_dr25_stellar,294.5704,50.673019,14.773,15.449,14.684,14.484,14.391,13.335,12.94,12.862,0.002,19.6380252,4.1e-06,50.672982,3.8e-05,-0.03,0.14,-0.14,0.14,0.0,0.00031,0.00059,0.00033,0.045,0.085,0.018,0.084,0.048,0.085,-0.066,0.082,0.075,0.086,0.1,0.084,kplr012116489,Kepler-595b,12,"(22, 26)","(0.038461538461538464, 0.045454545454545456)"
3162,12600735,K00548.01,Kepler-596 b,CONFIRMED,Done,2018-08-16,CANDIDATE,1.0,0,0,0,0,q1_q17_dr25_sup_koi,NO_COMMENT,21.30020491,3.986e-05,-3.986e-05,189.70595,0.0015,-0.0015,2455022.706,0.0015,-0.0015,0.0,,,,,,0.075,0.309,-0.075,4.0852,0.0474,-0.0474,,,,659.8,12.2,-12.2,0.023429,0.000528,-0.000243,2.80258,0.0459,-0.79139,LS+MCMC,2.99,0.47,-0.28,0.156,,,89.89,,,725.0,,,65.37,27.07,-14.54,40.659,0.666,-0.666,Claret (2011 A&A 529 75) ATLAS LS,0.0,0.0,0.2844,0.3661,q1_q17_dr25_koi,9.427655,48.438465,58.1,2,65.0,1.0,q1_q17_dr25_tce,11111111111111111000000000000000,0.3829,Mandel and Agol (2002 ApJ 580 171),,,012/012600/012600735/dv/kplr012600735-20160209194854_dvr.pdf,012/012600/012600735/dv/kplr012600735-001-20160209194854_dvs.pdf,6008.0,77.0,-83.0,4.35,0.076,-0.123,0.14,0.15,-0.15,1.168,0.186,-0.109,1.117,0.073,-0.073,,,,q1_q17_dr25_stellar,289.50067,51.68573,14.02,14.358,13.965,13.874,13.845,13.074,12.812,12.715,0.124,19.3000478,7.3e-06,51.685889,6.9e-05,0.08,0.24,0.57,0.25,-0.00015,0.00016,0.00016,0.00017,0.02,0.11,0.19,0.11,0.19,0.11,-0.07,0.1,0.19,0.12,0.2,0.1,kplr012600735,Kepler-596b,15,"(37, 45)","(0.022222222222222223, 0.02702702702702703)"
3163,10593626,K00087.01,Kepler-22 b,CONFIRMED,Done,2018-08-16,CANDIDATE,0.881,0,0,0,0,q1_q17_dr25_sup_koi,CENT_KIC_POS,289.864067,0.00121,-0.00121,133.69719,0.00214,-0.00214,2454966.697,0.00214,-0.00214,0.0,,,,,,0.856,0.043,-0.649,7.565,0.108,-0.108,,,,529.1,10.5,-10.5,0.024234,0.000951,-0.003242,1.00734,4.72207,-0.45124,LS+MCMC,2.34,0.22,-0.23,0.7961,,,89.7,,,257.0,,,1.03,0.26,-0.24,164.8,77.2,-77.2,Claret (2011 A&A 529 75) ATLAS LS,0.0,0.0,0.2521,0.421,q1_q17_dr25_koi,22.129465,35.636192,57.4,1,4.0,1.0,q1_q17_dr25_tce,11111111111111111000000000000000,0.3901,Mandel and Agol (2002 ApJ 580 171),,,010/010593/010593626/dv/kplr010593626-20160209194854_dvr.pdf,010/010593/010593626/dv/kplr010593626-001-20160209194854_dvs.pdf,5516.0,82.0,-74.0,4.446,0.104,-0.064,-0.26,0.15,-0.15,0.886,0.08,-0.089,0.799,0.066,-0.035,,,,q1_q17_dr25_stellar,289.2175,47.88446,11.664,12.098,11.627,11.478,11.448,10.523,10.211,10.152,0.056,19.281165,7.5e-06,47.884269,5.9e-05,-0.04,0.27,-0.69,0.21,-0.00023,0.00014,-7e-05,0.00011,-0.34,0.35,0.15,0.24,0.37,0.34,-0.85,0.29,-0.61,0.22,1.05,0.35,kplr010593626,Kepler-22b,15,"(37, 45)","(0.022222222222222223, 0.02702702702702703)"
3167,10388286,K00596.01,Kepler-617 b,CONFIRMED,Done,2018-08-16,CANDIDATE,1.0,0,0,0,0,q1_q17_dr25_sup_koi,NO_COMMENT,1.682695938,1.253e-06,-1.253e-06,170.453117,0.000599,-0.000599,2455003.453,0.000599,-0.000599,0.0,,,,,,0.025,0.419,-0.025,1.3867,0.023,-0.023,,,,703.8,11.2,-11.2,0.0239,0.000701,-0.000301,5.7414,0.07171,-2.04815,LS+MCMC,1.23,0.1,-0.14,0.0219,,,89.85,,,750.0,,,74.7,20.84,-21.01,9.507,0.119,-0.119,Claret (2011 A&A 529 75) ATLAS LS,0.0,0.0,0.3872,0.3156,q1_q17_dr25_koi,6.204322,62.01522,75.4,1,797.0,1.0,q1_q17_dr25_tce,11111111111111111000000000000000,0.2651,Mandel and Agol (2002 ApJ 580 171),,,010/010388/010388286/dv/kplr010388286-20160209194854_dvr.pdf,010/010388/010388286/dv/kplr010388286-001-20160209194854_dvs.pdf,3669.0,73.0,-91.0,4.787,0.054,-0.041,0.0,0.15,-0.15,0.47,0.041,-0.051,0.494,0.039,-0.054,,,,q1_q17_dr25_stellar,283.74069,47.516289,14.818,16.38,15.004,14.149,13.71,12.437,11.802,11.573,0.0,18.9160316,5.2e-06,47.516274,5e-05,-0.55,0.19,-0.06,0.18,0.00031,0.00012,-0.00018,0.00012,0.038,0.086,0.043,0.092,0.057,0.088,-0.044,0.093,-0.284,0.091,0.287,0.091,kplr010388286,Kepler-617b,15,"(37, 45)","(0.022222222222222223, 0.02702702702702703)"
3169,6462863,K00094.02,Kepler-89 c,CONFIRMED,Done,2018-08-16,CANDIDATE,1.0,0,0,0,0,q1_q17_dr25_sup_koi,NO_COMMENT,10.423677439,7.173e-06,-7.173e-06,138.009041,0.000584,-0.000584,2454971.009,0.000584,-0.000584,0.0,,,,,,0.005,0.299,-0.005,5.2257,0.021,-0.021,,,,777.3,4.1,-4.1,0.025563,0.000305,-4.6e-05,0.66594,0.00938,-0.1087,LS+MCMC,3.72,0.67,-0.56,0.0967,,,89.98,,,1012.0,,,247.48,124.16,-83.6,15.639,0.22,-0.22,Claret (2011 A&A 529 75) ATLAS LS,0.0,0.0,0.305,0.3201,q1_q17_dr25_koi,24.24831,136.5389,204.4,4,57.0,3.0,q1_q17_dr25_tce,10011001100110011000000000000000,0.5822,Mandel and Agol (2002 ApJ 580 171),,,006/006462/006462863/dv/kplr006462863-20160209194854_dvr.pdf,006/006462/006462863/dv/kplr006462863-003-20160209194854_dvs.pdf,6181.0,111.0,-135.0,4.234,0.143,-0.117,-0.02,0.15,-0.15,1.331,0.243,-0.199,1.106,0.116,-0.074,,,,q1_q17_dr25_stellar,297.33307,41.891121,12.205,12.551,12.186,12.057,12.039,11.218,10.957,10.926,0.0,19.8222088,1.8e-06,41.891175,1.6e-05,0.193,0.073,0.198,0.057,0.000144,5.8e-05,-0.000132,4.8e-05,0.097,0.098,-0.05,0.25,0.11,0.12,0.245,0.096,0.12,0.19,0.27,0.14,kplr006462863,Kepler-89c,15,"(37, 45)","(0.022222222222222223, 0.02702702702702703)"
3171,11904151,K00072.02,Kepler-10 c,CONFIRMED,Done,2018-08-16,CANDIDATE,0.982,0,0,0,0,q1_q17_dr25_sup_koi,CENT_SATURATED,45.29422297,5.6e-05,-5.6e-05,138.678725,0.000987,-0.000987,2454971.679,0.000987,-0.000987,0.0,,,,,,0.025,0.333,-0.025,6.83,0.0343,-0.0343,,,,477.1,3.7,-3.7,0.019806,0.000328,-0.000128,1.27076,0.0118,-0.45418,LS+MCMC,2.26,0.12,-0.09,0.2388,,,89.97,,,524.0,,,17.75,3.21,-2.17,51.653,0.48,-0.48,Claret (2011 A&A 529 75) ATLAS LS,0.0,0.0,0.2676,0.3928,q1_q17_dr25_koi,25.63643,93.40869,134.8,2,26.0,1.0,q1_q17_dr25_tce,11111110111011101000000000000000,0.9324,Mandel and Agol (2002 ApJ 580 171),,,011/011904/011904151/dv/kplr011904151-20160209194854_dvr.pdf,011/011904/011904151/dv/kplr011904151-001-20160209194854_dvs.pdf,5676.0,85.0,-68.0,4.347,0.03,-0.03,-0.12,0.15,-0.15,1.044,0.057,-0.042,0.884,0.069,-0.042,,,,q1_q17_dr25_stellar,285.67938,50.241299,10.961,11.388,10.92,10.778,10.729,9.889,9.563,9.496,0.191,19.0452887,3.1e-06,50.241397,3.6e-05,-0.14,0.11,0.35,0.13,-1.8e-05,5.3e-05,6.1e-05,6.4e-05,-0.59,0.35,0.97,0.52,1.13,0.61,-0.81,0.33,1.44,0.51,1.65,0.59,kplr011904151,Kepler-10c,16,"(45, 54)","(0.018518518518518517, 0.022222222222222223)"
3178,4852528,K00500.05,Kepler-80 f,CONFIRMED,Done,2018-08-16,CANDIDATE,1.0,0,0,0,0,q1_q17_dr25_sup_koi,NO_COMMENT,0.986785834,6.98e-07,-6.98e-07,133.171292,0.000613,-0.000613,2454966.171,0.000613,-0.000613,0.0,,,,,,0.026,0.289,-0.026,1.1879,0.018,-0.018,,,,450.0,9.5,-9.5,0.019263,0.000168,-0.000457,5.31788,0.59233,-1.3812,LS+MCMC,1.19,0.07,-0.06,0.0162,,,89.77,,,1054.0,,,292.35,56.64,-53.12,6.493,0.723,-0.723,Claret (2011 A&A 529 75) ATLAS LS,0.0,0.0,0.2238,0.5081,q1_q17_dr25_koi,5.6983476,26.179613,51.5,5,939.0,4.0,q1_q17_dr25_tce,11111011101110111000000000000000,0.9323,Mandel and Agol (2002 ApJ 580 171),,,004/004852/004852528/dv/kplr004852528-20160209194854_dvr.pdf,004/004852/004852528/dv/kplr004852528-004-20160209194854_dvs.pdf,4041.0,72.0,-88.0,4.697,0.024,-0.027,-0.14,0.15,-0.15,0.567,0.031,-0.031,0.584,0.029,-0.035,,,,q1_q17_dr25_stellar,296.11258,39.978779,14.804,15.859,14.723,14.352,14.121,12.954,12.354,12.253,,19.740847,1.3e-05,39.97873,0.00013,0.38,0.53,-0.19,0.47,,,4e-05,0.00011,-0.24,0.14,0.0,0.16,0.24,0.14,-0.17,0.14,0.03,0.15,0.17,0.14,kplr004852528,Kepler-80f,16,"(45, 54)","(0.018518518518518517, 0.022222222222222223)"
3182,5340644,K00503.01,Kepler-580 b,CONFIRMED,Done,2018-08-16,CANDIDATE,1.0,0,0,0,0,q1_q17_dr25_sup_koi,NO_COMMENT,8.22241355,1.052e-05,-1.052e-05,172.95657,0.00102,-0.00102,2455005.957,0.00102,-0.00102,0.0,,,,,,0.246,0.21,-0.246,2.71,0.0413,-0.0413,,,,1468.6,25.2,-25.2,0.033971,0.001016,-0.000844,3.53227,0.46086,-0.93383,LS+MCMC,2.28,0.09,-0.11,0.0683,,,89.39,,,558.0,,,22.86,3.93,-3.84,23.28,3.0,-3.0,Claret (2011 A&A 529 75) ATLAS LS,0.0,0.0,0.0853,0.6656,q1_q17_dr25_koi,9.725441,61.25726,67.0,1,126.0,1.0,q1_q17_dr25_tce,11110111011101110000000000000000,0.031,Mandel and Agol (2002 ApJ 580 171),,,005/005340/005340644/dv/kplr005340644-20160209194854_dvr.pdf,005/005340/005340644/dv/kplr005340644-001-20160209194854_dvs.pdf,4213.0,84.0,-84.0,4.658,0.025,-0.02,-0.1,0.15,-0.15,0.615,0.025,-0.031,0.626,0.029,-0.033,,,,q1_q17_dr25_stellar,283.49982,40.552799,15.0,16.188,14.947,14.491,14.222,13.09,12.441,12.314,0.097,18.8999855,5e-06,40.552709,5.6e-05,-0.1,0.2,-0.33,0.2,-0.00032,0.00031,0.00021,0.00032,0.062,0.099,0.037,0.093,0.073,0.091,-0.124,0.087,-0.062,0.086,0.139,0.087,kplr005340644,Kepler-580b,13,"(26, 31)","(0.03225806451612903, 0.038461538461538464)"
3184,4165473,K00550.01,Kepler-597 b,CONFIRMED,Done,2018-08-16,CANDIDATE,1.0,0,0,0,0,q1_q17_dr25_sup_koi,NO_COMMENT,13.02363236,3.206e-05,-3.206e-05,178.52482,0.00177,-0.00177,2455011.525,0.00177,-0.00177,0.0,,,,,,0.032,0.417,-0.032,3.9734,0.067,-0.067,,,,607.0,14.1,-14.1,0.022266,0.00073,-0.000342,1.86936,0.04834,-0.70089,LS+MCMC,2.3,0.3,-0.19,0.1056,,,89.93,,,743.0,,,71.85,26.69,-15.78,25.592,0.662,-0.662,Claret (2011 A&A 529 75) ATLAS LS,0.0,0.0,0.2622,0.4035,q1_q17_dr25_koi,7.6651278,43.55852,50.5,1,78.0,1.0,q1_q17_dr25_tce,11111011101110111000000000000000,0.2591,Mandel and Agol (2002 ApJ 580 171),,,004/004165/004165473/dv/kplr004165473-20160209194854_dvr.pdf,004/004165/004165473/dv/kplr004165473-001-20160209194854_dvs.pdf,5627.0,101.0,-112.0,4.453,0.072,-0.108,0.0,0.15,-0.15,0.945,0.123,-0.076,0.925,0.063,-0.057,,,,q1_q17_dr25_stellar,293.47012,39.252811,14.07,14.538,14.013,13.869,13.796,12.951,12.562,12.54,0.0,19.5646781,5.2e-06,39.25295,5.8e-05,0.17,0.22,0.5,0.21,-0.00024,0.00013,-0.00021,0.00013,0.0,0.13,-0.37,0.19,0.37,0.19,-0.069,0.093,-0.25,0.18,0.26,0.18,kplr004165473,Kepler-597b,16,"(45, 54)","(0.018518518518518517, 0.022222222222222223)"
3194,6462863,K00094.03,Kepler-89 e,CONFIRMED,Done,2018-08-16,CANDIDATE,0.953,0,0,0,0,q1_q17_dr25_sup_koi,NO_COMMENT,54.31996151,3.391e-05,-3.391e-05,161.239869,0.000503,-0.000503,2454994.24,0.000503,-0.000503,0.0,,,,,,0.497,0.005,-0.357,8.5858,0.0243,-0.0243,,,,1975.0,7.2,-7.2,0.041779,0.000108,-0.000932,0.55625,0.21602,-0.00357,LS+MCMC,6.07,1.11,-0.91,0.2906,,,89.36,,,584.0,,,27.4,13.75,-9.25,44.3,17.2,-17.2,Claret (2011 A&A 529 75) ATLAS LS,0.0,0.0,0.305,0.3201,q1_q17_dr25_koi,61.653397,162.07628,291.3,4,11.0,2.0,q1_q17_dr25_tce,10011001100110011000000000000000,0.3868,Mandel and Agol (2002 ApJ 580 171),,,006/006462/006462863/dv/kplr006462863-20160209194854_dvr.pdf,006/006462/006462863/dv/kplr006462863-002-20160209194854_dvs.pdf,6181.0,111.0,-135.0,4.234,0.143,-0.117,-0.02,0.15,-0.15,1.331,0.243,-0.199,1.106,0.116,-0.074,,,,q1_q17_dr25_stellar,297.33307,41.891121,12.205,12.551,12.186,12.057,12.039,11.218,10.957,10.926,0.002,19.8222095,1.5e-06,41.891134,1.2e-05,0.221,0.06,0.052,0.045,0.00031,0.00014,-4e-05,0.00013,-0.15,0.13,-0.05,0.14,0.16,0.15,0.02,0.15,-0.07,0.18,0.08,0.18,kplr006462863,Kepler-89e,12,"(22, 26)","(0.038461538461538464, 0.045454545454545456)"
3199,6291033,K00452.01,Kepler-557 b,CONFIRMED,Done,2018-08-16,CANDIDATE,1.0,0,0,0,0,q1_q17_dr25_sup_koi,NO_COMMENT,3.705991661,4.78e-06,-4.78e-06,169.94286,0.00108,-0.00108,2455002.943,0.00108,-0.00108,0.0,,,,,,0.623,0.182,-0.402,5.1658,0.047,-0.047,,,,501.4,5.8,-5.8,0.021488,0.001088,-0.000806,0.12596,0.09908,-0.06701,LS+MCMC,2.43,0.76,-0.33,0.0469,,,82.05,,,1281.0,,,637.42,612.58,-230.94,4.51,1.8,-1.8,Claret (2011 A&A 529 75) ATLAS LS,0.0,0.0,0.3058,0.3071,q1_q17_dr25_koi,5.306124,48.265896,100.3,1,366.0,1.0,q1_q17_dr25_tce,11111111111111111000000000000000,0.9938,Mandel and Agol (2002 ApJ 580 171),,,006/006291/006291033/dv/kplr006291033-20160209194854_dvr.pdf,006/006291/006291033/dv/kplr006291033-001-20160209194854_dvs.pdf,6187.0,197.0,-241.0,4.409,0.087,-0.203,-0.26,0.3,-0.3,1.034,0.326,-0.14,0.997,0.158,-0.115,,,,q1_q17_dr25_stellar,293.70847,41.615131,14.641,15.093,14.609,14.448,14.382,13.553,13.244,13.153,0.043,19.5805554,6.6e-06,41.615207,6.5e-05,-0.35,0.27,0.28,0.23,9.4e-05,9e-05,-9.3e-05,7.9e-05,-0.03,0.11,0.02,0.12,0.03,0.12,-0.06,0.11,-0.01,0.14,0.06,0.12,kplr006291033,Kepler-557b,16,"(45, 54)","(0.018518518518518517, 0.022222222222222223)"
3214,9946525,K00398.01,Kepler-148 d,CONFIRMED,Done,2018-08-16,CANDIDATE,0.963,0,0,0,0,q1_q17_dr25_sup_koi,NO_COMMENT,51.84688984,2.931e-05,-2.931e-05,170.08076,0.000442,-0.000442,2455003.081,0.000442,-0.000442,0.0,,,,,,0.681,0.019,-0.043,4.7769,0.0487,-0.0487,,,,9636.3,41.4,-41.4,0.095348,0.000747,-0.001326,2.53222,0.32529,-0.22943,LS+MCMC,8.73,0.7,-0.42,0.2607,,,89.45,,,413.0,,,6.9,1.63,-1.03,71.13,9.1,-9.1,Claret (2011 A&A 529 75) ATLAS LS,0.0,0.0,0.1914,0.5167,q1_q17_dr25_koi,52.331776,188.06175,257.2,3,27.0,1.0,q1_q17_dr25_tce,11111111111111111000000000000000,0.4137,Mandel and Agol (2002 ApJ 580 171),,,009/009946/009946525/dv/kplr009946525-20160209194854_dvr.pdf,009/009946/009946525/dv/kplr009946525-001-20160209194854_dvs.pdf,5227.0,73.0,-83.0,4.535,0.033,-0.066,0.14,0.15,-0.15,0.838,0.068,-0.04,0.876,0.041,-0.05,,,,q1_q17_dr25_stellar,289.78622,46.858791,15.342,16.042,15.278,15.042,14.938,13.903,13.527,13.359,0.0,19.3190857,1.3e-06,46.858827,1.3e-05,0.164,0.049,0.132,0.046,-0.0006,0.0014,-0.0013,0.0019,0.005,0.069,0.019,0.069,0.02,0.07,-0.077,0.069,0.118,0.069,0.141,0.069,kplr009946525,Kepler-148d,8,"(10, 12)","(0.08333333333333333, 0.1)"
3215,9946525,K00398.02,Kepler-148 c,CONFIRMED,Done,2018-08-16,CANDIDATE,1.0,0,0,0,0,q1_q17_dr25_sup_koi,NO_COMMENT,4.180048081,2.741e-06,-2.741e-06,173.719249,0.000524,-0.000524,2455006.719,0.000524,-0.000524,0.0,,,,,,0.047,0.335,-0.047,2.4479,0.0233,-0.0233,,,,1765.6,15.6,-15.6,0.037538,0.000838,-0.000584,2.68413,0.08772,-0.57024,LS+MCMC,3.44,0.27,-0.17,0.0487,,,89.8,,,957.0,,,197.81,46.59,-29.56,13.534,0.442,-0.442,Claret (2011 A&A 529 75) ATLAS LS,0.0,0.0,0.1914,0.5167,q1_q17_dr25_koi,11.035603,102.849686,124.3,3,317.0,2.0,q1_q17_dr25_tce,11111111111111111000000000000000,0.9837,Mandel and Agol (2002 ApJ 580 171),,,009/009946/009946525/dv/kplr009946525-20160209194854_dvr.pdf,009/009946/009946525/dv/kplr009946525-002-20160209194854_dvs.pdf,5227.0,73.0,-83.0,4.535,0.033,-0.066,0.14,0.15,-0.15,0.838,0.068,-0.04,0.876,0.041,-0.05,,,,q1_q17_dr25_stellar,289.78622,46.858791,15.342,16.042,15.278,15.042,14.938,13.903,13.527,13.359,0.205,19.3190843,2.8e-06,46.858816,2.7e-05,0.11,0.1,0.095,0.096,-2e-05,0.0002,-0.00017,0.0002,0.021,0.086,-0.016,0.08,0.026,0.088,-0.068,0.084,0.095,0.079,0.117,0.084,kplr009946525,Kepler-148c,13,"(26, 31)","(0.03225806451612903, 0.038461538461538464)"
3223,7269974,K00456.01,Kepler-160 c,CONFIRMED,Done,2018-08-16,CANDIDATE,1.0,0,0,0,0,q1_q17_dr25_sup_koi,NO_COMMENT,13.69942266,1.439e-05,-1.439e-05,171.48036,0.000834,-0.000834,2455004.48,0.000834,-0.000834,0.0,,,,,,0.03,0.266,-0.03,4.3409,0.0264,-0.0264,,,,1292.9,11.4,-11.4,0.032372,0.000428,-0.000181,1.55362,0.01264,-0.29256,LS+MCMC,3.85,0.57,-0.51,0.1094,,,89.93,,,771.0,,,83.6,32.54,-24.07,24.887,0.202,-0.202,Claret (2011 A&A 529 75) ATLAS LS,0.0,0.0,0.2291,0.4603,q1_q17_dr25_koi,15.3708105,99.55829,120.0,2,97.0,1.0,q1_q17_dr25_tce,11111111111111111000000000000000,0.1226,Mandel and Agol (2002 ApJ 580 171),,,007/007269/007269974/dv/kplr007269974-20160209194854_dvr.pdf,007/007269/007269974/dv/kplr007269974-001-20160209194854_dvs.pdf,5541.0,74.0,-74.0,4.332,0.137,-0.1,0.14,0.15,-0.15,1.089,0.161,-0.145,0.929,0.067,-0.043,,,,q1_q17_dr25_stellar,287.77356,42.869282,14.619,15.113,14.587,14.407,14.349,13.46,13.101,13.052,0.706,19.1849129,3.1e-06,42.869316,3.8e-05,0.32,0.12,0.13,0.14,0.0,0.00016,7e-05,0.00018,-0.052,0.08,0.075,0.092,0.091,0.088,0.045,0.082,0.239,0.092,0.244,0.092,kplr007269974,Kepler-160c,14,"(31, 37)","(0.02702702702702703, 0.03225806451612903)"
3225,7440748,K00457.01,Kepler-161 b,CONFIRMED,Done,2018-08-16,CANDIDATE,1.0,0,0,0,0,q1_q17_dr25_sup_koi,NO_COMMENT,4.9213639,4.007e-06,-4.007e-06,174.299322,0.000661,-0.000661,2455007.299,0.000661,-0.000661,0.0,,,,,,0.026,0.359,-0.026,1.8806,0.0205,-0.0205,,,,761.3,11.0,-11.0,0.024565,0.000668,-0.000229,6.71333,0.08992,-1.95969,LS+MCMC,2.14,0.14,-0.11,0.0532,,,89.93,,,868.0,,,134.02,30.09,-23.31,20.484,0.274,-0.274,Claret (2011 A&A 529 75) ATLAS LS,0.0,0.0,0.1496,0.5746,q1_q17_dr25_koi,8.067731,65.18976,77.7,2,273.0,1.0,q1_q17_dr25_tce,11111111111111111000000000000000,0.7463,Mandel and Agol (2002 ApJ 580 171),,,007/007440/007440748/dv/kplr007440748-20160209194854_dvr.pdf,007/007440/007440748/dv/kplr007440748-001-20160209194854_dvs.pdf,5076.0,101.0,-101.0,4.55,0.036,-0.05,0.1,0.15,-0.15,0.799,0.051,-0.043,0.827,0.043,-0.043,,,,q1_q17_dr25_stellar,290.51648,43.08382,14.196,14.902,14.138,13.894,13.779,12.767,12.329,12.246,0.577,19.367768,3.5e-06,43.08388,3.9e-05,0.08,0.14,0.22,0.14,-1e-05,0.00011,6e-05,0.00011,-0.104,0.098,-0.092,0.09,0.139,0.095,-0.116,0.089,0.11,0.1,0.16,0.1,kplr007440748,Kepler-161b,15,"(37, 45)","(0.022222222222222223, 0.02702702702702703)"
3229,5812960,K00507.01,Kepler-582 b,CONFIRMED,Done,2018-08-16,CANDIDATE,1.0,0,0,0,0,q1_q17_dr25_sup_koi,NO_COMMENT,18.49234792,3.313e-05,-3.313e-05,173.49816,0.00141,-0.00141,2455006.498,0.00141,-0.00141,0.0,,,,,,0.034,0.399,-0.034,3.4744,0.0534,-0.0534,,,,1655.5,30.7,-30.7,0.036503,0.00116,-0.000451,4.13534,0.23084,-1.13942,LS+MCMC,3.34,0.52,-0.42,0.1254,,,89.95,,,603.0,,,31.27,15.71,-10.15,42.13,2.4,-2.4,Claret (2011 A&A 529 75) ATLAS LS,0.0,0.0,0.2075,0.49,q1_q17_dr25_koi,11.522421,60.3851,61.4,1,76.0,1.0,q1_q17_dr25_tce,11111111111111111000000000000000,0.1997,Mandel and Agol (2002 ApJ 580 171),,,005/005812/005812960/dv/kplr005812960-20160209194854_dvr.pdf,005/005812/005812960/dv/kplr005812960-001-20160209194854_dvs.pdf,5289.0,159.0,-159.0,4.477,0.115,-0.127,-0.18,0.3,-0.3,0.838,0.13,-0.106,0.769,0.118,-0.055,,,,q1_q17_dr25_stellar,297.50369,41.057018,14.915,15.602,14.868,14.62,14.501,13.467,13.034,12.992,0.192,19.8335825,4.3e-06,41.056992,4.5e-05,0.13,0.17,-0.1,0.16,-7e-05,0.00031,0.00024,0.0003,-0.021,0.09,-0.045,0.082,0.05,0.085,0.108,0.091,-0.043,0.08,0.116,0.089,kplr005812960,Kepler-582b,13,"(26, 31)","(0.03225806451612903, 0.038461538461538464)"
3230,6266741,K00508.01,Kepler-170 b,CONFIRMED,Done,2018-08-16,CANDIDATE,1.0,0,0,0,0,q1_q17_dr25_sup_koi,NO_COMMENT,7.930583519,9.41e-06,-9.41e-06,169.516944,0.000969,-0.000969,2455002.517,0.000969,-0.000969,0.0,,,,,,0.559,0.336,-0.347,3.6083,0.0454,-0.0454,,,,826.1,10.2,-10.2,0.027039,0.004337,-0.001019,0.91343,0.65887,-0.01,LS+MCMC,3.05,0.47,-0.17,0.08,,,87.79,,,899.0,,,154.36,66.57,-27.32,14.48,5.2,-5.2,Claret (2011 A&A 529 75) ATLAS LS,0.0,0.0,0.2436,0.4458,q1_q17_dr25_koi,12.16188,71.042274,89.9,2,130.0,1.0,q1_q17_dr25_tce,11110111011101110000000000000000,0.6027,Mandel and Agol (2002 ApJ 580 171),,,006/006266/006266741/dv/kplr006266741-20160209194854_dvr.pdf,006/006266/006266741/dv/kplr006266741-001-20160209194854_dvs.pdf,5674.0,103.0,-114.0,4.446,0.034,-0.128,0.48,0.05,-0.15,1.032,0.159,-0.057,1.086,0.05,-0.066,,,,q1_q17_dr25_stellar,284.52118,41.629601,14.387,14.948,14.317,14.146,14.067,13.143,12.773,12.677,0.474,18.9680792,3.9e-06,41.629674,4.3e-05,0.0,0.16,0.27,0.16,1e-05,0.00013,-9e-05,0.00013,0.05,0.11,-0.02,0.12,0.058,0.099,0.07,0.11,0.2,0.12,0.21,0.13,kplr006266741,Kepler-170b,15,"(37, 45)","(0.022222222222222223, 0.02702702702702703)"
3233,5774349,K00557.01,Kepler-599 b,CONFIRMED,Done,2018-08-16,CANDIDATE,1.0,0,0,0,0,q1_q17_dr25_sup_koi,NO_COMMENT,15.65563866,3.206e-05,-3.206e-05,170.78358,0.00162,-0.00162,2455003.784,0.00162,-0.00162,0.0,,,,,,0.304,0.146,-0.303,3.9305,0.0627,-0.0627,,,,955.9,20.8,-20.8,0.027942,0.000653,-0.000765,2.0611,0.33521,-0.61692,LS+MCMC,2.55,0.32,-0.31,0.1128,,,89.42,,,623.0,,,35.62,14.99,-11.41,29.89,4.9,-4.9,Claret (2011 A&A 529 75) ATLAS LS,0.0,0.0,0.2043,0.4966,q1_q17_dr25_koi,7.327698,40.057575,53.2,1,69.0,1.0,q1_q17_dr25_tce,11110111011101110000000000000000,0.0999,Mandel and Agol (2002 ApJ 580 171),,,005/005774/005774349/dv/kplr005774349-20160209194854_dvr.pdf,005/005774/005774349/dv/kplr005774349-001-20160209194854_dvs.pdf,5185.0,154.0,-154.0,4.484,0.1,-0.1,-0.06,0.3,-0.3,0.837,0.104,-0.104,0.779,0.099,-0.058,,,,q1_q17_dr25_stellar,285.9115,41.069439,14.97,15.673,14.901,14.668,14.507,13.51,13.031,12.972,0.157,19.0607663,6.6e-06,41.069421,7.8e-05,-0.01,0.27,-0.07,0.28,0.00014,0.00026,0.00024,0.00028,0.083,0.096,0.19,0.19,0.21,0.18,0.22,0.1,0.41,0.2,0.47,0.18,kplr005774349,Kepler-599b,14,"(31, 37)","(0.02702702702702703, 0.03225806451612903)"
3235,5978361,K00558.01,Kepler-1722 b,CONFIRMED,Done,2018-08-16,CANDIDATE,1.0,0,0,0,0,q1_q17_dr25_sup_koi,CENT_KIC_POS,9.17858526,1.432e-05,-1.432e-05,173.08746,0.00131,-0.00131,2455006.087,0.00131,-0.00131,0.0,,,,,,0.582,0.294,-0.362,2.1945,0.044,-0.044,,,,796.5,18.4,-18.4,0.026756,0.003371,-0.001074,4.44025,2.97132,-2.88855,LS+MCMC,2.3,0.52,-0.2,0.0819,,,88.77,,,753.0,,,76.14,52.19,-20.21,27.04,9.0,-9.0,Claret (2011 A&A 529 75) ATLAS LS,0.0,0.0,0.2434,0.4341,q1_q17_dr25_koi,6.97199,44.101025,50.6,1,144.0,1.0,q1_q17_dr25_tce,11111111111111111000000000000000,0.0356,Mandel and Agol (2002 ApJ 580 171),,,005/005978/005978361/dv/kplr005978361-20160209194854_dvr.pdf,005/005978/005978361/dv/kplr005978361-001-20160209194854_dvs.pdf,5506.0,166.0,-166.0,4.584,0.036,-0.144,-0.2,0.3,-0.3,0.788,0.176,-0.07,0.876,0.083,-0.102,,,,q1_q17_dr25_stellar,296.66275,41.261238,14.874,15.463,14.812,14.621,14.459,13.45,13.124,13.078,0.041,19.7775156,6.4e-06,41.261234,7e-05,-0.02,0.26,-0.02,0.25,-0.00035,0.00021,-6e-05,0.0002,0.44,0.12,0.36,0.1,0.57,0.12,0.08,0.12,0.129,0.097,0.15,0.11,kplr005978361,Kepler-1722b,15,"(37, 45)","(0.022222222222222223, 0.02702702702702703)"
3238,3217264,K00401.01,Kepler-149 b,CONFIRMED,Done,2018-08-16,CANDIDATE,1.0,0,0,0,0,q1_q17_dr25_sup_koi,NO_COMMENT,29.19899219,2.398e-05,-2.398e-05,185.440631,0.000656,-0.000656,2455018.441,0.000656,-0.000656,0.0,,,,,,0.043,0.33,-0.043,5.1227,0.0377,-0.0377,,,,2047.2,13.3,-13.3,0.040459,0.000799,-0.000451,2.05855,0.01937,-0.46212,LS+MCMC,4.15,0.49,-0.32,0.1815,,,89.95,,,540.0,,,20.05,7.02,-4.31,45.27,0.426,-0.426,Claret (2011 A&A 529 75) ATLAS LS,0.0,0.0,0.2193,0.4785,q1_q17_dr25_koi,29.245983,150.68636,171.0,3,49.0,1.0,q1_q17_dr25_tce,11111111111111111000000000000000,0.0051,Mandel and Agol (2002 ApJ 580 171),,,003/003217/003217264/dv/kplr003217264-20160209194854_dvr.pdf,003/003217/003217264/dv/kplr003217264-001-20160209194854_dvs.pdf,5376.0,107.0,-107.0,4.462,0.06,-0.09,0.28,0.15,-0.15,0.94,0.11,-0.073,0.934,0.045,-0.05,,,,q1_q17_dr25_stellar,285.85367,38.384121,14.001,14.635,13.941,13.729,13.632,12.694,12.274,12.184,0.165,19.0569078,2.1e-06,38.383999,2.5e-05,-0.125,0.089,-0.435,0.089,-0.0001,0.0002,-0.00018,0.00021,0.055,0.079,0.067,0.09,0.087,0.089,0.111,0.085,0.013,0.079,0.112,0.085,kplr003217264,Kepler-149b,12,"(22, 26)","(0.038461538461538464, 0.045454545454545456)"
3241,6850504,K00070.01,Kepler-20 c,CONFIRMED,Done,2018-08-16,CANDIDATE,1.0,0,0,0,0,q1_q17_dr25_sup_koi,NO_COMMENT,10.854095934,4.977e-06,-4.977e-06,138.608031,0.000378,-0.000378,2454971.608,0.000378,-0.000378,0.0,,,,,,0.422,0.034,-0.358,3.7768,0.0204,-0.0204,,,,1034.4,4.5,-4.5,0.029604,0.001495,-0.000524,1.41039,0.47265,-0.09323,LS+MCMC,2.99,0.33,-0.27,0.0919,,,88.83,,,765.0,,,80.88,26.8,-19.06,20.63,6.9,-6.9,Claret (2011 A&A 529 75) ATLAS LS,0.0,0.0,0.2327,0.4526,q1_q17_dr25_koi,29.724392,203.21265,252.8,5,123.0,1.0,q1_q17_dr25_tce,11111111111111111000000000000000,0.3178,Mandel and Agol (2002 ApJ 580 171),,,006/006850/006850504/dv/kplr006850504-20160209194854_dvr.pdf,006/006850/006850504/dv/kplr006850504-001-20160209194854_dvs.pdf,5465.0,109.0,-109.0,4.449,0.085,-0.085,0.02,0.15,-0.15,0.925,0.101,-0.083,0.876,0.06,-0.044,,,,q1_q17_dr25_stellar,287.698,42.338718,12.498,12.997,12.423,12.284,12.209,11.252,10.91,10.871,0.035,19.17986668,9.6e-07,42.338664,1.1e-05,-0.025,0.038,-0.201,0.04,-2.6e-05,4.2e-05,-5.5e-05,4.6e-05,-0.047,0.092,0.045,0.098,0.065,0.092,-0.087,0.091,-0.231,0.1,0.25,0.1,kplr006850504,Kepler-20c,14,"(31, 37)","(0.02702702702702703, 0.03225806451612903)"
3244,7440748,K00457.02,Kepler-161 c,CONFIRMED,Done,2018-08-16,CANDIDATE,1.0,0,0,0,0,q1_q17_dr25_sup_koi,NO_COMMENT,7.064252021,7.066e-06,-7.066e-06,135.379512,0.000814,-0.000814,2454968.38,0.000814,-0.000814,0.0,,,,,,0.752,0.047,-0.51,1.3867,0.0291,-0.0291,,,,728.9,16.2,-16.2,0.027117,6e-06,-0.002628,7.67154,14.85977,-4.16722,LS+MCMC,2.37,0.15,-0.13,0.0677,,,88.42,,,769.0,,,82.76,18.58,-14.39,27.3,13.2,-13.2,Claret (2011 A&A 529 75) ATLAS LS,0.0,0.0,0.1496,0.5746,q1_q17_dr25_koi,7.927482,40.032463,52.5,2,185.0,2.0,q1_q17_dr25_tce,11111111111111111000000000000000,0.6845,Mandel and Agol (2002 ApJ 580 171),,,007/007440/007440748/dv/kplr007440748-20160209194854_dvr.pdf,007/007440/007440748/dv/kplr007440748-002-20160209194854_dvs.pdf,5076.0,101.0,-101.0,4.55,0.036,-0.05,0.1,0.15,-0.15,0.799,0.051,-0.043,0.827,0.043,-0.043,,,,q1_q17_dr25_stellar,290.51648,43.08382,14.196,14.902,14.138,13.894,13.779,12.767,12.329,12.246,0.013,19.3677711,5.5e-06,43.083815,6e-05,0.2,0.22,-0.02,0.22,-9e-05,0.00015,0.00021,0.00016,0.02,0.11,-0.18,0.13,0.18,0.13,0.02,0.11,-0.01,0.14,0.03,0.12,kplr007440748,Kepler-161c,15,"(37, 45)","(0.022222222222222223, 0.02702702702702703)"
3247,7977197,K00459.01,Kepler-162 c,CONFIRMED,Done,2018-08-16,CANDIDATE,1.0,0,0,0,0,q1_q17_dr25_sup_koi,NO_COMMENT,19.44639139,2.559e-05,-2.559e-05,170.10238,0.00105,-0.00105,2455003.102,0.00105,-0.00105,0.0,,,,,,0.813,0.067,-0.566,3.6227,0.0558,-0.0558,,,,926.0,12.0,-12.0,0.031094,0.001709,-0.003128,0.88322,2.66744,-0.40359,LS+MCMC,3.24,0.89,-0.48,0.1355,,,88.21,,,681.0,,,50.73,40.8,-18.03,26.0,11.2,-11.2,Claret (2011 A&A 529 75) ATLAS LS,0.0,0.0,0.2787,0.3728,q1_q17_dr25_koi,13.428069,73.35643,82.4,2,67.0,1.0,q1_q17_dr25_tce,11111111111111111000000000000000,0.1882,Mandel and Agol (2002 ApJ 580 171),,,007/007977/007977197/dv/kplr007977197-20160209194854_dvr.pdf,007/007977/007977197/dv/kplr007977197-001-20160209194854_dvs.pdf,5815.0,157.0,-174.0,4.421,0.12,-0.18,-0.3,0.3,-0.3,0.954,0.261,-0.14,0.875,0.121,-0.08,,,,q1_q17_dr25_stellar,297.2789,43.724018,14.248,14.763,14.211,14.028,13.955,13.041,12.708,12.658,0.127,19.818594,5e-06,43.724029,4.8e-05,0.0,0.19,0.03,0.17,8e-05,0.00018,-0.00018,0.00016,-0.12,0.14,0.06,0.1,0.13,0.12,-0.04,0.15,-0.07,0.1,0.08,0.13,kplr007977197,Kepler-162c,14,"(31, 37)","(0.02702702702702703, 0.03225806451612903)"
3250,6266741,K00508.02,Kepler-170 c,CONFIRMED,Done,2018-08-16,CANDIDATE,1.0,0,0,0,0,q1_q17_dr25_sup_koi,NO_COMMENT,16.6658994,2.97e-05,-2.97e-05,180.20215,0.00145,-0.00145,2455013.202,0.00145,-0.00145,0.0,,,,,,0.429,0.042,-0.399,4.1934,0.0544,-0.0544,,,,754.2,13.4,-13.4,0.025297,0.000143,-0.000891,1.54151,0.59676,-0.0955,LS+MCMC,2.85,0.44,-0.16,0.1313,,,89.13,,,702.0,,,57.31,24.71,-10.15,28.3,11.0,-11.0,Claret (2011 A&A 529 75) ATLAS LS,0.0,0.0,0.2436,0.4458,q1_q17_dr25_koi,10.413574,48.86812,60.8,2,59.0,2.0,q1_q17_dr25_tce,11110111011101110000000000000000,0.7,Mandel and Agol (2002 ApJ 580 171),,,006/006266/006266741/dv/kplr006266741-20160209194854_dvr.pdf,006/006266/006266741/dv/kplr006266741-002-20160209194854_dvs.pdf,5674.0,103.0,-114.0,4.446,0.034,-0.128,0.48,0.05,-0.15,1.032,0.159,-0.057,1.086,0.05,-0.066,,,,q1_q17_dr25_stellar,284.52118,41.629601,14.387,14.948,14.317,14.146,14.067,13.143,12.773,12.677,0.386,18.968083,6e-06,41.629685,6.6e-05,0.15,0.24,0.31,0.24,-0.0001,0.00018,-0.00011,0.00018,-0.04,0.14,0.007,0.094,0.04,0.14,-0.03,0.14,0.222,0.097,0.223,0.098,kplr006266741,Kepler-170c,15,"(37, 45)","(0.022222222222222223, 0.02702702702702703)"
3251,6381846,K00509.01,Kepler-171 b,CONFIRMED,Done,2018-08-16,CANDIDATE,1.0,0,0,0,0,q1_q17_dr25_sup_koi,NO_COMMENT,4.16696628,4.067e-06,-4.067e-06,169.715517,0.000744,-0.000744,2455002.716,0.000744,-0.000744,0.0,,,,,,0.022,0.315,-0.022,2.7535,0.0249,-0.0249,,,,877.7,12.2,-12.2,0.026616,0.000517,-0.000205,1.82708,0.07723,-0.31057,LS+MCMC,2.74,0.34,-0.22,0.0492,,,89.89,,,1053.0,,,291.34,97.66,-59.91,11.881,0.502,-0.502,Claret (2011 A&A 529 75) ATLAS LS,0.0,0.0,0.2291,0.4603,q1_q17_dr25_koi,10.456938,57.862125,80.1,3,323.0,1.0,q1_q17_dr25_tce,11111111111111111000000000000000,0.966,Mandel and Agol (2002 ApJ 580 171),,,006/006381/006381846/dv/kplr006381846-20160209194854_dvr.pdf,006/006381/006381846/dv/kplr006381846-001-20160209194854_dvs.pdf,5456.0,81.0,-81.0,4.45,0.072,-0.096,0.14,0.15,-0.15,0.943,0.115,-0.077,0.914,0.052,-0.046,,,,q1_q17_dr25_stellar,296.77191,41.755539,14.883,15.455,14.835,14.638,14.544,13.586,13.231,13.206,0.01,19.7847944,3.9e-06,41.755582,4e-05,0.02,0.16,0.15,0.14,0.00022,0.00014,0.00012,0.00013,-0.14,0.11,-0.028,0.099,0.14,0.11,-0.061,0.098,0.25,0.1,0.26,0.11,kplr006381846,Kepler-171b,15,"(37, 45)","(0.022222222222222223, 0.02702702702702703)"
3253,6381846,K00509.02,Kepler-171 c,CONFIRMED,Done,2018-08-16,CANDIDATE,1.0,0,0,0,0,q1_q17_dr25_sup_koi,NO_COMMENT,11.46347165,1.706e-05,-1.706e-05,137.38521,0.00124,-0.00124,2454970.385,0.00124,-0.00124,0.0,,,,,,0.103,0.302,-0.103,2.599,0.0396,-0.0396,,,,1048.6,20.1,-20.1,0.029133,0.000767,-0.000448,5.91602,0.23398,-1.66656,LS+MCMC,3.0,0.37,-0.24,0.0966,,,89.83,,,752.0,,,75.57,25.34,-15.54,34.51,1.4,-1.4,Claret (2011 A&A 529 75) ATLAS LS,0.0,0.0,0.2291,0.4603,q1_q17_dr25_koi,7.5991235,39.453987,56.5,3,108.0,2.0,q1_q17_dr25_tce,11111111111111111000000000000000,0.6605,Mandel and Agol (2002 ApJ 580 171),,,006/006381/006381846/dv/kplr006381846-20160209194854_dvr.pdf,006/006381/006381846/dv/kplr006381846-002-20160209194854_dvs.pdf,5456.0,81.0,-81.0,4.45,0.072,-0.096,0.14,0.15,-0.15,0.943,0.115,-0.077,0.914,0.052,-0.046,,,,q1_q17_dr25_stellar,296.77191,41.755539,14.883,15.455,14.835,14.638,14.544,13.586,13.231,13.206,0.071,19.7848093,5.5e-06,41.755594,5.5e-05,0.62,0.22,0.19,0.2,-0.00034,0.00023,0.0001,0.00022,-0.06,0.12,-0.2,0.15,0.21,0.15,0.02,0.11,0.1,0.14,0.1,0.14,kplr006381846,Kepler-171c,14,"(31, 37)","(0.02702702702702703, 0.03225806451612903)"
3255,6422155,K00510.01,Kepler-172 b,CONFIRMED,Done,2018-08-16,CANDIDATE,1.0,0,0,0,0,q1_q17_dr25_sup_koi,NO_COMMENT,2.940304817,4.738e-06,-4.738e-06,169.90496,0.00125,-0.00125,2455002.905,0.00125,-0.00125,0.0,,,,,,0.825,0.003,-0.62,2.7226,0.0368,-0.0368,,,,472.4,10.0,-10.0,0.022515,5.8e-05,-0.002661,0.28494,0.98189,-0.00749,LS+MCMC,2.59,0.38,-0.27,0.0397,,,80.64,,,1256.0,,,588.66,245.83,-153.26,5.07,2.5,-2.5,Claret (2011 A&A 529 75) ATLAS LS,0.0,0.0,0.2193,0.4785,q1_q17_dr25_koi,5.718509,38.672123,51.8,4,353.0,1.0,q1_q17_dr25_tce,11110111011101110000000000000000,0.8335,Mandel and Agol (2002 ApJ 580 171),,,006/006422/006422155/dv/kplr006422155-20160209194854_dvr.pdf,006/006422/006422155/dv/kplr006422155-001-20160209194854_dvs.pdf,5527.0,111.0,-111.0,4.376,0.099,-0.11,0.26,0.15,-0.15,1.054,0.152,-0.11,0.964,0.063,-0.047,,,,q1_q17_dr25_stellar,283.36841,41.821861,14.532,15.093,14.445,14.292,14.155,13.17,12.883,12.793,0.488,18.8912173,6.5e-06,41.821898,8.2e-05,-0.38,0.26,0.14,0.3,9e-05,0.00012,-6e-05,0.00014,0.022,0.097,-0.08,0.15,0.08,0.15,-0.03,0.11,0.07,0.15,0.08,0.15,kplr006422155,Kepler-172b,15,"(37, 45)","(0.022222222222222223, 0.02702702702702703)"
3256,6665695,K00561.01,Kepler-601 b,CONFIRMED,Done,2018-08-16,CANDIDATE,1.0,0,0,0,0,q1_q17_dr25_sup_koi,NO_COMMENT,5.378868001,7.69e-06,-7.69e-06,169.61512,0.00118,-0.00118,2455002.615,0.00118,-0.00118,0.0,,,,,,0.758,0.098,-0.532,2.7222,0.0396,-0.0396,,,,483.4,9.1,-9.1,0.022038,2.1e-05,-0.002176,0.73018,1.42263,-0.3777,LS+MCMC,1.86,0.13,-0.09,0.056,,,85.81,,,833.0,,,113.59,26.04,-19.07,10.37,5.1,-5.1,Claret (2011 A&A 529 75) ATLAS LS,0.0,0.0,0.153,0.5684,q1_q17_dr25_koi,5.978721,49.556583,60.6,1,250.0,1.0,q1_q17_dr25_tce,11111111111111111000000000000000,0.6092,Mandel and Agol (2002 ApJ 580 171),,,006/006665/006665695/dv/kplr006665695-20160209194854_dvr.pdf,006/006665/006665695/dv/kplr006665695-001-20160209194854_dvs.pdf,5077.0,101.0,-101.0,4.567,0.032,-0.048,0.0,0.15,-0.15,0.774,0.051,-0.039,0.806,0.043,-0.043,,,,q1_q17_dr25_stellar,282.00461,42.176529,14.005,14.64,13.955,13.732,13.63,12.647,12.155,12.129,0.268,18.8002946,6e-06,42.176497,6.4e-05,-0.51,0.24,-0.12,0.23,1e-05,0.00012,-9e-05,0.00011,0.01,0.15,0.02,0.17,0.02,0.13,0.18,0.15,-0.01,0.17,0.18,0.16,kplr006665695,Kepler-601b,16,"(45, 54)","(0.018518518518518517, 0.022222222222222223)"
3260,6786037,K00564.02,Kepler-603 c,CONFIRMED,Done,2018-08-16,CANDIDATE,1.0,0,0,0,0,q1_q17_dr25_sup_koi,NO_COMMENT,127.905412,0.000319,-0.000319,246.46401,0.00176,-0.00176,2455079.464,0.00176,-0.00176,0.0,,,,,,0.47,0.096,-0.255,14.475,0.137,-0.137,,,,4020.6,25.0,-25.0,0.058973,0.002925,-0.001137,0.3041,0.11539,-0.02046,LS+MCMC,8.03,1.29,-1.29,0.5001,,,89.58,,,401.0,,,6.09,2.56,-2.03,64.1,24.3,-24.3,Claret (2011 A&A 529 75) ATLAS LS,0.0,0.0,0.2602,0.4096,q1_q17_dr25_koi,54.063396,136.66364,171.0,3,10.0,1.0,q1_q17_dr25_tce,11111111111111111000000000000000,0.5067,Mandel and Agol (2002 ApJ 580 171),,,006/006786/006786037/dv/kplr006786037-20160209194854_dvr.pdf,006/006786/006786037/dv/kplr006786037-001-20160209194854_dvs.pdf,5751.0,78.0,-78.0,4.254,0.143,-0.104,0.14,0.15,-0.15,1.247,0.2,-0.2,1.018,0.081,-0.065,,,,q1_q17_dr25_stellar,294.28098,42.29097,14.854,15.349,14.805,14.642,14.564,13.601,13.282,13.214,0.451,19.6187329,1.9e-06,42.290969,1.9e-05,0.036,0.075,-0.005,0.07,-0.00027,0.00045,1e-05,0.00053,-0.02,0.12,0.13,0.11,0.13,0.11,-0.02,0.12,0.1,0.11,0.11,0.11,kplr006786037,Kepler-603c,10,"(15, 18)","(0.05555555555555555, 0.06666666666666667)"
3268,5351250,K00408.01,Kepler-150 c,CONFIRMED,Done,2018-08-16,CANDIDATE,1.0,0,0,0,0,q1_q17_dr25_sup_koi,NO_COMMENT,7.381980206,7.158e-06,-7.158e-06,173.072659,0.00076,-0.00076,2455006.073,0.00076,-0.00076,0.0,,,,,,0.096,0.283,-0.096,3.1152,0.0287,-0.0287,,,,1433.8,15.3,-15.3,0.034222,0.000668,-0.000289,2.25264,0.05091,-0.5471,LS+MCMC,3.42,0.41,-0.27,0.0717,,,89.71,,,876.0,,,138.88,49.66,-29.55,18.652,0.422,-0.422,Claret (2011 A&A 529 75) ATLAS LS,0.0,0.0,0.2327,0.4526,q1_q17_dr25_koi,11.168003,87.59254,101.6,5,181.0,1.0,q1_q17_dr25_tce,11111111111111111000000000000000,0.5369,Mandel and Agol (2002 ApJ 580 171),,,005/005351/005351250/dv/kplr005351250-20160209194854_dvr.pdf,005/005351/005351250/dv/kplr005351250-001-20160209194854_dvs.pdf,5559.0,110.0,-110.0,4.47,0.068,-0.102,-0.02,0.15,-0.15,0.914,0.11,-0.07,0.899,0.061,-0.05,,,,q1_q17_dr25_stellar,288.2341,40.520901,14.985,15.497,14.934,14.766,14.67,13.817,13.422,13.367,0.0,19.2155996,2.7e-06,40.520926,3.1e-05,-0.26,0.11,0.09,0.11,0.0004,0.00017,-0.00018,0.00018,0.019,0.083,0.075,0.089,0.078,0.088,0.069,0.086,0.073,0.084,0.101,0.092,kplr005351250,Kepler-150c,13,"(26, 31)","(0.03225806451612903, 0.038461538461538464)"
3269,8043638,K00460.01,Kepler-559 b,CONFIRMED,Done,2018-08-16,CANDIDATE,1.0,0,0,0,0,q1_q17_dr25_sup_koi,NO_COMMENT,17.58751692,2.11e-05,-2.11e-05,176.077382,0.000913,-0.000913,2455009.077,0.000913,-0.000913,0.0,,,,,,0.106,0.291,-0.106,4.3773,0.0358,-0.0358,,,,1377.8,14.0,-14.0,0.033351,0.000754,-0.000347,1.92199,0.06283,-0.45037,LS+MCMC,4.03,0.68,-0.68,0.1277,,,89.81,,,706.0,,,58.6,26.22,-20.18,31.56,1.0,-1.0,Claret (2011 A&A 529 75) ATLAS LS,0.0,0.0,0.224,0.4695,q1_q17_dr25_koi,16.298374,100.84191,109.4,2,76.0,1.0,q1_q17_dr25_tce,11111111111111111000000000000000,0.6566,Mandel and Agol (2002 ApJ 580 171),,,008/008043/008043638/dv/kplr008043638-20160209194854_dvr.pdf,008/008043/008043638/dv/kplr008043638-001-20160209194854_dvs.pdf,5433.0,81.0,-73.0,4.302,0.159,-0.116,0.16,0.15,-0.1,1.107,0.186,-0.186,0.896,0.062,-0.036,,,,q1_q17_dr25_stellar,296.63684,43.802792,14.743,15.354,14.67,14.48,14.35,13.429,13.031,12.977,0.0,19.7757873,2.4e-06,43.802537,4.1e-05,-0.076,0.092,-0.91,0.15,-0.00021,0.00014,-0.00207,0.00022,-0.009,0.079,0.136,0.079,0.136,0.079,0.084,0.08,0.103,0.083,0.133,0.084,kplr008043638,Kepler-559b,13,"(26, 31)","(0.03225806451612903, 0.038461538461538464)"
3273,8845205,K00463.01,Kepler-560 b,CONFIRMED,Done,2018-08-16,CANDIDATE,0.001,0,0,0,0,q1_q17_dr25_sup_koi,CENT_KIC_POS,18.47762694,1.563e-05,-1.563e-05,185.269061,0.000674,-0.000674,2455018.269,0.000674,-0.000674,0.0,,,,,,0.712,0.154,-0.488,1.94,0.0457,-0.0457,,,,2604.6,39.7,-39.7,0.050013,0.003942,-0.003011,9.8259,13.90275,-6.32643,LS+MCMC,1.55,0.32,-0.29,0.0887,,,89.27,,,267.0,,,1.21,0.72,-0.47,56.2,26.5,-26.5,Claret (2011 A&A 529 75) ATLAS LS,0.0,0.0,0.3775,0.3402,q1_q17_dr25_koi,14.796107,78.00336,75.7,1,69.0,1.0,q1_q17_dr25_tce,11111111111111111000000000000000,0.7055,Mandel and Agol (2002 ApJ 580 171),,,008/008845/008845205/dv/kplr008845205-20160209194854_dvr.pdf,008/008845/008845205/dv/kplr008845205-001-20160209194854_dvs.pdf,3395.0,74.0,-67.0,4.97,0.072,-0.065,-0.12,0.15,-0.15,0.283,0.059,-0.053,0.271,0.072,-0.059,,,,q1_q17_dr25_stellar,300.20609,45.018139,14.708,16.364,14.915,13.999,13.497,12.276,11.671,11.455,0.0,20.0137869,4.1e-06,45.018141,4.6e-05,1.79,0.16,0.0,0.17,-0.00037,0.00048,0.00111,0.00056,0.001,0.078,-0.028,0.081,0.028,0.081,1.096,0.082,0.256,0.078,1.126,0.082,kplr008845205,Kepler-560b,11,"(18, 22)","(0.045454545454545456, 0.05555555555555555)"
3274,8890783,K00464.01,Kepler-561 b,CONFIRMED,Done,2018-08-16,CANDIDATE,0.963,0,0,0,0,q1_q17_dr25_sup_koi,NO_COMMENT,58.36205791,4.095e-05,-4.095e-05,196.555405,0.000432,-0.000432,2455029.555,0.000432,-0.000432,0.0,,,,,,0.402,0.045,-0.319,6.3363,0.0508,-0.0508,,,,5374.7,20.6,-20.6,0.06741,0.00251,-0.001011,1.87105,0.54975,-0.03399,LS+MCMC,7.02,1.95,-0.79,0.2918,,,89.67,,,446.0,,,9.33,7.65,-2.79,69.6,20.4,-20.4,Claret (2011 A&A 529 75) ATLAS LS,0.0,0.0,0.224,0.4695,q1_q17_dr25_koi,61.477135,201.45831,286.6,2,21.0,1.0,q1_q17_dr25_tce,11111111111111111000000000000000,0.2073,Mandel and Agol (2002 ApJ 580 171),,,008/008890/008890783/dv/kplr008890783-20160209194854_dvr.pdf,008/008890/008890783/dv/kplr008890783-001-20160209194854_dvs.pdf,5592.0,150.0,-166.0,4.467,0.065,-0.182,0.16,0.2,-0.3,0.953,0.266,-0.106,0.973,0.094,-0.094,,,,q1_q17_dr25_stellar,293.7471,45.10722,14.361,14.94,14.276,14.113,13.995,13.061,12.69,12.585,0.061,19.5831407,1.1e-06,45.10722,1.2e-05,0.027,0.042,0.0,0.044,0.00038,0.00046,0.0001,0.00062,-0.004,0.069,0.014,0.075,0.014,0.075,0.007,0.069,0.064,0.076,0.064,0.076,kplr008890783,Kepler-561b,10,"(15, 18)","(0.05555555555555555, 0.06666666666666667)"
3275,8890783,K00464.02,Kepler-561 c,CONFIRMED,Done,2018-08-16,CANDIDATE,1.0,0,0,0,0,q1_q17_dr25_sup_koi,NO_COMMENT,5.350156114,4.542e-06,-4.542e-06,195.761347,0.000626,-0.000626,2455028.761,0.000626,-0.000626,0.0,,,,,,0.008,0.349,-0.008,2.2647,0.0215,-0.0215,,,,764.8,9.9,-9.9,0.024953,0.000492,-0.000217,4.18915,0.10179,-0.88417,LS+MCMC,2.6,0.72,-0.29,0.0593,,,89.98,,,989.0,,,226.02,185.09,-67.76,18.507,0.45,-0.45,Claret (2011 A&A 529 75) ATLAS LS,0.0,0.0,0.224,0.4695,q1_q17_dr25_koi,8.51322,67.36277,87.1,2,250.0,2.0,q1_q17_dr25_tce,11111111111111111000000000000000,0.1709,Mandel and Agol (2002 ApJ 580 171),,,008/008890/008890783/dv/kplr008890783-20160209194854_dvr.pdf,008/008890/008890783/dv/kplr008890783-002-20160209194854_dvs.pdf,5592.0,150.0,-166.0,4.467,0.065,-0.182,0.16,0.2,-0.3,0.953,0.266,-0.106,0.973,0.094,-0.094,,,,q1_q17_dr25_stellar,293.7471,45.10722,14.361,14.94,14.276,14.113,13.995,13.061,12.69,12.585,0.002,19.5831338,3.6e-06,45.107186,4.1e-05,-0.23,0.14,-0.12,0.15,0.00025,0.00011,0.00011,0.00011,-0.014,0.087,-0.011,0.075,0.017,0.086,0.011,0.088,0.043,0.075,0.044,0.077,kplr008890783,Kepler-561c,15,"(37, 45)","(0.022222222222222223, 0.02702702702702703)"
3280,6451936,K00511.01,Kepler-173 c,CONFIRMED,Done,2018-08-16,CANDIDATE,1.0,0,0,0,0,q1_q17_dr25_sup_koi,NO_COMMENT,8.00579096,1.123e-05,-1.123e-05,170.50325,0.00118,-0.00118,2455003.503,0.00118,-0.00118,0.0,,,,,,0.092,0.329,-0.092,3.0549,0.0421,-0.0421,,,,629.7,10.2,-10.2,0.023088,0.000498,-0.000318,2.50844,0.1478,-0.65571,LS+MCMC,2.36,0.55,-0.42,0.0725,,,89.74,,,956.0,,,197.06,137.49,-78.75,20.41,1.2,-1.2,Claret (2011 A&A 529 75) ATLAS LS,0.0,0.0,0.3065,0.299,q1_q17_dr25_koi,8.118969,62.001522,69.2,2,168.0,1.0,q1_q17_dr25_tce,11111111111111111000000000000000,0.5938,Mandel and Agol (2002 ApJ 580 171),,,006/006451/006451936/dv/kplr006451936-20160209194854_dvr.pdf,006/006451/006451936/dv/kplr006451936-001-20160209194854_dvs.pdf,6032.0,163.0,-181.0,4.395,0.165,-0.182,-0.78,0.3,-0.3,0.935,0.22,-0.165,0.793,0.093,-0.05,,,,q1_q17_dr25_stellar,294.6467,41.884109,14.209,14.658,14.188,14.017,13.953,13.081,12.763,12.668,0.607,19.6430983,4.5e-06,41.884132,3.9e-05,-0.6,0.18,0.08,0.14,8e-05,0.00012,-1e-06,9.3e-05,0.11,0.1,-0.02,0.11,0.11,0.11,-0.08,0.1,0.046,0.098,0.1,0.1,kplr006451936,Kepler-173c,15,"(37, 45)","(0.022222222222222223, 0.02702702702702703)"
3283,8056665,K00089.01,Kepler-462 b,CONFIRMED,Done,2018-08-16,CANDIDATE,0.881,0,0,0,0,q1_q17_dr25_sup_koi,NO_COMMENT,84.6877524,0.0001778,-0.0001778,150.57084,0.00172,-0.00172,2454983.571,0.00172,-0.00172,0.0,,,,,,0.017,0.303,-0.017,10.0248,0.052,-0.052,,,,347.7,4.1,-4.1,0.017238,0.000222,-0.000133,0.74607,0.02088,-0.11263,LS+MCMC,3.37,0.58,-0.78,0.4172,,,89.99,,,611.0,,,32.96,15.8,-15.16,65.64,1.8,-1.8,Claret (2011 A&A 529 75) ATLAS LS,0.0,0.0,0.318,0.2734,q1_q17_dr25_koi,32.52374,71.26699,95.1,2,18.0,1.0,q1_q17_dr25_tce,11111111111111111000000000000000,0.361,Mandel and Agol (2002 ApJ 580 171),,,008/008056/008056665/dv/kplr008056665-20160209194854_dvr.pdf,008/008056/008056665/dv/kplr008056665-001-20160209194854_dvs.pdf,6688.0,120.0,-147.0,4.062,0.174,-0.116,-0.2,0.15,-0.15,1.79,0.311,-0.415,1.353,0.096,-0.178,,,,q1_q17_dr25_stellar,299.82117,43.81427,11.642,11.74,11.609,11.649,11.677,10.983,10.876,10.851,0.008,19.9880544,6.6e-06,43.81437,5.1e-05,-0.89,0.26,0.36,0.18,0.000175,9e-05,-5.9e-05,6.5e-05,-0.13,0.32,0.32,0.21,0.34,0.25,-0.28,0.31,0.4,0.22,0.49,0.29,kplr008056665,Kepler-462b,17,"(54, 65)","(0.015384615384615385, 0.018518518518518517)"
3286,7445445,K00567.01,Kepler-184 b,CONFIRMED,Done,2018-08-16,CANDIDATE,1.0,0,0,0,0,q1_q17_dr25_sup_koi,NO_COMMENT,10.68758211,1.413e-05,-1.413e-05,169.93115,0.00104,-0.00104,2455002.931,0.00104,-0.00104,0.0,,,,,,0.818,0.018,-0.561,3.3812,0.0415,-0.0415,,,,777.7,10.8,-10.8,0.028544,0.000682,-0.00263,0.56806,1.79994,-0.19032,LS+MCMC,2.64,0.69,-0.29,0.0909,,,86.89,,,780.0,,,87.41,66.99,-25.58,15.08,6.8,-6.8,Claret (2011 A&A 529 75) ATLAS LS,0.0,0.0,0.2787,0.3728,q1_q17_dr25_koi,16.922905,65.98891,78.9,3,128.0,1.0,q1_q17_dr25_tce,11111111111111111000000000000000,0.201,Mandel and Agol (2002 ApJ 580 171),,,007/007445/007445445/dv/kplr007445445-20160209194854_dvr.pdf,007/007445/007445445/dv/kplr007445445-001-20160209194854_dvs.pdf,5788.0,155.0,-155.0,4.524,0.06,-0.18,-0.34,0.3,-0.3,0.848,0.221,-0.095,0.877,0.1,-0.09,,,,q1_q17_dr25_stellar,291.9519,43.074711,14.338,14.831,14.279,14.126,14.01,13.1,12.752,12.69,0.162,19.4634581,3.9e-06,43.074681,4e-05,-0.08,0.16,-0.1,0.14,-0.00018,0.00012,-2e-05,0.00012,0.063,0.098,-0.065,0.092,0.091,0.097,0.1,0.11,-0.228,0.098,0.25,0.098,kplr007445445,Kepler-184b,14,"(31, 37)","(0.02702702702702703, 0.03225806451612903)"
3289,5351250,K00408.02,Kepler-150 d,CONFIRMED,Done,2018-08-16,CANDIDATE,1.0,0,0,0,0,q1_q17_dr25_sup_koi,NO_COMMENT,12.56096618,2.653e-05,-2.653e-05,166.79483,0.00165,-0.00165,2454999.795,0.00165,-0.00165,0.0,,,,,,0.022,0.437,-0.022,3.7647,0.0608,-0.0608,,,,923.1,18.1,-18.1,0.027423,0.000868,-0.00048,2.15344,0.00853,-0.88474,LS+MCMC,2.74,0.33,-0.21,0.1021,,,89.95,,,734.0,,,68.49,24.49,-14.58,26.188,0.104,-0.104,Claret (2011 A&A 529 75) ATLAS LS,0.0,0.0,0.2327,0.4526,q1_q17_dr25_koi,8.827707,44.640903,55.1,5,100.0,2.0,q1_q17_dr25_tce,11111111111111111000000000000000,0.6263,Mandel and Agol (2002 ApJ 580 171),,,005/005351/005351250/dv/kplr005351250-20160209194854_dvr.pdf,005/005351/005351250/dv/kplr005351250-002-20160209194854_dvs.pdf,5559.0,110.0,-110.0,4.47,0.068,-0.102,-0.02,0.15,-0.15,0.914,0.11,-0.07,0.899,0.061,-0.05,,,,q1_q17_dr25_stellar,288.2341,40.520901,14.985,15.497,14.934,14.766,14.67,13.817,13.422,13.367,0.364,19.2156027,5.1e-06,40.520922,5.9e-05,-0.14,0.21,0.08,0.21,0.00014,0.0002,-0.0001,0.0002,-0.09,0.12,-0.19,0.14,0.21,0.14,-0.03,0.12,-0.15,0.14,0.15,0.14,kplr005351250,Kepler-150d,14,"(31, 37)","(0.02702702702702703, 0.03225806451612903)"
3291,6850504,K00070.02,Kepler-20 b,CONFIRMED,Done,2018-08-16,CANDIDATE,1.0,0,0,0,0,q1_q17_dr25_sup_koi,NO_COMMENT,3.696121272,2.394e-06,-2.394e-06,134.5014,0.00054,-0.00054,2454967.501,0.00054,-0.00054,0.0,,,,,,0.016,0.371,-0.016,2.463,0.0181,-0.0181,,,,383.4,3.3,-3.3,0.017627,0.000379,-0.000113,2.20611,0.06127,-0.56852,LS+MCMC,1.78,0.19,-0.16,0.0448,,,89.92,,,1095.0,,,340.33,112.79,-80.17,11.679,0.324,-0.324,Claret (2011 A&A 529 75) ATLAS LS,0.0,0.0,0.2327,0.4526,q1_q17_dr25_koi,11.91119,108.19572,130.0,5,343.0,2.0,q1_q17_dr25_tce,11111111111111111000000000000000,0.6675,Mandel and Agol (2002 ApJ 580 171),,,006/006850/006850504/dv/kplr006850504-20160209194854_dvr.pdf,006/006850/006850504/dv/kplr006850504-002-20160209194854_dvs.pdf,5465.0,109.0,-109.0,4.449,0.085,-0.085,0.02,0.15,-0.15,0.925,0.101,-0.083,0.876,0.06,-0.044,,,,q1_q17_dr25_stellar,287.698,42.338718,12.498,12.997,12.423,12.284,12.209,11.252,10.91,10.871,0.088,19.1798645,1.8e-06,42.338628,2.1e-05,-0.113,0.073,-0.332,0.077,2.4e-05,2.8e-05,2.9e-05,2.9e-05,-0.073,0.091,-0.1,0.1,0.12,0.1,-0.124,0.09,-0.38,0.1,0.4,0.1,kplr006850504,Kepler-20b,17,"(54, 65)","(0.015384615384615385, 0.018518518518518517)"
3293,5444548,K00409.01,Kepler-545 b,CONFIRMED,Done,2018-08-16,CANDIDATE,1.0,0,0,0,0,q1_q17_dr25_sup_koi,NO_COMMENT,13.24931848,1.872e-05,-1.872e-05,179.52171,0.00112,-0.00112,2455012.522,0.00112,-0.00112,0.0,,,,,,0.62,0.033,-0.446,4.4859,0.0438,-0.0438,,,,647.6,8.4,-8.4,0.024323,0.001754,-0.001066,0.67389,0.54557,-0.09392,LS+MCMC,2.86,0.43,-0.34,0.1087,,,88.07,,,806.0,,,99.54,41.19,-28.54,18.42,7.5,-7.5,Claret (2011 A&A 529 75) ATLAS LS,0.0,0.0,0.2622,0.4035,q1_q17_dr25_koi,11.576698,74.35541,87.8,1,98.0,1.0,q1_q17_dr25_tce,11111111111111111000000000000000,0.6306,Mandel and Agol (2002 ApJ 580 171),,,005/005444/005444548/dv/kplr005444548-20160209194854_dvr.pdf,005/005444/005444548/dv/kplr005444548-001-20160209194854_dvs.pdf,5799.0,104.0,-116.0,4.361,0.11,-0.11,0.0,0.15,-0.15,1.078,0.159,-0.13,0.972,0.072,-0.058,,,,q1_q17_dr25_stellar,290.56631,40.692039,14.15,14.581,14.072,13.965,13.93,13.074,12.776,12.708,0.141,19.3710826,3.8e-06,40.692094,4.2e-05,-0.17,0.15,0.2,0.15,0.000121,9.9e-05,-4.7e-05,9.9e-05,0.062,0.09,0.09,0.11,0.11,0.11,0.117,0.084,0.2,0.11,0.23,0.11,kplr005444548,Kepler-545b,15,"(37, 45)","(0.022222222222222223, 0.02702702702702703)"
3297,9583881,K00467.01,Kepler-562 b,CONFIRMED,Done,2018-08-16,CANDIDATE,1.0,0,0,0,0,q1_q17_dr25_sup_koi,NO_COMMENT,18.00932214,1.014e-05,-1.014e-05,182.441015,0.000449,-0.000449,2455015.441,0.000449,-0.000449,0.0,,,,,,0.55,0.081,-0.247,4.9611,0.0502,-0.0502,,,,3004.4,14.8,-14.8,0.05176,0.002682,-0.00136,0.89694,0.46581,-0.11818,LS+MCMC,4.96,1.57,-0.39,0.1333,,,88.73,,,658.0,,,44.29,40.55,-10.66,24.87,6.5,-6.5,Claret (2011 A&A 529 75) ATLAS LS,0.0,0.0,0.2676,0.3928,q1_q17_dr25_koi,35.476505,230.01062,245.2,1,77.0,1.0,q1_q17_dr25_tce,11111111111111111000000000000000,0.5038,Mandel and Agol (2002 ApJ 580 171),,,009/009583/009583881/dv/kplr009583881-20160209194854_dvr.pdf,009/009583/009583881/dv/kplr009583881-001-20160209194854_dvs.pdf,5815.0,146.0,-160.0,4.54,0.037,-0.213,-0.12,0.3,-0.3,0.877,0.278,-0.069,0.973,0.116,-0.116,,,,q1_q17_dr25_stellar,290.11963,46.273811,14.794,15.302,14.736,14.576,14.496,13.576,13.215,13.12,0.0,19.3413042,1.5e-06,46.27382,1.5e-05,-0.143,0.057,0.038,0.053,-0.0014,0.0002,0.00087,0.00022,0.065,0.069,-0.109,0.08,0.127,0.078,-0.049,0.073,-0.184,0.082,0.19,0.08,kplr009583881,Kepler-562b,11,"(18, 22)","(0.045454545454545456, 0.05555555555555555)"
3298,9589524,K00468.01,Kepler-563 b,CONFIRMED,Done,2018-08-16,CANDIDATE,1.0,0,0,0,0,q1_q17_dr25_sup_koi,NO_COMMENT,22.18431824,2.569e-05,-2.569e-05,174.597325,0.000907,-0.000907,2455007.597,0.000907,-0.000907,0.0,,,,,,0.032,0.348,-0.032,3.0397,0.0322,-0.0322,,,,1593.0,21.2,-21.2,0.035648,0.000871,-0.000319,7.39065,0.27894,-1.60858,LS+MCMC,3.18,0.34,-0.37,0.1418,,,89.97,,,546.0,,,21.06,7.86,-6.51,57.72,2.2,-2.2,Claret (2011 A&A 529 75) ATLAS LS,0.0,0.0,0.2043,0.4966,q1_q17_dr25_koi,14.381554,83.24724,87.6,1,58.0,1.0,q1_q17_dr25_tce,11111111111111111000000000000000,0.1213,Mandel and Agol (2002 ApJ 580 171),,,009/009589/009589524/dv/kplr009589524-20160209194854_dvr.pdf,009/009589/009589524/dv/kplr009589524-001-20160209194854_dvs.pdf,5157.0,153.0,-153.0,4.5,0.093,-0.076,-0.08,0.3,-0.3,0.818,0.086,-0.096,0.771,0.098,-0.057,,,,q1_q17_dr25_stellar,292.44626,46.289768,14.767,15.47,14.701,14.466,14.324,13.358,12.831,12.773,0.441,19.4964185,4.6e-06,46.289786,4.9e-05,0.02,0.17,0.06,0.18,-0.00026,0.00029,0.0,0.0003,0.075,0.089,0.057,0.088,0.094,0.096,-0.102,0.089,0.073,0.084,0.126,0.081,kplr009589524,Kepler-563b,13,"(26, 31)","(0.03225806451612903, 0.038461538461538464)"
3304,6937692,K00513.01,Kepler-584 b,CONFIRMED,Done,2018-08-16,CANDIDATE,0.996,0,0,0,0,q1_q17_dr25_sup_koi,NO_COMMENT,35.18105723,9.807e-05,-9.807e-05,170.09969,0.00225,-0.00225,2455003.1,0.00225,-0.00225,0.0,,,,,,0.772,0.124,-0.495,7.545,0.135,-0.135,,,,987.7,18.1,-18.1,0.031415,0.000195,-0.002311,0.2214,0.46673,-0.147,LS+MCMC,4.17,1.24,-0.54,0.2281,,,88.18,,,664.0,,,45.89,39.24,-16.0,24.4,10.3,-10.3,Claret (2011 A&A 529 75) ATLAS LS,0.0,0.0,0.3138,0.2998,q1_q17_dr25_koi,12.038291,50.65838,63.1,1,38.0,1.0,q1_q17_dr25_tce,11111111111111111000000000000000,0.5157,Mandel and Agol (2002 ApJ 580 171),,,006/006937/006937692/dv/kplr006937692-20160209194854_dvr.pdf,006/006937/006937692/dv/kplr006937692-001-20160209194854_dvs.pdf,6520.0,157.0,-246.0,4.375,0.065,-0.195,0.07,0.2,-0.35,1.215,0.363,-0.156,1.279,0.163,-0.217,,,,q1_q17_dr25_stellar,288.23059,42.41362,14.856,15.192,14.787,14.712,14.689,13.845,13.568,13.529,0.038,19.2153794,5.5e-06,42.413567,6.7e-05,0.27,0.22,-0.19,0.24,-0.00014,0.00022,0.00028,0.00025,-0.12,0.11,-0.081,0.099,0.14,0.1,-0.05,0.11,-0.02,0.1,0.06,0.11,kplr006937692,Kepler-584b,14,"(31, 37)","(0.02702702702702703, 0.03225806451612903)"
3316,5683743,K00412.01,Kepler-546 b,CONFIRMED,Done,2018-08-16,CANDIDATE,0.922,0,0,0,0,q1_q17_dr25_sup_koi,NO_COMMENT,4.147021189,8.93e-07,-8.93e-07,170.325835,0.000171,-0.000171,2455003.326,0.000171,-0.000171,0.0,,,,,,0.255,0.038,-0.255,2.8997,0.0133,-0.0133,,,,3680.7,10.6,-10.6,0.055579,0.000153,-0.00052,1.54911,0.1475,-0.18673,LS+MCMC,7.31,1.99,-1.62,0.0502,,,88.7,,,1258.0,,,590.84,472.23,-274.89,11.21,1.1,-1.1,Claret (2011 A&A 529 75) ATLAS LS,0.0,0.0,0.2622,0.4035,q1_q17_dr25_koi,38.9619,399.7741,421.2,1,252.0,1.0,q1_q17_dr25_tce,11110111011101110000000000000000,0.0116,Mandel and Agol (2002 ApJ 580 171),,,005/005683/005683743/dv/kplr005683743-20160209194854_dvr.pdf,005/005683/005683743/dv/kplr005683743-001-20160209194854_dvs.pdf,5818.0,158.0,-176.0,4.266,0.19,-0.171,-0.02,0.25,-0.3,1.205,0.327,-0.268,0.977,0.14,-0.105,,,,q1_q17_dr25_stellar,283.2576,40.990501,14.288,14.801,14.229,14.068,13.989,13.073,12.782,12.784,0.0,18.88384088,7.3e-07,40.9903997,7.3e-06,0.007,0.03,-0.361,0.026,0.00293,0.00015,-0.00068,0.00016,-0.7,0.12,-0.088,0.099,0.71,0.13,-0.079,0.071,-0.178,0.072,0.195,0.074,kplr005683743,Kepler-546b,11,"(18, 22)","(0.045454545454545456, 0.05555555555555555)"
3317,5791986,K00413.01,Kepler-151 b,CONFIRMED,Done,2018-08-16,CANDIDATE,1.0,0,0,0,0,q1_q17_dr25_sup_koi,NO_COMMENT,15.22895514,2.092e-05,-2.092e-05,176.56001,0.0011,-0.0011,2455009.56,0.0011,-0.0011,0.0,,,,,,0.777,0.086,-0.548,2.5967,0.0414,-0.0414,,,,1124.8,19.9,-19.9,0.033813,0.00199,-0.003312,2.33268,5.42198,-1.08595,LS+MCMC,3.0,0.64,-0.28,0.1152,,,88.54,,,639.0,,,39.4,26.14,-10.67,30.6,14.2,-14.2,Claret (2011 A&A 529 75) ATLAS LS,0.0,0.0,0.2396,0.4415,q1_q17_dr25_koi,10.9397545,57.036846,63.8,2,93.0,1.0,q1_q17_dr25_tce,11111111111111111000000000000000,0.297,Mandel and Agol (2002 ApJ 580 171),,,005/005791/005791986/dv/kplr005791986-20160209194854_dvr.pdf,005/005791/005791986/dv/kplr005791986-001-20160209194854_dvs.pdf,5456.0,164.0,-164.0,4.562,0.045,-0.135,-0.1,0.3,-0.3,0.812,0.175,-0.075,0.878,0.082,-0.091,,,,q1_q17_dr25_stellar,292.16278,41.023239,14.769,15.37,14.697,14.512,14.395,13.383,12.998,12.864,0.672,19.4775136,5.2e-06,41.023254,5.6e-05,-0.18,0.21,0.05,0.2,0.00012,0.00025,-7e-05,0.00024,0.07,0.12,0.14,0.15,0.16,0.13,0.09,0.12,0.02,0.16,0.09,0.12,kplr005791986,Kepler-151b,13,"(26, 31)","(0.03225806451612903, 0.038461538461538464)"
3321,9844088,K00470.01,Kepler-564 b,CONFIRMED,Done,2018-08-16,CANDIDATE,1.0,0,0,0,0,q1_q17_dr25_sup_koi,NO_COMMENT,3.750832927,1.216e-06,-1.216e-06,171.151696,0.000247,-0.000247,2455004.152,0.000247,-0.000247,0.0,,,,,,0.001,0.309,-0.001,1.9457,0.0124,-0.0124,,,,2397.9,13.5,-13.5,0.044422,0.000546,-0.000213,4.90419,0.12236,-0.7009,LS+MCMC,4.61,1.33,-0.42,0.0484,,,90.0,,,1129.0,,,383.77,324.97,-102.89,15.393,0.384,-0.384,Claret (2011 A&A 529 75) ATLAS LS,0.0,0.0,0.2555,0.4191,q1_q17_dr25_koi,18.373272,205.47449,212.5,1,286.0,1.0,q1_q17_dr25_tce,11111101110111011000000000000000,0.7352,Mandel and Agol (2002 ApJ 580 171),,,009/009844/009844088/dv/kplr009844088-20160209194854_dvr.pdf,009/009844/009844088/dv/kplr009844088-001-20160209194854_dvs.pdf,5776.0,156.0,-174.0,4.512,0.036,-0.204,0.21,0.2,-0.3,0.95,0.274,-0.086,1.068,0.091,-0.147,,,,q1_q17_dr25_stellar,296.83838,46.6264,14.749,15.286,14.675,14.518,14.433,13.55,13.164,13.09,0.208,19.78922,1.6e-06,46.626365,1.7e-05,-0.176,0.058,-0.127,0.063,0.00018,0.00016,6e-05,0.00019,-0.026,0.069,0.008,0.07,0.027,0.069,-0.057,0.07,0.008,0.071,0.058,0.07,kplr009844088,Kepler-564b,12,"(22, 26)","(0.038461538461538464, 0.045454545454545456)"
3322,10019643,K00471.01,Kepler-163 c,CONFIRMED,Done,2018-08-16,CANDIDATE,1.0,0,0,0,0,q1_q17_dr25_sup_koi,NO_COMMENT,21.34736612,4.778e-05,-4.778e-05,171.73531,0.00192,-0.00192,2455004.735,0.00192,-0.00192,0.0,,,,,,0.885,0.033,-0.601,4.184,0.0867,-0.0867,,,,630.5,12.8,-12.8,0.027345,0.001473,-0.003978,0.34883,2.28001,-0.13244,LS+MCMC,3.2,0.54,-0.54,0.1445,,,87.5,,,648.0,,,41.65,18.62,-14.33,20.33,9.5,-9.5,Claret (2011 A&A 529 75) ATLAS LS,0.0,0.0,0.224,0.4695,q1_q17_dr25_koi,7.6772966,39.393997,53.1,2,65.0,1.0,q1_q17_dr25_tce,11111111111111111000000000000000,0.0612,Mandel and Agol (2002 ApJ 580 171),,,010/010019/010019643/dv/kplr010019643-20160209194854_dvr.pdf,010/010019/010019643/dv/kplr010019643-001-20160209194854_dvs.pdf,5395.0,80.0,-72.0,4.324,0.154,-0.112,0.16,0.15,-0.1,1.071,0.18,-0.18,0.882,0.065,-0.032,,,,q1_q17_dr25_stellar,295.00281,46.987331,14.415,14.921,14.35,14.198,14.129,13.194,12.85,12.784,0.117,19.6668535,6.8e-06,46.987426,7.6e-05,-0.02,0.25,0.35,0.28,-3e-05,0.00016,-0.0002,0.00017,-0.04,0.15,-0.08,0.17,0.09,0.16,-0.16,0.14,-0.03,0.16,0.16,0.14,kplr010019643,Kepler-163c,15,"(37, 45)","(0.022222222222222223, 0.02702702702702703)"
3324,10123064,K00472.01,Kepler-565 b,CONFIRMED,Done,2018-08-16,CANDIDATE,1.0,0,0,0,0,q1_q17_dr25_sup_koi,NO_COMMENT,4.243748097,3.056e-06,-3.056e-06,173.563074,0.00058,-0.00058,2455006.563,0.00058,-0.00058,0.0,,,,,,0.032,0.319,-0.032,3.3603,0.0234,-0.0234,,,,1409.7,11.8,-11.8,0.034313,0.000501,-0.000204,1.04797,0.00886,-0.31013,LS+MCMC,3.16,0.93,-0.31,0.0501,,,89.82,,,1063.0,,,301.46,260.03,-81.76,9.9923,0.0845,-0.0845,Claret (2011 A&A 529 75) ATLAS LS,0.0,0.0,0.2787,0.3728,q1_q17_dr25_koi,10.316337,107.4761,139.8,1,318.0,1.0,q1_q17_dr25_tce,11111111111111111000000000000000,0.2618,Mandel and Agol (2002 ApJ 580 171),,,010/010123/010123064/dv/kplr010123064-20160209194854_dvr.pdf,010/010123/010123064/dv/kplr010123064-001-20160209194854_dvs.pdf,5873.0,158.0,-158.0,4.554,0.036,-0.204,-0.3,0.3,-0.3,0.843,0.248,-0.083,0.93,0.108,-0.108,,,,q1_q17_dr25_stellar,283.61795,47.196678,15.0,15.481,14.963,14.793,14.734,13.899,13.52,13.492,0.0,18.9078845,2.8e-06,47.196769,2.6e-05,0.8,0.1,0.319,0.092,0.00047,0.00014,-0.00073,0.00014,0.065,0.078,0.345,0.074,0.351,0.076,0.356,0.077,0.444,0.078,0.569,0.084,kplr010123064,Kepler-565b,13,"(26, 31)","(0.03225806451612903, 0.038461538461538464)"
3327,8015907,K00517.01,Kepler-585 b,CONFIRMED,Done,2018-08-16,CANDIDATE,1.0,0,0,0,0,q1_q17_dr25_sup_koi,NO_COMMENT,2.752359689,1.738e-06,-1.738e-06,171.259808,0.000501,-0.000501,2455004.26,0.000501,-0.000501,0.0,,,,,,0.436,0.003,-0.435,2.0722,0.0211,-0.0211,,,,791.9,8.0,-8.0,0.025966,0.002345,-0.000527,2.10797,0.87768,-0.08002,LS+MCMC,2.54,0.29,-0.13,0.0375,,,87.36,,,1178.0,,,455.43,140.28,-70.49,9.45,3.9,-3.9,Claret (2011 A&A 529 75) ATLAS LS,0.0,0.0,0.2291,0.4603,q1_q17_dr25_koi,12.196134,127.52513,115.7,1,487.0,1.0,q1_q17_dr25_tce,11111111111111111000000000000000,0.215,Mandel and Agol (2002 ApJ 580 171),,,008/008015/008015907/dv/kplr008015907-20160209194854_dvr.pdf,008/008015/008015907/dv/kplr008015907-001-20160209194854_dvs.pdf,5461.0,73.0,-82.0,4.499,0.042,-0.098,0.12,0.15,-0.15,0.897,0.102,-0.047,0.926,0.048,-0.053,,,,q1_q17_dr25_stellar,286.5285,43.873402,14.034,14.565,13.965,13.806,13.73,12.808,12.459,12.403,0.457,19.1019012,1.9e-06,43.873409,2.3e-05,0.045,0.073,0.032,0.082,-5.4e-05,5.8e-05,5e-06,6.7e-05,-0.005,0.071,0.016,0.076,0.016,0.074,-0.042,0.074,-0.018,0.076,0.045,0.075,kplr008015907,Kepler-585b,15,"(37, 45)","(0.022222222222222223, 0.02702702702702703)"
3328,8017703,K00518.01,Kepler-174 b,CONFIRMED,Done,2018-08-16,CANDIDATE,1.0,0,0,0,0,q1_q17_dr25_sup_koi,CENT_KIC_POS,13.98177862,1.478e-05,-1.478e-05,181.975114,0.000839,-0.000839,2455014.975,0.000839,-0.000839,0.0,,,,,,0.444,0.398,-0.258,2.958,0.0303,-0.0303,,,,1018.4,11.9,-11.9,0.029383,0.003217,-0.000671,3.65494,1.49184,-0.12091,LS+MCMC,2.09,0.09,-0.12,0.0978,,,89.24,,,553.0,,,22.1,4.0,-3.9,33.6,13.7,-13.7,Claret (2011 A&A 529 75) ATLAS LS,0.0,0.0,0.1392,0.5856,q1_q17_dr25_koi,15.250131,86.580025,95.6,3,94.0,1.0,q1_q17_dr25_tce,11111111111111111000000000000000,0.0219,Mandel and Agol (2002 ApJ 580 171),,,008/008017/008017703/dv/kplr008017703-20160209194854_dvr.pdf,008/008017/008017703/dv/kplr008017703-001-20160209194854_dvs.pdf,4859.0,97.0,-97.0,4.615,0.049,-0.021,-0.52,0.15,-0.15,0.651,0.029,-0.036,0.636,0.046,-0.02,,,,q1_q17_dr25_stellar,287.43918,43.832088,14.287,15.001,14.237,13.981,13.837,12.791,12.293,12.184,0.188,19.1625975,3.5e-06,43.832086,4.3e-05,-0.59,0.14,-0.02,0.15,0.00015,0.00014,-0.0001,0.00016,-0.032,0.084,-0.092,0.096,0.098,0.094,-0.562,0.086,-0.368,0.094,0.672,0.086,kplr008017703,Kepler-174b,14,"(31, 37)","(0.02702702702702703, 0.03225806451612903)"
3333,8056665,K00089.02,Kepler-462 c,CONFIRMED,Done,2018-08-16,CANDIDATE,0.997,0,0,0,0,q1_q17_dr25_sup_koi,NO_COMMENT,207.5829306,0.0005737,-0.0005737,289.88311,0.00204,-0.00204,2455122.883,0.00204,-0.00204,0.0,,,,,,0.84,0.031,-0.572,7.0686,0.0866,-0.0866,,,,505.1,7.6,-7.6,0.023144,0.000456,-0.002144,0.9882,3.77212,-0.26997,LS+MCMC,4.52,0.79,-1.04,0.7584,,,89.63,,,453.0,,,9.97,4.79,-4.58,131.1,62.5,-62.5,Claret (2011 A&A 529 75) ATLAS LS,0.0,0.0,0.318,0.2734,q1_q17_dr25_koi,22.51389,45.071735,70.0,2,6.0,2.0,q1_q17_dr25_tce,11111111111111111000000000000000,0.8353,Mandel and Agol (2002 ApJ 580 171),,,008/008056/008056665/dv/kplr008056665-20160209194854_dvr.pdf,008/008056/008056665/dv/kplr008056665-002-20160209194854_dvs.pdf,6688.0,120.0,-147.0,4.062,0.174,-0.116,-0.2,0.15,-0.15,1.79,0.311,-0.415,1.353,0.096,-0.178,,,,q1_q17_dr25_stellar,299.82117,43.81427,11.642,11.74,11.609,11.649,11.677,10.983,10.876,10.851,0.024,19.9880773,8.5e-06,43.814243,6.4e-05,0.0,0.33,-0.1,0.23,-0.00019,0.00016,0.00014,0.00012,0.22,0.19,0.23,0.44,0.32,0.34,0.0,0.19,0.36,0.46,0.36,0.46,kplr008056665,Kepler-462c,15,"(37, 45)","(0.022222222222222223, 0.02702702702702703)"
3341,6850504,K00070.03,Kepler-20 d,CONFIRMED,Done,2018-08-16,CANDIDATE,0.563,0,0,0,0,q1_q17_dr25_sup_koi,NO_COMMENT,77.6114427,0.0001536,-0.0001536,164.7292,0.00168,-0.00168,2454997.729,0.00168,-0.00168,0.0,,,,,,0.094,0.323,-0.094,7.1786,0.0563,-0.0563,,,,814.5,8.4,-8.4,0.02568,0.000598,-0.000273,1.88554,0.10425,-0.44671,LS+MCMC,2.59,0.29,-0.23,0.3411,,,89.94,,,397.0,,,5.87,1.95,-1.38,84.36,4.7,-4.7,Claret (2011 A&A 529 75) ATLAS LS,0.0,0.0,0.2327,0.4526,q1_q17_dr25_koi,27.552801,75.38519,100.5,5,16.0,3.0,q1_q17_dr25_tce,11111111111111111000000000000000,0.012,Mandel and Agol (2002 ApJ 580 171),,,006/006850/006850504/dv/kplr006850504-20160209194854_dvr.pdf,006/006850/006850504/dv/kplr006850504-003-20160209194854_dvs.pdf,5465.0,109.0,-109.0,4.449,0.085,-0.085,0.02,0.15,-0.15,0.925,0.101,-0.083,0.876,0.06,-0.044,,,,q1_q17_dr25_stellar,287.698,42.338718,12.498,12.997,12.423,12.284,12.209,11.252,10.91,10.871,0.047,19.1798648,2.5e-06,42.338615,2.8e-05,-0.1,0.099,-0.38,0.1,4.3e-05,8.6e-05,0.000102,9e-05,0.15,0.13,-0.06,0.14,0.16,0.14,0.13,0.14,-0.35,0.21,0.37,0.19,kplr006850504,Kepler-20d,15,"(37, 45)","(0.022222222222222223, 0.02702702702702703)"
3342,6508221,K00416.01,Kepler-152 b,CONFIRMED,Done,2018-08-16,CANDIDATE,1.0,0,0,0,0,q1_q17_dr25_sup_koi,NO_COMMENT,18.20795835,1.348e-05,-1.348e-05,185.84306,0.000596,-0.000596,2455018.843,0.000596,-0.000596,0.0,,,,,,0.64,0.003,-0.463,3.7965,0.0349,-0.0349,,,,1596.9,10.9,-10.9,0.038279,0.002402,-0.002099,1.53369,1.46041,-0.01497,LS+MCMC,3.08,0.23,-0.12,0.1265,,,88.77,,,551.0,,,21.86,5.36,-3.33,30.0,14.3,-14.3,Claret (2011 A&A 529 75) ATLAS LS,0.0,0.0,0.2075,0.49,q1_q17_dr25_koi,24.504442,148.23543,157.3,4,74.0,1.0,q1_q17_dr25_tce,11111111111111111000000000000000,0.9019,Mandel and Agol (2002 ApJ 580 171),,,006/006508/006508221/dv/kplr006508221-20160209194854_dvr.pdf,006/006508/006508221/dv/kplr006508221-001-20160209194854_dvs.pdf,5176.0,102.0,-102.0,4.612,0.016,-0.06,-0.18,0.15,-0.15,0.738,0.054,-0.031,0.826,0.035,-0.069,,,,q1_q17_dr25_stellar,286.86548,41.989079,14.29,14.922,14.223,14.019,13.908,12.853,12.488,12.301,0.0,19.1243625,2.2e-06,41.989008,2.4e-05,-0.114,0.087,-0.259,0.085,0.00062,0.00015,6e-05,0.00015,0.014,0.088,-0.05,0.088,0.052,0.088,-0.153,0.089,-0.334,0.089,0.367,0.09,kplr006508221,Kepler-152b,13,"(26, 31)","(0.03225806451612903, 0.038461538461538464)"
3344,10155434,K00473.01,Kepler-1720 b,CONFIRMED,Done,2018-08-16,CANDIDATE,1.0,0,0,0,0,q1_q17_dr25_sup_koi,NO_COMMENT,12.70636123,1.923e-05,-1.923e-05,180.63164,0.0011,-0.0011,2455013.632,0.0011,-0.0011,0.0,,,,,,0.793,0.059,-0.545,2.395,0.0406,-0.0406,,,,871.7,18.6,-18.6,0.029987,0.002284,-0.003085,2.21624,5.91721,-1.27232,LS+MCMC,2.75,0.66,-0.22,0.1043,,,88.29,,,697.0,,,55.86,39.53,-13.95,26.6,11.9,-11.9,Claret (2011 A&A 529 75) ATLAS LS,0.0,0.0,0.2327,0.4526,q1_q17_dr25_koi,6.333463,38.16564,54.0,1,85.0,1.0,q1_q17_dr25_tce,11111101110111011000000000000000,0.6397,Mandel and Agol (2002 ApJ 580 171),,,010/010155/010155434/dv/kplr010155434-20160209194854_dvr.pdf,010/010155/010155434/dv/kplr010155434-001-20160209194854_dvs.pdf,5573.0,149.0,-166.0,4.562,0.03,-0.17,-0.04,0.3,-0.3,0.839,0.201,-0.067,0.939,0.081,-0.112,,,,q1_q17_dr25_stellar,296.80865,47.17194,14.673,15.233,14.605,14.433,14.335,13.358,12.982,12.891,0.01,19.7872521,8.6e-06,47.171908,8.1e-05,0.32,0.31,-0.12,0.29,-0.00061,0.00029,7e-05,0.00031,0.046,0.096,0.01,0.1,0.047,0.096,0.104,0.096,-0.18,0.12,0.21,0.12,kplr010155434,Kepler-1720b,14,"(31, 37)","(0.02702702702702703, 0.03225806451612903)"
3345,10460984,K00474.01,Kepler-164 c,CONFIRMED,Done,2018-08-16,CANDIDATE,1.0,0,0,0,0,q1_q17_dr25_sup_koi,NO_COMMENT,10.94577783,2.017e-05,-2.017e-05,176.71834,0.00144,-0.00144,2455009.718,0.00144,-0.00144,0.0,,,,,,0.819,0.029,-0.571,3.0937,0.0445,-0.0445,,,,532.8,11.1,-11.1,0.023673,0.000228,-0.002299,0.72413,2.37473,-0.07864,LS+MCMC,2.84,0.46,-0.38,0.0954,,,87.17,,,881.0,,,142.23,64.44,-43.58,16.61,7.8,-7.8,Claret (2011 A&A 529 75) ATLAS LS,0.0,0.0,0.2889,0.3511,q1_q17_dr25_koi,6.79756,44.60486,52.5,4,122.0,1.0,q1_q17_dr25_tce,11111111111111111000000000000000,0.5543,Mandel and Agol (2002 ApJ 580 171),,,010/010460/010460984/dv/kplr010460984-20160209194854_dvr.pdf,010/010460/010460984/dv/kplr010460984-001-20160209194854_dvs.pdf,5888.0,106.0,-117.0,4.342,0.115,-0.115,-0.1,0.15,-0.15,1.097,0.179,-0.146,0.966,0.075,-0.068,,,,q1_q17_dr25_stellar,287.78085,47.62991,14.282,14.634,14.224,14.131,14.088,13.254,13.008,12.935,0.008,19.1853696,6.9e-06,47.6299,6.6e-05,-0.72,0.25,-0.03,0.24,0.00032,0.00013,-8e-05,0.00013,0.01,0.11,-0.09,0.16,0.09,0.16,-0.13,0.11,-0.25,0.17,0.28,0.16,kplr010460984,Kepler-164c,15,"(37, 45)","(0.022222222222222223, 0.02702702702702703)"
3351,2571238,K00084.01,Kepler-19 b,CONFIRMED,Done,2018-08-16,CANDIDATE,1.0,0,0,0,0,q1_q17_dr25_sup_koi,CENT_KIC_POS,9.286964466,3.831e-06,-3.831e-06,135.9945,0.00034,-0.00034,2454968.995,0.00034,-0.00034,0.0,,,,,,0.004,0.34,-0.004,3.3649,0.0145,-0.0145,,,,691.7,3.2,-3.2,0.023784,0.000354,-0.000106,2.20846,0.0563,-0.37694,LS+MCMC,2.1,0.26,-0.1,0.0835,,,89.99,,,762.0,,,79.68,28.1,-13.27,21.594,0.55,-0.55,Claret (2011 A&A 529 75) ATLAS LS,0.0,0.0,0.2396,0.4415,q1_q17_dr25_koi,25.726345,223.70905,251.9,1,144.0,1.0,q1_q17_dr25_tce,11111111111111111000000000000000,0.5749,Mandel and Agol (2002 ApJ 580 171),,,002/002571/002571238/dv/kplr002571238-20160209194854_dvr.pdf,002/002571/002571238/dv/kplr002571238-001-20160209194854_dvs.pdf,5546.0,100.0,-111.0,4.575,0.018,-0.102,-0.14,0.15,-0.15,0.81,0.099,-0.04,0.907,0.038,-0.076,,,,q1_q17_dr25_stellar,290.42081,37.851799,11.898,12.376,11.851,11.694,11.612,10.719,10.375,10.318,0.665,19.3613955,1.2e-06,37.851719,1.9e-05,0.319,0.053,-0.291,0.07,1.6e-05,3.7e-05,-1.7e-05,4.9e-05,-0.05,0.14,0.05,0.14,0.07,0.15,0.24,0.13,-0.26,0.14,0.35,0.14,kplr002571238,Kepler-19b,15,"(37, 45)","(0.022222222222222223, 0.02702702702702703)"
3353,8037145,K00520.01,Kepler-176 c,CONFIRMED,Done,2018-08-16,CANDIDATE,1.0,0,0,0,0,q1_q17_dr25_sup_koi,NO_COMMENT,12.75934489,1.877e-05,-1.877e-05,170.32152,0.00119,-0.00119,2455003.322,0.00119,-0.00119,0.0,,,,,,0.657,0.177,-0.445,3.5889,0.0431,-0.0431,,,,882.1,13.3,-13.3,0.028553,0.000117,-0.002015,1.15662,1.20712,-0.00981,LS+MCMC,2.58,0.1,-0.19,0.0988,,,88.25,,,633.0,,,37.95,5.74,-7.22,21.51,7.5,-7.5,Claret (2011 A&A 529 75) ATLAS LS,0.0,0.0,0.1451,0.582,q1_q17_dr25_koi,8.056295,50.40442,70.4,4,102.0,1.0,q1_q17_dr25_tce,11111111111111111000000000000000,0.2304,Mandel and Agol (2002 ApJ 580 171),,,008/008037/008037145/dv/kplr008037145-20160209194854_dvr.pdf,008/008037/008037145/dv/kplr008037145-001-20160209194854_dvs.pdf,4963.0,81.0,-74.0,4.501,0.072,-0.022,0.16,0.15,-0.15,0.826,0.032,-0.06,0.789,0.055,-0.029,,,,q1_q17_dr25_stellar,294.66797,43.85326,14.55,15.237,14.472,14.255,14.105,13.097,12.686,12.567,0.39,19.6445201,5.8e-06,43.853186,6.7e-05,-0.41,0.23,-0.27,0.24,0.00011,0.00019,0.00013,0.00021,0.04,0.1,-0.04,0.15,0.06,0.13,-0.02,0.15,-0.16,0.2,0.16,0.21,kplr008037145,Kepler-176c,14,"(31, 37)","(0.02702702702702703, 0.03225806451612903)"
3356,8193178,K00572.01,Kepler-187 c,CONFIRMED,Done,2018-08-16,CANDIDATE,1.0,0,0,0,0,q1_q17_dr25_sup_koi,NO_COMMENT,10.64021008,2.695e-05,-2.695e-05,179.77776,0.00182,-0.00182,2455012.778,0.00182,-0.00182,0.0,,,,,,0.77,0.107,-0.54,5.4381,0.0662,-0.0662,,,,455.3,8.4,-8.4,0.02134,0.001221,-0.001573,0.17016,0.37299,-0.09388,LS+MCMC,2.87,0.52,-0.42,0.0966,,,85.61,,,963.0,,,203.48,102.33,-67.67,10.06,4.4,-4.4,Claret (2011 A&A 529 75) ATLAS LS,0.0,0.0,0.2889,0.3511,q1_q17_dr25_koi,7.285093,46.60217,58.6,2,126.0,1.0,q1_q17_dr25_tce,11111111111111111000000000000000,0.3286,Mandel and Agol (2002 ApJ 580 171),,,008/008193/008193178/dv/kplr008193178-20160209194854_dvr.pdf,008/008193/008193178/dv/kplr008193178-001-20160209194854_dvs.pdf,6112.0,122.0,-134.0,4.281,0.125,-0.125,-0.06,0.15,-0.15,1.233,0.22,-0.18,1.057,0.096,-0.072,,,,q1_q17_dr25_stellar,299.79645,44.08931,14.173,14.669,14.129,13.96,13.853,12.956,12.615,12.566,0.0,19.9864499,6.2e-06,44.089356,6.7e-05,0.77,0.24,0.17,0.24,0.00015,0.00011,0.0004,0.00011,0.08,0.11,-0.03,0.17,0.08,0.13,0.23,0.12,-0.11,0.17,0.26,0.13,kplr008193178,Kepler-187c,16,"(45, 54)","(0.018518518518518517, 0.022222222222222223)"
3358,8344004,K00573.01,Kepler-188 c,CONFIRMED,Done,2018-08-16,CANDIDATE,1.0,0,0,0,0,q1_q17_dr25_sup_koi,NO_COMMENT,5.996533443,8.385e-06,-8.385e-06,172.50558,0.00117,-0.00117,2455005.506,0.00117,-0.00117,0.0,,,,,,0.51,0.035,-0.439,3.3129,0.0453,-0.0453,,,,711.4,10.7,-10.7,0.024912,0.002918,-0.000702,0.98292,0.47517,-0.19912,LS+MCMC,2.96,0.44,-0.35,0.0638,,,87.63,,,1025.0,,,260.49,101.07,-69.49,12.32,6.0,-6.0,Claret (2011 A&A 529 75) ATLAS LS,0.0,0.0,0.2291,0.4603,q1_q17_dr25_koi,7.0175457,58.03445,70.5,2,225.0,1.0,q1_q17_dr25_tce,11111111111111111000000000000000,0.8407,Mandel and Agol (2002 ApJ 580 171),,,008/008344/008344004/dv/kplr008344004-20160209194854_dvr.pdf,008/008344/008344004/dv/kplr008344004-001-20160209194854_dvs.pdf,5622.0,76.0,-84.0,4.346,0.126,-0.103,0.14,0.15,-0.15,1.089,0.16,-0.128,0.958,0.068,-0.05,,,,q1_q17_dr25_stellar,281.27972,44.315529,14.674,15.135,14.625,14.476,14.464,13.536,13.197,13.144,0.001,18.751977,5.8e-06,44.315607,5.8e-05,-0.17,0.22,0.28,0.21,-8e-05,0.00016,-0.00028,0.00015,-0.038,0.099,-0.13,0.12,0.13,0.12,0.017,0.097,-0.27,0.12,0.27,0.12,kplr008344004,Kepler-188c,15,"(37, 45)","(0.022222222222222223, 0.02702702702702703)"
3360,8355239,K00574.01,Kepler-189 c,CONFIRMED,Done,2018-08-16,CANDIDATE,1.0,0,0,0,0,q1_q17_dr25_sup_koi,NO_COMMENT,20.13490007,3.548e-05,-3.548e-05,171.36734,0.00138,-0.00138,2455004.367,0.00138,-0.00138,0.0,,,,,,0.798,0.067,-0.559,3.7962,0.0522,-0.0522,,,,1035.2,17.7,-17.7,0.032994,1.9e-05,-0.003799,0.87716,2.30188,-0.00729,LS+MCMC,2.98,0.11,-0.22,0.1339,,,88.28,,,544.0,,,20.66,3.09,-3.99,26.6,11.6,-11.6,Claret (2011 A&A 529 75) ATLAS LS,0.0,0.0,0.1451,0.582,q1_q17_dr25_koi,9.466482,53.613182,64.7,2,69.0,1.0,q1_q17_dr25_tce,11111111111111111000000000000000,0.1758,Mandel and Agol (2002 ApJ 580 171),,,008/008355/008355239/dv/kplr008355239-20160209194854_dvr.pdf,008/008355/008355239/dv/kplr008355239-001-20160209194854_dvs.pdf,4963.0,79.0,-79.0,4.501,0.075,-0.025,0.16,0.15,-0.15,0.826,0.032,-0.06,0.789,0.05,-0.029,,,,q1_q17_dr25_stellar,287.56473,44.305,14.859,15.515,14.79,14.579,14.462,13.408,12.941,12.921,0.664,19.1709801,5.6e-06,44.305038,6.1e-05,-0.07,0.22,0.14,0.22,-4e-05,0.00023,0.0001,0.00024,-0.039,0.09,-0.11,0.11,0.12,0.12,-0.266,0.093,0.051,0.088,0.271,0.093,kplr008355239,Kepler-189c,13,"(26, 31)","(0.03225806451612903, 0.038461538461538464)"
3362,6508221,K00416.02,Kepler-152 c,CONFIRMED,Done,2018-08-16,CANDIDATE,0.766,0,0,0,0,q1_q17_dr25_sup_koi,CENT_KIC_POS,88.2553729,0.0002107,-0.0002107,153.77974,0.00188,-0.00188,2454986.78,0.00188,-0.00188,0.0,,,,,,0.886,0.008,-0.627,4.539,0.134,-0.134,,,,1132.2,22.4,-22.4,0.036768,0.002149,-0.006077,1.24217,8.14699,-0.52825,LS+MCMC,2.96,0.22,-0.12,0.3623,,,89.37,,,326.0,,,2.67,0.65,-0.41,80.0,37.5,-37.5,Claret (2011 A&A 529 75) ATLAS LS,0.0,0.0,0.2075,0.49,q1_q17_dr25_koi,17.162312,52.26374,54.2,4,16.0,2.0,q1_q17_dr25_tce,11111111111111111000000000000000,0.5571,Mandel and Agol (2002 ApJ 580 171),,,006/006508/006508221/dv/kplr006508221-20160209194854_dvr.pdf,006/006508/006508221/dv/kplr006508221-002-20160209194854_dvs.pdf,5176.0,102.0,-102.0,4.612,0.016,-0.06,-0.18,0.15,-0.15,0.738,0.054,-0.031,0.826,0.035,-0.069,,,,q1_q17_dr25_stellar,286.86548,41.989079,14.29,14.922,14.223,14.019,13.908,12.853,12.488,12.301,0.154,19.1243648,6.4e-06,41.988976,7.1e-05,-0.02,0.26,-0.37,0.26,0.00033,0.00029,0.00017,0.0003,-0.02,0.12,-0.03,0.11,0.03,0.13,-0.19,0.11,-0.31,0.11,0.37,0.12,kplr006508221,Kepler-152c,13,"(26, 31)","(0.03225806451612903, 0.038461538461538464)"
3366,8352537,K00420.01,Kepler-547 b,CONFIRMED,Done,2018-08-16,CANDIDATE,1.0,0,0,0,0,q1_q17_dr25_sup_koi,NO_COMMENT,6.010383339,1.664e-06,-1.664e-06,174.084883,0.000221,-0.000221,2455007.085,0.000221,-0.000221,0.0,,,,,,0.436,0.091,-0.334,2.1939,0.0198,-0.0198,,,,2652.1,11.1,-11.1,0.047131,0.002647,-0.001066,4.148,1.47872,-0.35642,LS+MCMC,3.8,0.29,-0.38,0.058,,,88.75,,,768.0,,,82.31,23.61,-23.3,19.93,7.1,-7.1,Claret (2011 A&A 529 75) ATLAS LS,0.0,0.0,0.1611,0.5575,q1_q17_dr25_koi,28.537624,274.07208,276.1,1,225.0,1.0,q1_q17_dr25_tce,11111111111111111000000000000000,0.4745,Mandel and Agol (2002 ApJ 580 171),,,008/008352/008352537/dv/kplr008352537-20160209194854_dvr.pdf,008/008352/008352537/dv/kplr008352537-001-20160209194854_dvs.pdf,4882.0,131.0,-146.0,4.558,0.066,-0.039,-0.12,0.3,-0.3,0.738,0.056,-0.074,0.718,0.081,-0.054,,,,q1_q17_dr25_stellar,286.11868,44.34528,14.247,15.032,14.166,13.91,13.717,12.588,12.107,11.998,0.0,19.0745671,1.2e-06,44.345306,1.3e-05,-0.42,0.045,0.094,0.047,-0.00044,0.00014,0.00031,0.00016,0.011,0.073,-0.023,0.071,0.026,0.072,-0.148,0.073,-0.224,0.07,0.269,0.07,kplr008352537,Kepler-547b,11,"(18, 22)","(0.045454545454545456, 0.05555555555555555)"
3382,4644604,K00628.01,Kepler-626 b,CONFIRMED,Done,2018-08-16,CANDIDATE,1.0,0,0,0,0,q1_q17_dr25_sup_koi,NO_COMMENT,14.48584765,2.48e-05,-2.48e-05,175.00624,0.00135,-0.00135,2455008.006,0.00135,-0.00135,0.0,,,,,,0.93,0.019,-0.65,3.1365,0.0929,-0.0929,,,,457.1,10.0,-10.0,0.024271,0.000185,-0.004016,0.31418,4.4664,-0.13413,LS+MCMC,2.88,0.45,-0.37,0.115,,,86.48,,,784.0,,,89.16,38.95,-26.66,15.16,7.4,-7.4,Claret (2011 A&A 529 75) ATLAS LS,0.0,0.0,0.2622,0.4035,q1_q17_dr25_koi,8.208,43.133007,52.2,1,95.0,1.0,q1_q17_dr25_tce,11111111111111111000000000000000,0.9145,Mandel and Agol (2002 ApJ 580 171),,,004/004644/004644604/dv/kplr004644604-20160209194854_dvr.pdf,004/004644/004644604/dv/kplr004644604-001-20160209194854_dvs.pdf,5784.0,104.0,-116.0,4.352,0.115,-0.115,0.0,0.15,-0.15,1.085,0.17,-0.139,0.966,0.08,-0.058,,,,q1_q17_dr25_stellar,288.69864,39.70829,13.946,14.416,13.929,13.744,13.664,12.781,12.438,12.388,0.013,19.2465817,6.6e-06,39.708316,6.6e-05,0.24,0.28,0.09,0.24,-0.00013,0.00013,-0.00015,0.00011,0.17,0.13,-0.11,0.15,0.21,0.14,0.22,0.14,-0.34,0.15,0.4,0.15,kplr004644604,Kepler-626b,15,"(37, 45)","(0.022222222222222223, 0.02702702702702703)"
3386,4742414,K00631.01,Kepler-628 b,CONFIRMED,Done,2018-08-16,FALSE POSITIVE,0.999,0,1,0,0,q1_q17_dr25_sup_koi,NO_COMMENT,15.458056682,3.094e-06,-3.094e-06,173.782454,0.000158,-0.000158,2455006.782,0.000158,-0.000158,0.0,,,,,,0.05,0.035,-0.05,8.79536,0.00595,-0.00595,,,,4253.2,4.6,-4.6,0.059289,5.8e-05,-4.5e-05,0.22765,0.00138,-0.00235,LS+MCMC,9.11,1.51,-1.84,0.1241,,,89.8,,,871.0,,,136.4,62.54,-56.23,14.2202,0.0862,-0.0862,Claret (2011 A&A 529 75) ATLAS LS,0.0,0.0,0.2638,0.4046,q1_q17_dr25_koi,99.72122,777.0994,1055.9,1,88.0,1.0,q1_q17_dr25_tce,11111111111111111000000000000000,0.6614,Mandel and Agol (2002 ApJ 580 171),,,004/004742/004742414/dv/kplr004742414-20160209194854_dvr.pdf,004/004742/004742414/dv/kplr004742414-001-20160209194854_dvs.pdf,5868.0,105.0,-117.0,4.169,0.176,-0.108,0.1,0.15,-0.15,1.407,0.233,-0.284,1.066,0.1,-0.09,,,,q1_q17_dr25_stellar,290.44928,39.854801,13.398,13.711,13.339,13.264,,11.979,11.662,11.599,0.231,19.36328447,2.6e-07,39.854823,3.1e-06,-0.005,0.011,0.076,0.011,8e-06,8.3e-05,4e-05,0.0001,0.006,0.072,0.001,0.081,0.006,0.076,0.004,0.074,0.103,0.083,0.103,0.083,kplr004742414,Kepler-628b,10,"(15, 18)","(0.05555555555555555, 0.06666666666666667)"
3390,7764367,K00685.01,Kepler-644 b,CONFIRMED,Done,2018-08-16,CANDIDATE,1.0,0,0,0,0,q1_q17_dr25_sup_koi,NO_COMMENT,3.173914037,4.401e-06,-4.401e-06,170.92525,0.0011,-0.0011,2455003.925,0.0011,-0.0011,0.0,,,,,,0.819,0.065,-0.599,3.6069,0.0351,-0.0351,,,,303.0,4.6,-4.6,0.017772,6.6e-05,-0.001585,0.13513,0.42684,-0.05932,LS+MCMC,3.07,1.03,-0.76,0.0466,,,78.65,,,1655.0,,,1769.83,1734.1,-915.0,4.16,1.9,-1.9,Claret (2011 A&A 529 75) ATLAS LS,0.0,0.0,0.3168,0.2958,q1_q17_dr25_koi,5.6787224,54.85849,76.1,1,422.0,1.0,q1_q17_dr25_tce,11111111111111111000000000000000,0.2423,Mandel and Agol (2002 ApJ 580 171),,,007/007764/007764367/dv/kplr007764367-20160209194854_dvr.pdf,007/007764/007764367/dv/kplr007764367-001-20160209194854_dvs.pdf,6432.0,177.0,-243.0,4.164,0.18,-0.198,0.14,0.2,-0.3,1.584,0.527,-0.395,1.337,0.189,-0.23,,,,q1_q17_dr25_stellar,295.47574,43.493141,13.949,14.367,13.919,13.77,13.766,12.921,12.725,12.574,0.0,19.6983805,4.6e-06,43.493009,6.3e-05,-0.11,0.18,-0.47,0.23,-2.9e-05,5e-05,-0.000181,6.4e-05,0.09,0.12,0.14,0.11,0.16,0.13,-0.02,0.13,0.08,0.11,0.08,0.1,kplr007764367,Kepler-644b,17,"(54, 65)","(0.015384615384615385, 0.018518518518518517)"
3396,6678383,K00111.03,Kepler-104 d,CONFIRMED,Done,2018-08-16,CANDIDATE,0.978,0,0,0,0,q1_q17_dr25_sup_koi,CENT_KIC_POS,51.75530504,8.535e-05,-8.535e-05,271.08808,0.00125,-0.00125,2455104.088,0.00125,-0.00125,0.0,,,,,,0.638,0.18,-0.412,7.4355,0.0579,-0.0579,,,,609.2,5.6,-5.6,0.023742,0.001263,-0.000966,0.5448,0.4809,-0.32108,LS+MCMC,2.61,0.35,-0.3,0.2638,,,89.14,,,515.0,,,16.6,6.47,-4.54,42.6,18.8,-18.8,Claret (2011 A&A 529 75) ATLAS LS,0.0,0.0,0.2965,0.3342,q1_q17_dr25_koi,27.934227,99.92415,116.9,4,25.0,2.0,q1_q17_dr25_tce,11111111111111111000000000000000,0.9501,Mandel and Agol (2002 ApJ 580 171),,,006/006678/006678383/dv/kplr006678383-20160209194854_dvr.pdf,006/006678/006678383/dv/kplr006678383-002-20160209194854_dvs.pdf,5979.0,108.0,-120.0,4.394,0.11,-0.11,-0.34,0.15,-0.15,1.005,0.138,-0.113,0.913,0.058,-0.058,,,,q1_q17_dr25_stellar,287.60461,42.166779,12.596,12.956,12.557,12.442,12.397,11.558,11.251,11.209,0.049,19.1736413,2.7e-06,42.166604,3.3e-05,0.0,0.11,-0.63,0.12,-8.6e-05,6.6e-05,6.9e-05,7.2e-05,-0.04,0.11,-0.11,0.12,0.12,0.13,-0.04,0.11,-0.8,0.13,0.81,0.13,kplr006678383,Kepler-104d,15,"(37, 45)","(0.022222222222222223, 0.02702702702702703)"
3406,8161561,K00688.01,Kepler-645 b,CONFIRMED,Done,2018-08-16,CANDIDATE,1.0,0,0,0,0,q1_q17_dr25_sup_koi,NO_COMMENT,3.275821982,4.743e-06,-4.743e-06,170.25357,0.00111,-0.00111,2455003.254,0.00111,-0.00111,0.0,,,,,,0.746,0.102,-0.517,3.0427,0.0375,-0.0375,,,,274.9,4.9,-4.9,0.016437,0.00089,-0.001152,0.33381,0.59343,-0.16171,LS+MCMC,3.54,0.69,-0.85,0.049,,,82.54,,,1730.0,,,2121.23,1071.69,-956.19,5.74,2.6,-2.6,Claret (2011 A&A 529 75) ATLAS LS,0.0,0.0,0.307,0.3325,q1_q17_dr25_koi,5.7668467,51.77585,64.4,1,409.0,1.0,q1_q17_dr25_tce,11111111111111111000000000000000,0.0684,Mandel and Agol (2002 ApJ 580 171),,,008/008161/008161561/dv/kplr008161561-20160209194854_dvr.pdf,008/008161/008161561/dv/kplr008161561-001-20160209194854_dvs.pdf,6185.0,80.0,-80.0,4.013,0.18,-0.12,0.36,0.1,-0.15,1.972,0.386,-0.472,1.46,0.137,-0.164,,,,q1_q17_dr25_stellar,290.32278,44.035809,13.992,14.327,13.925,13.849,13.732,12.924,12.624,12.589,0.006,19.3548423,5.4e-06,44.035905,5.6e-05,-0.35,0.21,0.34,0.2,3.6e-05,5.6e-05,-9.3e-05,5.5e-05,-0.13,0.12,0.22,0.12,0.26,0.13,-0.18,0.12,0.27,0.12,0.32,0.14,kplr008161561,Kepler-645b,17,"(54, 65)","(0.015384615384615385, 0.018518518518518517)"
3410,11250587,K00107.01,Kepler-464 b,CONFIRMED,Done,2018-08-16,CANDIDATE,1.0,0,0,0,0,q1_q17_dr25_sup_koi,NO_COMMENT,7.256962446,5.839e-06,-5.839e-06,134.023923,0.000661,-0.000661,2454967.024,0.000661,-0.000661,0.0,,,,,,0.676,0.073,-0.481,4.9402,0.0238,-0.0238,,,,463.2,3.1,-3.1,0.020856,0.000578,-0.001185,0.23039,0.25445,-0.06392,LS+MCMC,3.53,0.21,-0.17,0.0765,,,85.51,,,1163.0,,,432.1,75.83,-61.01,8.62,3.2,-3.2,Claret (2011 A&A 529 75) ATLAS LS,0.0,0.0,0.26,0.4133,q1_q17_dr25_koi,13.525678,127.94779,168.3,1,184.0,1.0,q1_q17_dr25_tce,11111111111111111000000000000000,0.4551,Mandel and Agol (2002 ApJ 580 171),,,011/011250/011250587/dv/kplr011250587-20160209194854_dvr.pdf,011/011250/011250587/dv/kplr011250587-001-20160209194854_dvs.pdf,5858.0,70.0,-79.0,4.112,0.024,-0.02,0.22,0.15,-0.15,1.549,0.091,-0.074,1.133,0.121,-0.071,,,,q1_q17_dr25_stellar,294.83517,48.982361,12.702,13.102,12.656,12.53,12.51,11.652,11.363,11.338,0.409,19.6556789,2e-06,48.982357,2.1e-05,0.033,0.07,-0.011,0.075,2.2e-05,3.3e-05,-2.1e-05,3.5e-05,-0.007,0.085,-0.08,0.12,0.08,0.12,-0.027,0.088,-0.14,0.12,0.14,0.12,kplr011250587,Kepler-464b,16,"(45, 54)","(0.018518518518518517, 0.022222222222222223)"
3411,8480285,K00691.01,Kepler-647 c,CONFIRMED,Done,2018-08-16,CANDIDATE,1.0,0,0,0,0,q1_q17_dr25_sup_koi,NO_COMMENT,29.66631669,5.989e-05,-5.989e-05,189.36948,0.00158,-0.00158,2455022.369,0.00158,-0.00158,0.0,,,,,,0.019,0.311,-0.019,8.412,0.052,-0.052,,,,668.0,7.6,-7.6,0.023633,0.000334,-0.000189,0.45094,0.01171,-0.07337,LS+MCMC,2.83,0.41,-0.4,0.1827,,,89.96,,,644.0,,,40.68,16.48,-13.18,27.58,0.716,-0.716,Claret (2011 A&A 529 75) ATLAS LS,0.0,0.0,0.2965,0.3342,q1_q17_dr25_koi,14.406771,76.07048,95.3,2,46.0,1.0,q1_q17_dr25_tce,11111111111111111000000000000000,0.7801,Mandel and Agol (2002 ApJ 580 171),,,008/008480/008480285/dv/kplr008480285-20160209194854_dvr.pdf,008/008480/008480285/dv/kplr008480285-001-20160209194854_dvs.pdf,5956.0,107.0,-119.0,4.322,0.137,-0.112,-0.28,0.15,-0.15,1.098,0.158,-0.158,0.922,0.073,-0.059,,,,q1_q17_dr25_stellar,284.7883,44.591679,13.965,14.342,13.927,13.803,13.781,12.898,12.585,12.611,0.007,18.9858853,4.2e-06,44.59162,3.5e-05,-0.03,0.16,-0.22,0.13,0.00022,0.00011,8.6e-05,8.6e-05,0.03,0.15,0.05,0.14,0.06,0.15,0.13,0.15,0.04,0.13,0.13,0.15,kplr008480285,Kepler-647c,15,"(37, 45)","(0.022222222222222223, 0.02702702702702703)"
3413,10265898,K00732.01,Kepler-656 b,CONFIRMED,Done,2018-08-16,CANDIDATE,1.0,0,0,0,0,q1_q17_dr25_sup_koi,NO_COMMENT,1.260258822,6.75e-07,-6.75e-07,170.408984,0.000422,-0.000422,2455003.409,0.000422,-0.000422,0.0,,,,,,0.791,0.002,-0.54,1.8594,0.0181,-0.0181,,,,1130.7,10.1,-10.1,0.034238,8.6e-05,-0.003359,0.53778,1.23925,-0.02173,LS+MCMC,3.57,0.94,-0.3,0.0232,,,77.17,,,1569.0,,,1435.82,1145.82,-379.55,3.56,1.6,-1.6,Claret (2011 A&A 529 75) ATLAS LS,0.0,0.0,0.2111,0.4955,q1_q17_dr25_koi,4.0509796,18.479853,128.2,3,1056.0,1.0,q1_q17_dr25_tce,11111111111111111000000000000000,0.9894,Mandel and Agol (2002 ApJ 580 171),,,010/010265/010265898/dv/kplr010265898-20160209194854_dvr.pdf,010/010265/010265898/dv/kplr010265898-001-20160209194854_dvs.pdf,5550.0,166.0,-183.0,4.5,0.046,-0.184,0.46,0.05,-0.3,0.954,0.252,-0.079,1.05,0.075,-0.113,,,,q1_q17_dr25_stellar,288.32791,47.381592,15.342,15.969,15.255,15.073,14.978,14.054,13.616,13.503,0.385,19.2218671,8.3e-06,47.381576,8.1e-05,0.26,0.3,-0.05,0.29,-0.00014,0.00015,-5e-05,0.00015,0.028,0.083,-0.008,0.096,0.029,0.085,-0.041,0.084,-0.158,0.099,0.163,0.098,kplr010265898,Kepler-656b,13,"(26, 31)","(0.03225806451612903, 0.038461538461538464)"
3417,10271806,K00733.01,Kepler-224 c,CONFIRMED,Done,2018-08-16,CANDIDATE,1.0,0,0,0,0,q1_q17_dr25_sup_koi,NO_COMMENT,5.924993927,7.626e-06,-7.626e-06,169.71629,0.00101,-0.00101,2455002.716,0.00101,-0.00101,0.0,,,,,,0.848,0.064,-0.583,2.8874,0.0794,-0.0794,,,,1608.1,25.3,-25.3,0.042444,0.003876,-0.00562,0.46869,1.95406,-0.24789,LS+MCMC,3.15,0.21,-0.14,0.0579,,,84.9,,,758.0,,,77.91,18.22,-12.03,9.55,4.4,-4.4,Claret (2011 A&A 529 75) ATLAS LS,0.0,0.0,0.1731,0.5396,q1_q17_dr25_koi,8.693512,58.546432,68.5,4,226.0,1.0,q1_q17_dr25_tce,11111111111111111000000000000000,0.8945,Mandel and Agol (2002 ApJ 580 171),,,010/010271/010271806/dv/kplr010271806-20160209194854_dvr.pdf,010/010271/010271806/dv/kplr010271806-001-20160209194854_dvs.pdf,5016.0,100.0,-100.0,4.641,0.018,-0.053,-0.34,0.15,-0.15,0.679,0.046,-0.029,0.743,0.034,-0.052,,,,q1_q17_dr25_stellar,290.9343,47.357601,15.644,16.316,15.595,15.355,15.233,14.212,13.722,13.703,0.515,19.3956192,5.5e-06,47.357633,5.3e-05,0.02,0.2,0.12,0.19,-4e-05,0.00033,-0.00018,0.00033,0.032,0.096,-0.041,0.091,0.052,0.093,0.03,0.1,0.025,0.095,0.04,0.11,kplr010271806,Kepler-224c,12,"(22, 26)","(0.038461538461538464, 0.045454545454545456)"
3420,5113822,K00638.01,Kepler-199 b,CONFIRMED,Done,2018-08-16,CANDIDATE,1.0,0,0,0,0,q1_q17_dr25_sup_koi,NO_COMMENT,23.6421965,3.16e-05,-3.16e-05,172.58844,0.00107,-0.00107,2455005.588,0.00107,-0.00107,0.0,,,,,,0.022,0.361,-0.022,5.018,0.0408,-0.0408,,,,1102.2,12.7,-12.7,0.03015,0.000606,-0.000241,1.7247,0.00784,-0.51553,LS+MCMC,2.9,0.4,-0.14,0.1602,,,89.97,,,595.0,,,29.65,11.49,-5.07,37.075,0.169,-0.169,Claret (2011 A&A 529 75) ATLAS LS,0.0,0.0,0.2622,0.4035,q1_q17_dr25_koi,16.522507,60.679752,97.2,2,46.0,1.0,q1_q17_dr25_tce,11111011101110111000000000000000,0.9275,Mandel and Agol (2002 ApJ 580 171),,,005/005113/005113822/dv/kplr005113822-20160209194854_dvr.pdf,005/005113/005113822/dv/kplr005113822-001-20160209194854_dvs.pdf,5750.0,102.0,-125.0,4.538,0.026,-0.11,-0.04,0.15,-0.15,0.882,0.121,-0.043,0.98,0.046,-0.081,,,,q1_q17_dr25_stellar,295.55942,40.236271,13.595,14.066,13.55,13.394,13.333,12.449,12.101,12.083,0.0,19.7039577,3e-06,40.236362,2.8e-05,-0.15,0.12,0.333,0.099,-0.00024,0.00014,0.00075,0.00012,0.04,0.13,0.02,0.15,0.04,0.13,-0.01,0.12,0.0,0.15,0.01,0.12,kplr005113822,Kepler-199b,14,"(31, 37)","(0.02702702702702703, 0.03225806451612903)"
3421,5113822,K00638.02,Kepler-199 c,CONFIRMED,Done,2018-08-16,CANDIDATE,0.954,0,0,0,0,q1_q17_dr25_sup_koi,NO_COMMENT,67.0930642,0.0001785,-0.0001785,146.57047,0.00209,-0.00209,2454979.57,0.00209,-0.00209,0.0,,,,,,0.822,0.044,-0.568,7.334,0.134,-0.134,,,,1254.2,18.1,-18.1,0.036415,0.001556,-0.003655,0.36079,1.17432,-0.0017,LS+MCMC,3.51,0.48,-0.17,0.3211,,,88.93,,,420.0,,,7.38,2.86,-1.26,44.1,20.5,-20.5,Claret (2011 A&A 529 75) ATLAS LS,0.0,0.0,0.2622,0.4035,q1_q17_dr25_koi,18.457403,53.49991,73.7,2,15.0,2.0,q1_q17_dr25_tce,11111011101110111000000000000000,0.031,Mandel and Agol (2002 ApJ 580 171),,,005/005113/005113822/dv/kplr005113822-20160209194854_dvr.pdf,005/005113/005113822/dv/kplr005113822-002-20160209194854_dvs.pdf,5750.0,102.0,-125.0,4.538,0.026,-0.11,-0.04,0.15,-0.15,0.882,0.121,-0.043,0.98,0.046,-0.081,,,,q1_q17_dr25_stellar,295.55942,40.236271,13.595,14.066,13.55,13.394,13.333,12.449,12.101,12.083,0.0,19.7039621,4.2e-06,40.236453,3.5e-05,0.03,0.17,0.66,0.13,-0.00051,0.00023,0.00048,0.00019,0.17,0.11,0.02,0.19,0.18,0.12,0.13,0.11,-0.02,0.16,0.13,0.11,kplr005113822,Kepler-199c,13,"(26, 31)","(0.03225806451612903, 0.038461538461538464)"
3423,5121511,K00640.01,Kepler-632 b,CONFIRMED,Done,2018-08-16,CANDIDATE,1.0,0,0,0,0,q1_q17_dr25_sup_koi,CENT_KIC_POS,30.99664113,4.695e-05,-4.695e-05,191.78502,0.00114,-0.00114,2455024.785,0.00114,-0.00114,0.0,,,,,,0.791,0.063,-0.55,2.9182,0.0469,-0.0469,,,,655.3,12.7,-12.7,0.026055,0.000362,-0.002867,2.93386,7.12355,-1.79595,LS+MCMC,2.43,0.26,-0.11,0.1885,,,89.14,,,500.0,,,14.72,4.83,-2.35,53.0,25.7,-25.7,Claret (2011 A&A 529 75) ATLAS LS,0.0,0.0,0.186,0.5256,q1_q17_dr25_koi,12.501547,51.33594,59.9,1,44.0,1.0,q1_q17_dr25_tce,11111111111111111000000000000000,0.3192,Mandel and Agol (2002 ApJ 580 171),,,005/005121/005121511/dv/kplr005121511-20160209194854_dvr.pdf,005/005121/005121511/dv/kplr005121511-001-20160209194854_dvs.pdf,5324.0,106.0,-106.0,4.544,0.024,-0.09,0.21,0.15,-0.15,0.853,0.092,-0.039,0.928,0.037,-0.059,,,,q1_q17_dr25_stellar,297.25262,40.288601,13.332,13.97,13.266,13.058,12.96,11.994,11.567,11.479,0.052,19.8168484,6.1e-06,40.288561,6.9e-05,0.32,0.25,-0.14,0.25,-0.00026,0.00016,-6e-05,0.00016,0.18,0.26,0.18,0.14,0.25,0.15,-0.13,0.25,0.01,0.15,0.13,0.25,kplr005121511,Kepler-632b,15,"(37, 45)","(0.022222222222222223, 0.02702702702702703)"
3428,8738735,K00693.02,Kepler-214 b,CONFIRMED,Done,2018-08-16,CANDIDATE,1.0,0,0,0,0,q1_q17_dr25_sup_koi,NO_COMMENT,15.66057688,3.826e-05,-3.826e-05,146.3487,0.002,-0.002,2454979.349,0.002,-0.002,0.0,,,,,,0.244,0.19,-0.244,7.012,0.0696,-0.0696,,,,384.1,6.3,-6.3,0.017953,0.000345,-0.000305,0.37056,0.04964,-0.09009,LS+MCMC,2.05,0.34,-0.12,0.1273,,,89.17,,,758.0,,,78.01,35.69,-15.29,16.87,2.3,-2.3,Claret (2011 A&A 529 75) ATLAS LS,0.0,0.0,0.2826,0.3729,q1_q17_dr25_koi,7.720899,43.60262,67.5,2,80.0,1.0,q1_q17_dr25_tce,11111111111111111000000000000000,0.4875,Mandel and Agol (2002 ApJ 580 171),,,008/008738/008738735/dv/kplr008738735-20160209194854_dvr.pdf,008/008738/008738735/dv/kplr008738735-001-20160209194854_dvs.pdf,6000.0,106.0,-142.0,4.45,0.032,-0.128,0.16,0.15,-0.15,1.044,0.173,-0.062,1.122,0.07,-0.085,,,,q1_q17_dr25_stellar,284.75485,44.956032,13.949,14.293,13.907,13.802,13.775,12.941,12.678,12.607,0.004,18.983662,4.5e-06,44.955943,5.7e-05,0.18,0.17,-0.31,0.21,-4.1e-05,6.8e-05,0.000136,8.1e-05,0.06,0.2,0.0,0.2,0.06,0.2,0.05,0.19,0.07,0.2,0.09,0.21,kplr008738735,Kepler-214b,17,"(54, 65)","(0.015384615384615385, 0.018518518518518517)"
3429,8802165,K00694.01,Kepler-648 b,CONFIRMED,Done,2018-08-16,CANDIDATE,1.0,0,0,0,0,q1_q17_dr25_sup_koi,NO_COMMENT,17.42115972,2.09e-05,-2.09e-05,184.245906,0.000957,-0.000957,2455017.246,0.000957,-0.000957,0.0,,,,,,0.651,0.154,-0.419,4.9974,0.0502,-0.0502,,,,928.1,9.2,-9.2,0.029277,6.6e-05,-0.001819,0.59786,0.59877,-0.01495,LS+MCMC,3.11,0.47,-0.15,0.1341,,,88.24,,,674.0,,,48.91,20.99,-8.39,21.25,7.1,-7.1,Claret (2011 A&A 529 75) ATLAS LS,0.0,0.0,0.2514,0.4282,q1_q17_dr25_koi,16.745424,86.8946,114.3,1,80.0,1.0,q1_q17_dr25_tce,11111111111111111000000000000000,0.1105,Mandel and Agol (2002 ApJ 580 171),,,008/008802/008802165/dv/kplr008802165-20160209194854_dvr.pdf,008/008802/008802165/dv/kplr008802165-001-20160209194854_dvs.pdf,5679.0,103.0,-125.0,4.487,0.024,-0.128,0.3,0.15,-0.15,0.972,0.149,-0.047,1.058,0.046,-0.073,,,,q1_q17_dr25_stellar,283.89966,45.016891,13.939,14.401,13.881,13.741,13.696,12.803,12.52,12.44,0.157,18.926639,2.5e-06,45.016913,2.6e-05,-0.19,0.095,0.084,0.094,0.000129,9.3e-05,1.9e-05,9.6e-05,0.052,0.091,-0.073,0.096,0.09,0.1,-0.052,0.093,0.038,0.095,0.06,0.1,kplr008802165,Kepler-648b,14,"(31, 37)","(0.02702702702702703, 0.03225806451612903)"
3433,10272442,K00734.01,Kepler-657 b,CONFIRMED,Done,2018-08-16,CANDIDATE,1.0,0,0,0,0,q1_q17_dr25_sup_koi,NO_COMMENT,24.5434566,5.953e-05,-5.953e-05,187.92215,0.00188,-0.00188,2455020.922,0.00188,-0.00188,0.0,,,,,,0.042,0.303,-0.042,7.2518,0.0619,-0.0619,,,,1151.3,19.7,-19.7,0.031008,0.000589,-0.000248,0.59382,0.01042,-0.12044,LS+MCMC,3.08,0.91,-0.28,0.1654,,,89.91,,,616.0,,,34.07,29.56,-9.23,26.641,0.467,-0.467,Claret (2011 A&A 529 75) ATLAS LS,0.0,0.0,0.2916,0.3447,q1_q17_dr25_koi,9.682965,46.01647,64.5,2,55.0,1.0,q1_q17_dr25_tce,11111111111111111000000000000000,0.3272,Mandel and Agol (2002 ApJ 580 171),,,010/010272/010272442/dv/kplr010272442-20160209194854_dvr.pdf,010/010272/010272442/dv/kplr010272442-001-20160209194854_dvs.pdf,5955.0,161.0,-179.0,4.52,0.048,-0.192,-0.16,0.3,-0.3,0.91,0.269,-0.084,0.999,0.122,-0.122,,,,q1_q17_dr25_stellar,291.1973,47.3078,15.344,15.819,15.285,15.141,15.035,14.135,13.812,13.761,0.316,19.4131582,7.9e-06,47.307703,7.7e-05,0.2,0.29,-0.35,0.28,-0.00019,0.00032,-0.0002,0.00031,-0.2,0.12,0.36,0.16,0.41,0.15,-0.16,0.12,-0.07,0.14,0.18,0.13,kplr010272442,Kepler-657b,14,"(31, 37)","(0.02702702702702703, 0.03225806451612903)"
3434,10984090,K00112.01,Kepler-466 b,CONFIRMED,Done,2018-08-16,CANDIDATE,0.99,0,0,0,0,q1_q17_dr25_sup_koi,NO_COMMENT,51.07926451,6.456e-05,-6.456e-05,185.18087,0.000981,-0.000981,2455018.181,0.000981,-0.000981,0.0,,,,,,0.017,0.267,-0.017,6.3729,0.0312,-0.0312,,,,736.8,6.0,-6.0,0.024683,0.000279,-0.000116,1.79031,0.03546,-0.22125,LS+MCMC,2.75,0.39,-0.28,0.2671,,,89.98,,,503.0,,,15.17,6.0,-3.96,62.74,1.2,-1.2,Claret (2011 A&A 529 75) ATLAS LS,0.0,0.0,0.2622,0.4035,q1_q17_dr25_koi,24.094358,105.49973,126.8,2,29.0,1.0,q1_q17_dr25_tce,11111111111111111000000000000000,0.1529,Mandel and Agol (2002 ApJ 580 171),,,010/010984/010984090/dv/kplr010984090-20160209194854_dvr.pdf,010/010984/010984090/dv/kplr010984090-001-20160209194854_dvs.pdf,5833.0,105.0,-117.0,4.407,0.085,-0.114,-0.04,0.15,-0.15,1.022,0.143,-0.107,0.974,0.066,-0.066,,,,q1_q17_dr25_stellar,295.64871,48.49556,12.772,13.169,12.74,12.602,12.564,11.698,11.402,11.367,0.255,19.7099131,3.2e-06,48.495545,3.4e-05,-0.03,0.11,-0.06,0.12,1.9e-05,8.5e-05,8e-05,9.2e-05,-0.12,0.16,-0.22,0.15,0.25,0.2,-0.19,0.16,-0.2,0.15,0.27,0.2,kplr010984090,Kepler-466b,15,"(37, 45)","(0.022222222222222223, 0.02702702702702703)"
3441,8805348,K00695.01,Kepler-649 b,CONFIRMED,Done,2018-08-16,CANDIDATE,1.0,0,0,0,0,q1_q17_dr25_sup_koi,NO_COMMENT,29.90721859,5.371e-05,-5.371e-05,175.29337,0.00135,-0.00135,2455008.293,0.00135,-0.00135,0.0,,,,,,0.022,0.359,-0.022,4.8475,0.0455,-0.0455,,,,588.0,8.6,-8.6,0.022053,0.000453,-0.000253,2.36315,0.07046,-0.53646,LS+MCMC,2.16,0.26,-0.19,0.1805,,,89.97,,,564.0,,,23.92,8.46,-5.62,48.16,1.4,-1.4,Claret (2011 A&A 529 75) ATLAS LS,0.0,0.0,0.2787,0.3728,q1_q17_dr25_koi,15.468482,71.085464,79.8,1,45.0,1.0,q1_q17_dr25_tce,11111111111111111000000000000000,0.6214,Mandel and Agol (2002 ApJ 580 171),,,008/008805/008805348/dv/kplr008805348-20160209194854_dvr.pdf,008/008805/008805348/dv/kplr008805348-001-20160209194854_dvs.pdf,5739.0,103.0,-115.0,4.476,0.068,-0.102,-0.26,0.15,-0.15,0.896,0.11,-0.08,0.875,0.06,-0.054,,,,q1_q17_dr25_stellar,285.65594,45.079559,13.437,13.811,13.396,13.276,13.241,12.377,12.016,12.036,0.17,19.0437287,3.9e-06,45.07955,4.8e-05,0.0,0.15,-0.03,0.17,-8.6e-05,8.8e-05,-8e-05,0.0001,0.03,0.12,0.11,0.13,0.12,0.14,-0.17,0.12,-0.16,0.12,0.23,0.14,kplr008805348,Kepler-649b,16,"(45, 54)","(0.018518518518518517, 0.022222222222222223)"
3444,8878187,K00697.01,Kepler-650 b,CONFIRMED,Done,2018-08-16,CANDIDATE,0.955,0,0,0,0,q1_q17_dr25_sup_koi,NO_COMMENT,3.032147946,3.343e-06,-3.343e-06,171.734281,0.000878,-0.000878,2455004.734,0.000878,-0.000878,0.0,,,,,,0.836,0.024,-0.571,3.8627,0.0447,-0.0447,,,,488.6,5.4,-5.4,0.022926,5.4e-05,-0.00232,0.10012,0.34235,-0.0199,LS+MCMC,3.62,0.58,-0.77,0.0421,,,76.77,,,1507.0,,,1218.88,542.51,-522.77,3.65,1.8,-1.8,Claret (2011 A&A 529 75) ATLAS LS,0.0,0.0,0.26,0.4133,q1_q17_dr25_koi,5.353793,37.551075,103.1,1,216.0,1.0,q1_q17_dr25_tce,01010101010101010000000000000000,0.8925,Mandel and Agol (2002 ApJ 580 171),,,008/008878/008878187/dv/kplr008878187-20160209194854_dvr.pdf,008/008878/008878187/dv/kplr008878187-001-20160209194854_dvs.pdf,5827.0,104.0,-115.0,4.151,0.168,-0.098,0.16,0.15,-0.15,1.447,0.232,-0.309,1.081,0.115,-0.084,,,,q1_q17_dr25_stellar,289.00089,45.15427,13.684,14.142,13.64,13.487,13.413,12.525,12.237,12.144,0.0,19.2667038,6.8e-06,45.154157,6.5e-05,-0.82,0.26,-0.41,0.24,0.000238,6.6e-05,0.000104,6e-05,-0.262,0.099,-0.194,0.078,0.325,0.092,-0.405,0.087,-0.224,0.091,0.463,0.088,kplr008878187,Kepler-650b,15,"(37, 45)","(0.022222222222222223, 0.02702702702702703)"
3445,4914423,K00108.01,Kepler-103 b,CONFIRMED,Done,2018-08-16,CANDIDATE,1.0,0,0,0,0,q1_q17_dr25_sup_koi,NO_COMMENT,15.96532718,1.368e-05,-1.368e-05,142.178033,0.000688,-0.000688,2454975.178,0.000688,-0.000688,0.0,,,,,,0.674,0.026,-0.46,4.5837,0.0231,-0.0231,,,,482.2,3.8,-3.8,0.021282,0.000136,-0.0011,0.63287,0.69452,-0.01282,LS+MCMC,3.33,0.21,-0.17,0.1269,,,88.11,,,872.0,,,136.42,26.02,-19.76,20.43,7.5,-7.5,Claret (2011 A&A 529 75) ATLAS LS,0.0,0.0,0.2891,0.3589,q1_q17_dr25_koi,18.046482,122.28668,144.2,2,84.0,1.0,q1_q17_dr25_tce,11111111111111111000000000000000,0.3861,Mandel and Agol (2002 ApJ 580 171),,,004/004914/004914423/dv/kplr004914423-20160209194854_dvr.pdf,004/004914/004914423/dv/kplr004914423-001-20160209194854_dvs.pdf,5880.0,78.0,-78.0,4.154,0.033,-0.027,0.08,0.15,-0.15,1.433,0.09,-0.072,1.068,0.124,-0.067,,,,q1_q17_dr25_stellar,288.98456,40.064529,12.287,12.649,12.214,12.132,12.091,11.193,10.941,10.873,0.0,19.265641,1.9e-06,40.064589,2.3e-05,0.154,0.078,0.212,0.084,-6.4e-05,3.8e-05,-8e-05,4.1e-05,0.043,0.094,0.01,0.14,0.046,0.099,0.02,0.092,-0.03,0.16,0.04,0.16,kplr004914423,Kepler-103b,16,"(45, 54)","(0.018518518518518517, 0.022222222222222223)"
3451,10358759,K00738.01,Kepler-29 b,CONFIRMED,Done,2018-08-16,CANDIDATE,1.0,0,0,0,0,q1_q17_dr25_sup_koi,NO_COMMENT,10.3392408,1.722e-05,-1.722e-05,170.38549,0.00123,-0.00123,2455003.385,0.00123,-0.00123,0.0,,,,,,0.15,0.266,-0.15,3.075,0.0456,-0.0456,,,,1184.6,25.6,-25.6,0.031329,0.000803,-0.000429,3.18827,0.15675,-0.93937,LS+MCMC,2.98,0.23,-0.15,0.0919,,,89.67,,,777.0,,,86.46,20.29,-15.32,26.22,1.3,-1.3,Claret (2011 A&A 529 75) ATLAS LS,0.0,0.0,0.2676,0.3928,q1_q17_dr25_koi,9.651811,38.329365,51.4,2,107.0,1.0,q1_q17_dr25_tce,11111101110111011000000000000000,0.9042,Mandel and Agol (2002 ApJ 580 171),,,010/010358/010358759/dv/kplr010358759-20160209194854_dvr.pdf,010/010358/010358759/dv/kplr010358759-001-20160209194854_dvs.pdf,5730.0,90.0,-136.0,4.545,0.021,-0.052,-0.06,0.15,-0.15,0.87,0.067,-0.042,0.968,0.046,-0.069,,,,q1_q17_dr25_stellar,298.34833,47.49123,15.282,15.793,15.239,15.063,14.953,14.131,13.673,13.657,0.0,19.8898826,9.3e-06,47.491481,8.6e-05,-0.2,0.34,0.9,0.31,0.00015,0.00041,-0.00134,0.00041,0.06,0.14,0.28,0.18,0.28,0.19,0.22,0.15,0.38,0.19,0.44,0.2,kplr010358759,Kepler-29b,14,"(31, 37)","(0.02702702702702703, 0.03225806451612903)"
3455,5531694,K00647.01,Kepler-634 b,CONFIRMED,Done,2018-08-16,CANDIDATE,1.0,0,0,0,0,q1_q17_dr25_sup_koi,NO_COMMENT,5.16949729,1.017e-05,-1.017e-05,170.31339,0.00154,-0.00154,2455003.313,0.00154,-0.00154,0.0,,,,,,0.235,0.184,-0.235,4.5122,0.0464,-0.0464,,,,210.6,3.5,-3.5,0.01336,0.000239,-0.000218,0.45813,0.05339,-0.09896,LS+MCMC,2.06,0.31,-0.43,0.0578,,,88.44,,,1309.0,,,694.32,294.94,-296.47,8.65,1.0,-1.0,Claret (2011 A&A 529 75) ATLAS LS,0.0,0.0,0.2949,0.3354,q1_q17_dr25_koi,5.866416,49.771988,66.2,2,265.0,1.0,q1_q17_dr25_tce,11111111111111111000000000000000,0.6614,Mandel and Agol (2002 ApJ 580 171),,,005/005531/005531694/dv/kplr005531694-20160209194854_dvr.pdf,005/005531/005531694/dv/kplr005531694-001-20160209194854_dvs.pdf,6011.0,108.0,-132.0,4.123,0.195,-0.105,-0.3,0.15,-0.15,1.409,0.214,-0.294,0.963,0.075,-0.082,,,,q1_q17_dr25_stellar,291.19507,40.702702,13.55,13.869,13.497,13.413,13.371,12.511,12.22,12.16,0.547,19.4130112,4.9e-06,40.702708,5.9e-05,0.29,0.2,0.03,0.21,-3.2e-05,3.9e-05,2e-06,4.1e-05,0.05,0.11,0.16,0.14,0.16,0.15,0.11,0.12,0.29,0.15,0.31,0.14,kplr005531694,Kepler-634b,18,"(65, 78)","(0.01282051282051282, 0.015384615384615385)"
3458,8962094,K00700.01,Kepler-215 d,CONFIRMED,Done,2018-08-16,CANDIDATE,1.0,0,0,0,0,q1_q17_dr25_sup_koi,NO_COMMENT,30.86436512,5.401e-05,-5.401e-05,172.93477,0.00136,-0.00136,2455005.935,0.00136,-0.00136,0.0,,,,,,0.851,0.053,-0.572,2.9557,0.0493,-0.0493,,,,551.3,11.6,-11.6,0.024615,0.000186,-0.002856,1.88011,8.35097,-0.05089,LS+MCMC,2.23,0.28,-0.1,0.187,,,88.93,,,527.0,,,18.22,6.76,-2.87,45.6,22.5,-22.5,Claret (2011 A&A 529 75) ATLAS LS,0.0,0.0,0.2711,0.3858,q1_q17_dr25_koi,11.644436,46.549694,51.8,4,45.0,1.0,q1_q17_dr25_tce,11111111111111111000000000000000,0.6344,Mandel and Agol (2002 ApJ 580 171),,,008/008962/008962094/dv/kplr008962094-20160209194854_dvr.pdf,008/008962/008962094/dv/kplr008962094-001-20160209194854_dvs.pdf,5677.0,113.0,-113.0,4.563,0.018,-0.108,-0.18,0.15,-0.15,0.828,0.104,-0.037,0.92,0.044,-0.076,,,,q1_q17_dr25_stellar,294.97351,45.213692,13.58,14.045,13.541,13.38,13.298,12.417,12.065,11.996,0.875,19.6649034,5.9e-06,45.213669,7.5e-05,0.08,0.22,-0.08,0.27,-5e-05,0.00013,0.0,0.00015,-0.08,0.11,0.02,0.13,0.08,0.11,-0.04,0.1,0.01,0.14,0.04,0.11,kplr008962094,Kepler-215d,15,"(37, 45)","(0.022222222222222223, 0.02702702702702703)"
3463,10386984,K00739.01,Kepler-658 b,CONFIRMED,Done,2018-08-16,CANDIDATE,0.999,0,0,0,0,q1_q17_dr25_sup_koi,CENT_KIC_POS,1.287076693,1.2e-06,-1.2e-06,169.815491,0.000744,-0.000744,2455002.815,0.000744,-0.000744,0.0,,,,,,0.003,0.417,-0.003,1.4942,0.0279,-0.0279,,,,729.4,13.7,-13.7,0.024255,0.000778,-0.000257,3.53741,0.21526,-1.05436,LS+MCMC,1.39,0.08,-0.12,0.0188,,,89.98,,,871.0,,,135.97,28.56,-32.19,6.766,0.412,-0.412,Claret (2011 A&A 529 75) ATLAS LS,0.0,0.0,0.2575,0.4768,q1_q17_dr25_koi,5.1320543,50.901573,65.2,1,1044.0,1.0,q1_q17_dr25_tce,11111111111111111000000000000000,0.7736,Mandel and Agol (2002 ApJ 580 171),,,010/010386/010386984/dv/kplr010386984-20160209194854_dvr.pdf,010/010386/010386984/dv/kplr010386984-001-20160209194854_dvs.pdf,3736.0,75.0,-84.0,4.724,0.046,-0.021,0.12,0.15,-0.15,0.525,0.03,-0.045,0.533,0.035,-0.039,,,,q1_q17_dr25_stellar,282.9838,47.57859,15.488,16.788,15.517,14.931,14.626,13.441,12.727,12.627,0.036,18.8655702,6.4e-06,47.578509,6.1e-05,-0.57,0.23,-0.29,0.22,0.00017,0.00017,-0.00019,0.00016,-0.05,0.11,0.03,0.11,0.06,0.12,-0.51,0.11,-0.49,0.12,0.71,0.11,kplr010386984,Kepler-658b,15,"(37, 45)","(0.022222222222222223, 0.02702702702702703)"
3467,5613330,K00649.01,Kepler-635 b,CONFIRMED,Done,2018-08-16,CANDIDATE,1.0,0,0,0,0,q1_q17_dr25_sup_koi,NO_COMMENT,23.44970494,7.193e-05,-7.193e-05,182.92295,0.0024,-0.0024,2455015.923,0.0024,-0.0024,0.0,,,,,,0.193,0.232,-0.193,8.6567,0.0766,-0.0766,,,,315.6,5.0,-5.0,0.016268,0.000342,-0.000231,0.30321,0.01485,-0.11063,LS+MCMC,2.71,0.49,-0.41,0.1764,,,89.46,,,802.0,,,97.94,49.0,-33.09,20.66,1.0,-1.0,Claret (2011 A&A 529 75) ATLAS LS,0.0,0.0,0.3077,0.344,q1_q17_dr25_koi,8.48974,43.83411,67.9,2,60.0,1.0,q1_q17_dr25_tce,11111111111111111000000000000000,0.6247,Mandel and Agol (2002 ApJ 580 171),,,005/005613/005613330/dv/kplr005613330-20160209194854_dvr.pdf,005/005613/005613330/dv/kplr005613330-001-20160209194854_dvs.pdf,6188.0,110.0,-135.0,4.196,0.115,-0.126,0.44,0.05,-0.15,1.524,0.278,-0.228,1.33,0.1,-0.1,,,,q1_q17_dr25_stellar,289.77325,40.80072,13.31,13.666,13.238,13.157,13.058,12.235,11.959,11.903,0.0,19.3182128,5.6e-06,40.800592,6.2e-05,-0.13,0.23,-0.46,0.22,6.5e-05,7.4e-05,0.000142,7.2e-05,-0.01,0.14,0.0,0.17,0.01,0.14,0.04,0.15,-0.03,0.17,0.05,0.15,kplr005613330,Kepler-635b,17,"(54, 65)","(0.015384615384615385, 0.018518518518518517)"
3468,8456679,K00102.01,Kepler-1990 b,CONFIRMED,Done,2018-08-16,CANDIDATE,1.0,0,0,0,0,q1_q17_dr25_sup_koi,CENT_KIC_POS,1.73513619,2.82e-07,-2.82e-07,135.060047,0.000136,-0.000136,2454968.06,0.000136,-0.000136,0.0,,,,,,0.045,0.192,-0.045,2.2741,0.00554,-0.00554,,,,952.6,2.3,-2.3,0.027957,0.000181,-6.5e-05,1.36796,0.00537,-0.2376,LS+MCMC,3.27,0.54,-0.33,0.0286,,,89.57,,,1554.0,,,1372.87,628.45,-350.48,6.0158,0.0236,-0.0236,Claret (2011 A&A 529 75) ATLAS LS,0.0,0.0,0.2555,0.4191,q1_q17_dr25_koi,25.635942,432.8909,473.2,2,772.0,1.0,q1_q17_dr25_tce,11111111111111111000000000000000,1.0,Mandel and Agol (2002 ApJ 580 171),,,008/008456/008456679/dv/kplr008456679-20160209194854_dvr.pdf,008/008456/008456679/dv/kplr008456679-001-20160209194854_dvs.pdf,5751.0,103.0,-114.0,4.391,0.08,-0.12,0.21,0.15,-0.15,1.071,0.177,-0.109,1.028,0.074,-0.067,,,,q1_q17_dr25_stellar,299.70474,44.435749,12.566,12.991,12.576,12.384,12.357,11.398,11.124,11.055,0.0,19.9803178,1e-06,44.435397,1.6e-05,0.042,0.039,-1.27,0.057,0.00014,3.7e-05,-0.001065,5.4e-05,-0.37,0.31,2.24,0.7,2.27,0.69,0.03,0.071,-0.065,0.078,0.072,0.074,kplr008456679,Kepler-1990b,14,"(31, 37)","(0.02702702702702703, 0.03225806451612903)"
3469,5786676,K00650.01,Kepler-1665 b,CONFIRMED,Done,2018-08-16,CANDIDATE,1.0,0,0,0,0,q1_q17_dr25_sup_koi,CENT_KIC_POS,11.95474513,9.054e-06,-9.054e-06,178.721694,0.000604,-0.000604,2455011.722,0.000604,-0.000604,0.0,,,,,,0.601,0.016,-0.447,2.1433,0.0248,-0.0248,,,,903.4,10.9,-10.9,0.028458,0.002347,-0.001483,5.96536,4.65829,-0.2769,LS+MCMC,5.15,1.37,-2.23,0.1006,,,89.03,,,906.0,,,159.04,119.05,-111.34,35.6,13.9,-13.9,Claret (2011 A&A 529 75) ATLAS LS,0.0,0.0,0.1507,0.5775,q1_q17_dr25_koi,13.818978,87.73557,96.3,1,114.0,1.0,q1_q17_dr25_tce,11111111111111111000000000000000,0.216,Mandel and Agol (2002 ApJ 580 171),,,005/005786/005786676/dv/kplr005786676-20160209194854_dvr.pdf,005/005786/005786676/dv/kplr005786676-001-20160209194854_dvs.pdf,5059.0,111.0,-91.0,3.976,0.378,-0.135,0.24,0.15,-0.15,1.657,0.441,-0.716,0.947,0.137,-0.084,,,,q1_q17_dr25_stellar,290.39618,41.040081,13.594,14.297,13.534,13.293,13.188,12.113,11.607,11.571,0.282,19.3597461,2.9e-06,41.039943,2.9e-05,0.03,0.12,-0.49,0.11,-0.00011,0.00011,3e-05,0.0001,0.03,0.1,0.015,0.089,0.03,0.1,0.02,0.1,-0.409,0.089,0.409,0.089,kplr005786676,Kepler-1665b,14,"(31, 37)","(0.02702702702702703, 0.03225806451612903)"
3471,5796675,K00652.01,Kepler-636 b,CONFIRMED,Done,2018-08-16,CANDIDATE,1.0,0,0,0,0,q1_q17_dr25_sup_koi,NO_COMMENT,16.080657264,8.077e-06,-8.077e-06,182.7601,0.000393,-0.000393,2455015.76,0.000393,-0.000393,0.0,,,,,,0.051,0.303,-0.051,2.8701,0.0199,-0.0199,,,,3076.0,18.3,-18.3,0.049706,0.000873,-0.000288,6.61361,0.12999,-1.23025,LS+MCMC,4.43,0.38,-0.23,0.1185,,,89.93,,,614.0,,,33.64,9.19,-5.86,44.881,0.882,-0.882,Claret (2011 A&A 529 75) ATLAS LS,0.0,0.0,0.1959,0.5086,q1_q17_dr25_koi,41.61804,253.61078,195.9,1,77.0,1.0,q1_q17_dr25_tce,11111111111111111000000000000000,0.1422,Mandel and Agol (2002 ApJ 580 171),,,005/005796/005796675/dv/kplr005796675-20160209194854_dvr.pdf,005/005796/005796675/dv/kplr005796675-001-20160209194854_dvs.pdf,5303.0,106.0,-106.0,4.547,0.03,-0.07,0.0,0.15,-0.15,0.817,0.069,-0.044,0.86,0.047,-0.052,,,,q1_q17_dr25_stellar,293.59189,41.095161,13.653,14.413,13.618,13.327,13.164,12.191,11.692,11.584,0.0,19.57280336,9.8e-07,41.095193,1e-05,0.409,0.04,0.12,0.037,-0.00066,0.00016,0.00045,0.00018,0.23,0.076,-0.041,0.074,0.234,0.077,0.423,0.077,0.061,0.081,0.428,0.076,kplr005796675,Kepler-636b,11,"(18, 22)","(0.045454545454545456, 0.05555555555555555)"
3472,9002278,K00701.01,Kepler-62 d,CONFIRMED,Done,2018-08-16,CANDIDATE,1.0,0,0,0,0,q1_q17_dr25_sup_koi,CENT_KIC_POS,18.16407304,1.762e-05,-1.762e-05,180.812425,0.000765,-0.000765,2455013.812,0.000765,-0.000765,0.0,,,,,,0.021,0.354,-0.021,2.9355,0.026,-0.026,,,,943.2,10.2,-10.2,0.027346,0.000619,-0.00025,6.56405,0.0021,-1.94743,LS+MCMC,1.98,0.12,-0.08,0.1212,,,89.97,,,508.0,,,15.72,3.46,-2.37,48.5565,0.0155,-0.0155,Claret (2011 A&A 529 75) ATLAS LS,0.0,0.0,0.1731,0.5396,q1_q17_dr25_koi,14.691057,81.64505,99.7,5,73.0,1.0,q1_q17_dr25_tce,11111111111111111000000000000000,0.5545,Mandel and Agol (2002 ApJ 580 171),,,009/009002/009002278/dv/kplr009002278-20160209194854_dvr.pdf,009/009002/009002278/dv/kplr009002278-001-20160209194854_dvs.pdf,4926.0,98.0,-98.0,4.653,0.017,-0.049,-0.36,0.15,-0.15,0.662,0.041,-0.027,0.727,0.029,-0.059,,,,q1_q17_dr25_stellar,283.21274,45.349861,13.725,14.417,13.654,13.429,13.302,12.256,11.739,11.659,0.115,18.8808418,3.4e-06,45.349719,3.4e-05,-0.31,0.13,-0.51,0.12,2e-05,0.00012,0.00013,0.00012,-0.15,0.12,-0.058,0.087,0.16,0.11,-0.5,0.11,-0.462,0.087,0.68,0.1,kplr009002278,Kepler-62d,15,"(37, 45)","(0.022222222222222223, 0.02702702702702703)"
3474,9002278,K00701.02,Kepler-62 b,CONFIRMED,Done,2018-08-16,CANDIDATE,1.0,0,0,0,0,q1_q17_dr25_sup_koi,CENT_KIC_POS,5.71489692,6.756e-06,-6.756e-06,170.921904,0.000937,-0.000937,2455003.922,0.000937,-0.000937,0.0,,,,,,0.011,0.462,-0.011,2.3572,0.0331,-0.0331,,,,425.9,6.7,-6.7,0.018387,0.000719,-0.000234,3.89185,0.30351,-1.28916,LS+MCMC,1.33,0.08,-0.06,0.0561,,,89.97,,,747.0,,,73.38,16.15,-11.08,18.87,1.5,-1.5,Claret (2011 A&A 529 75) ATLAS LS,0.0,0.0,0.1731,0.5396,q1_q17_dr25_koi,8.805533,57.161266,73.0,5,230.0,2.0,q1_q17_dr25_tce,11111111111111111000000000000000,0.5765,Mandel and Agol (2002 ApJ 580 171),,,009/009002/009002278/dv/kplr009002278-20160209194854_dvr.pdf,009/009002/009002278/dv/kplr009002278-002-20160209194854_dvs.pdf,4926.0,98.0,-98.0,4.653,0.017,-0.049,-0.36,0.15,-0.15,0.662,0.041,-0.027,0.727,0.029,-0.059,,,,q1_q17_dr25_stellar,283.21274,45.349861,13.725,14.417,13.654,13.429,13.302,12.256,11.739,11.659,0.604,18.8808458,4.6e-06,45.349752,4.6e-05,-0.16,0.18,-0.39,0.17,-5.8e-05,7.6e-05,9e-06,7.2e-05,0.03,0.11,0.11,0.1,0.12,0.1,-0.33,0.11,-0.266,0.093,0.42,0.1,kplr009002278,Kepler-62b,17,"(54, 65)","(0.015384615384615385, 0.018518518518518517)"
3477,4914423,K00108.02,Kepler-103 c,CONFIRMED,Done,2018-08-16,CANDIDATE,1.0,0,0,0,0,q1_q17_dr25_sup_koi,NO_COMMENT,179.609803,0.0001823,-0.0001823,295.330361,0.000447,-0.000447,2455128.33,0.000447,-0.000447,0.0,,,,,,0.711,0.011,-0.4,13.755,0.119,-0.119,,,,1273.0,7.7,-7.7,0.034951,0.000998,-0.001925,0.24738,0.34104,-0.07259,LS+MCMC,5.47,0.34,-0.28,0.6372,,,89.46,,,389.0,,,5.41,1.03,-0.78,75.0,34.5,-34.5,Claret (2011 A&A 529 75) ATLAS LS,0.0,0.0,0.2891,0.3589,q1_q17_dr25_koi,56.45186,116.052956,184.6,2,7.0,2.0,q1_q17_dr25_tce,11111111111111111000000000000000,0.6846,Mandel and Agol (2002 ApJ 580 171),,,004/004914/004914423/dv/kplr004914423-20160209194854_dvr.pdf,004/004914/004914423/dv/kplr004914423-002-20160209194854_dvs.pdf,5880.0,78.0,-78.0,4.154,0.033,-0.027,0.08,0.15,-0.15,1.433,0.09,-0.072,1.068,0.124,-0.067,,,,q1_q17_dr25_stellar,288.98456,40.064529,12.287,12.649,12.214,12.132,12.091,11.193,10.941,10.873,0.05,19.2656399,1.8e-06,40.064522,2.5e-05,0.107,0.073,-0.029,0.089,-0.00011,0.0001,9e-05,0.00012,0.017,0.087,0.18,0.27,0.18,0.27,-0.03,0.11,0.11,0.26,0.11,0.25,kplr004914423,Kepler-103c,13,"(26, 31)","(0.03225806451612903, 0.038461538461538464)"
3482,5966154,K00655.01,Kepler-201 b,CONFIRMED,Done,2018-08-16,CANDIDATE,1.0,0,0,0,0,q1_q17_dr25_sup_koi,NO_COMMENT,25.6721559,5.329e-05,-5.329e-05,192.09679,0.00159,-0.00159,2455025.097,0.00159,-0.00159,0.0,,,,,,0.867,0.044,-0.609,5.9629,0.0797,-0.0797,,,,387.1,5.5,-5.5,0.020797,0.001039,-0.002601,0.16095,0.82665,-0.06845,LS+MCMC,2.68,0.42,-0.25,0.179,,,87.2,,,683.0,,,51.47,22.75,-12.69,17.77,8.3,-8.3,Claret (2011 A&A 529 75) ATLAS LS,0.0,0.0,0.2826,0.3729,q1_q17_dr25_koi,12.411604,61.41775,78.4,2,50.0,1.0,q1_q17_dr25_tce,11111111111111111000000000000000,0.8948,Mandel and Agol (2002 ApJ 580 171),,,005/005966/005966154/dv/kplr005966154-20160209194854_dvr.pdf,005/005966/005966154/dv/kplr005966154-001-20160209194854_dvs.pdf,6034.0,109.0,-133.0,4.359,0.063,-0.117,0.24,0.15,-0.15,1.179,0.187,-0.109,1.164,0.073,-0.089,,,,q1_q17_dr25_stellar,293.62604,41.27282,13.004,13.312,12.958,12.872,12.868,12.037,11.784,11.737,0.065,19.5750699,4.7e-06,41.272837,4.7e-05,0.03,0.19,0.06,0.17,5.3e-05,7.2e-05,7.2e-05,6.4e-05,0.18,0.18,-0.25,0.15,0.31,0.17,0.21,0.19,-0.17,0.15,0.27,0.19,kplr005966154,Kepler-201b,16,"(45, 54)","(0.018518518518518517, 0.022222222222222223)"
3485,9266431,K00704.01,Kepler-1726 b,CONFIRMED,Done,2018-08-16,CANDIDATE,1.0,0,0,0,0,q1_q17_dr25_sup_koi,NO_COMMENT,18.39629744,2.973e-05,-2.973e-05,185.13946,0.00131,-0.00131,2455018.139,0.00131,-0.00131,0.0,,,,,,0.872,0.016,-0.652,2.7838,0.0405,-0.0405,,,,680.2,13.6,-13.6,0.02808,0.000233,-0.004025,1.16411,6.50945,-0.08894,LS+MCMC,2.47,0.23,-0.12,0.1306,,,88.18,,,582.0,,,27.09,8.11,-4.41,27.5,12.8,-12.8,Claret (2011 A&A 529 75) ATLAS LS,0.0,0.0,0.1959,0.5086,q1_q17_dr25_koi,10.362923,57.642532,58.4,1,70.0,1.0,q1_q17_dr25_tce,11111111111111111000000000000000,0.3929,Mandel and Agol (2002 ApJ 580 171),,,009/009266/009266431/dv/kplr009266431-20160209194854_dvr.pdf,009/009266/009266431/dv/kplr009266431-001-20160209194854_dvs.pdf,5316.0,106.0,-106.0,4.57,0.02,-0.08,0.0,0.15,-0.15,0.804,0.077,-0.038,0.876,0.037,-0.063,,,,q1_q17_dr25_stellar,284.38617,45.719711,13.704,14.272,13.639,13.46,13.382,12.402,12.005,11.966,0.0,18.9590727,4.8e-06,45.719607,4.6e-05,-0.2,0.18,-0.37,0.17,-0.00021,0.00013,0.00039,0.00012,0.04,0.13,0.13,0.13,0.13,0.13,-0.12,0.14,0.24,0.14,0.27,0.15,kplr009266431,Kepler-1726b,14,"(31, 37)","(0.02702702702702703, 0.03225806451612903)"
3488,9458613,K00707.01,Kepler-33 d,CONFIRMED,Done,2018-08-16,CANDIDATE,1.0,0,0,0,0,q1_q17_dr25_sup_koi,NO_COMMENT,21.77568158,3.327e-05,-3.327e-05,189.63828,0.00121,-0.00121,2455022.638,0.00121,-0.00121,0.0,,,,,,0.025,0.261,-0.025,7.9588,0.0374,-0.0374,,,,797.9,7.0,-7.0,0.025733,0.000306,-0.000127,0.39326,0.00138,-0.07346,LS+MCMC,4.76,0.72,-1.17,0.1577,,,89.93,,,853.0,,,125.14,54.41,-59.61,21.4415,0.0752,-0.0752,Claret (2011 A&A 529 75) ATLAS LS,0.0,0.0,0.2904,0.3534,q1_q17_dr25_koi,15.932952,77.61443,117.3,5,62.0,1.0,q1_q17_dr25_tce,11111111111111111000000000000000,0.1092,Mandel and Agol (2002 ApJ 580 171),,,009/009458/009458613/dv/kplr009458613-20160209194854_dvr.pdf,009/009458/009458613/dv/kplr009458613-001-20160209194854_dvs.pdf,5900.0,117.0,-117.0,4.022,0.195,-0.09,0.0,0.15,-0.15,1.694,0.257,-0.418,1.1,0.124,-0.112,,,,q1_q17_dr25_stellar,289.07755,46.005219,13.988,14.392,13.943,13.815,13.741,12.871,12.62,12.591,0.676,19.2718374,3.2e-06,46.005212,3.2e-05,0.05,0.12,-0.03,0.11,6.4e-05,9.9e-05,-1.5e-05,9.5e-05,0.01,0.1,0.12,0.16,0.12,0.17,0.06,0.1,0.08,0.17,0.1,0.16,kplr009458613,Kepler-33d,15,"(37, 45)","(0.022222222222222223, 0.02702702702702703)"
3489,9458613,K00707.02,Kepler-33 f,CONFIRMED,Done,2018-08-16,CANDIDATE,0.997,0,0,0,0,q1_q17_dr25_sup_koi,NO_COMMENT,41.0283424,0.0001418,-0.0001418,172.57481,0.00262,-0.00262,2455005.575,0.00262,-0.00262,0.0,,,,,,0.011,0.348,-0.011,9.8052,0.0751,-0.0751,,,,541.4,8.3,-8.3,0.021195,0.000423,-0.00017,0.39103,0.00107,-0.11211,LS+MCMC,3.92,0.6,-0.97,0.2405,,,89.98,,,691.0,,,53.8,23.4,-25.62,32.6468,0.0893,-0.0893,Claret (2011 A&A 529 75) ATLAS LS,0.0,0.0,0.2904,0.3534,q1_q17_dr25_koi,9.867671,40.8838,66.5,5,35.0,2.0,q1_q17_dr25_tce,11111111111111111000000000000000,0.1229,Mandel and Agol (2002 ApJ 580 171),,,009/009458/009458613/dv/kplr009458613-20160209194854_dvr.pdf,009/009458/009458613/dv/kplr009458613-002-20160209194854_dvs.pdf,5900.0,117.0,-117.0,4.022,0.195,-0.09,0.0,0.15,-0.15,1.694,0.257,-0.418,1.1,0.124,-0.112,,,,q1_q17_dr25_stellar,289.07755,46.005219,13.988,14.392,13.943,13.815,13.741,12.871,12.62,12.591,0.988,19.271839,5.8e-06,46.005204,5.7e-05,0.11,0.22,-0.06,0.2,1e-05,0.00012,0.0,0.00011,-0.12,0.12,-0.05,0.21,0.13,0.16,-0.08,0.12,-0.09,0.24,0.12,0.23,kplr009458613,Kepler-33f,16,"(45, 54)","(0.018518518518518517, 0.022222222222222223)"
3492,6020753,K00657.01,Kepler-202 b,CONFIRMED,Done,2018-08-16,CANDIDATE,0.992,0,0,0,0,q1_q17_dr25_sup_koi,CENT_KIC_POS,4.069425638,4.336e-06,-4.336e-06,171.017743,0.000857,-0.000857,2455004.018,0.000857,-0.000857,0.0,,,,,,0.102,0.335,-0.102,2.0396,0.0314,-0.0314,,,,549.1,9.3,-9.3,0.020652,0.000711,-0.000337,4.24656,0.07631,-1.47072,LS+MCMC,1.53,0.11,-0.04,0.0449,,,89.62,,,802.0,,,97.72,22.8,-13.04,15.491,0.278,-0.278,Claret (2011 A&A 529 75) ATLAS LS,0.0,0.0,0.1082,0.627,q1_q17_dr25_koi,7.4435973,53.630383,68.0,2,257.0,1.0,q1_q17_dr25_tce,11110111011101110000000000000000,0.118,Mandel and Agol (2002 ApJ 580 171),,,006/006020/006020753/dv/kplr006020753-20160209194854_dvr.pdf,006/006020/006020753/dv/kplr006020753-001-20160209194854_dvs.pdf,4671.0,93.0,-93.0,4.636,0.012,-0.042,0.0,0.15,-0.15,0.68,0.046,-0.021,0.75,0.03,-0.048,,,,q1_q17_dr25_stellar,282.97342,41.32201,13.872,14.701,13.801,13.517,13.362,12.255,11.733,11.639,0.754,18.864897,5.7e-06,41.321831,6.6e-05,0.12,0.23,-0.64,0.24,0.0,0.00013,5e-05,0.00013,0.12,0.11,-0.02,0.1,0.13,0.11,0.34,0.11,-0.65,0.12,0.74,0.1,kplr006020753,Kepler-202b,16,"(45, 54)","(0.018518518518518517, 0.022222222222222223)"
3494,6020753,K00657.02,Kepler-202 c,CONFIRMED,Done,2018-08-16,CANDIDATE,1.0,0,0,0,0,q1_q17_dr25_sup_koi,CENT_KIC_POS,16.28247625,2.684e-05,-2.684e-05,180.79815,0.00119,-0.00119,2455013.798,0.00119,-0.00119,0.0,,,,,,0.382,0.04,-0.382,2.9227,0.044,-0.044,,,,792.6,14.6,-14.6,0.025366,0.000241,-0.000991,4.74396,1.5538,-0.38264,LS+MCMC,1.88,0.13,-0.05,0.1132,,,89.46,,,505.0,,,15.37,3.59,-2.05,40.5,13.3,-13.3,Claret (2011 A&A 529 75) ATLAS LS,0.0,0.0,0.1082,0.627,q1_q17_dr25_koi,9.84205,48.681114,60.0,2,66.0,2.0,q1_q17_dr25_tce,11110111011101110000000000000000,0.1604,Mandel and Agol (2002 ApJ 580 171),,,006/006020/006020753/dv/kplr006020753-20160209194854_dvr.pdf,006/006020/006020753/dv/kplr006020753-002-20160209194854_dvs.pdf,4671.0,93.0,-93.0,4.636,0.012,-0.042,0.0,0.15,-0.15,0.68,0.046,-0.021,0.75,0.03,-0.048,,,,q1_q17_dr25_stellar,282.97342,41.32201,13.872,14.701,13.801,13.517,13.362,12.255,11.733,11.639,0.0,18.8648975,6.5e-06,41.321682,7.6e-05,0.14,0.26,-1.18,0.27,-2e-05,0.00021,0.00049,0.00022,0.01,0.12,-0.1,0.14,0.1,0.14,0.24,0.13,-0.73,0.15,0.76,0.14,kplr006020753,Kepler-202c,15,"(37, 45)","(0.022222222222222223, 0.02702702702702703)"
3495,6062088,K00658.01,Kepler-203 b,CONFIRMED,Done,2018-08-16,CANDIDATE,1.0,0,0,0,0,q1_q17_dr25_sup_koi,NO_COMMENT,3.162692075,3.023e-06,-3.023e-06,169.64186,0.000771,-0.000771,2455002.642,0.000771,-0.000771,0.0,,,,,,0.716,0.018,-0.508,1.9529,0.0263,-0.0263,,,,503.7,7.6,-7.6,0.022069,3.6e-05,-0.001574,1.40933,1.99104,-0.36276,LS+MCMC,2.61,0.39,-0.35,0.0418,,,85.47,,,1308.0,,,692.32,286.81,-214.24,9.07,4.3,-4.3,Claret (2011 A&A 529 75) ATLAS LS,0.0,0.0,0.2622,0.4035,q1_q17_dr25_koi,10.153359,64.98132,75.4,3,428.0,1.0,q1_q17_dr25_tce,11111111111111111000000000000000,0.1701,Mandel and Agol (2002 ApJ 580 171),,,006/006062/006062088/dv/kplr006062088-20160209194854_dvr.pdf,006/006062/006062088/dv/kplr006062088-001-20160209194854_dvs.pdf,5821.0,105.0,-117.0,4.355,0.121,-0.11,-0.02,0.15,-0.15,1.085,0.16,-0.146,0.972,0.074,-0.066,,,,q1_q17_dr25_stellar,297.09,41.388031,13.989,14.456,13.924,13.789,13.697,12.859,12.47,12.445,,19.805999,3.5e-06,41.388076,3.9e-05,-0.01,0.14,0.16,0.14,1.6e-05,7.1e-05,,,0.017,0.09,0.025,0.095,0.03,0.098,-0.014,0.09,0.143,0.098,0.144,0.097,kplr006062088,Kepler-203b,16,"(45, 54)","(0.018518518518518517, 0.022222222222222223)"
3496,9458613,K00707.03,Kepler-33 e,CONFIRMED,Done,2018-08-16,CANDIDATE,0.999,0,0,0,0,q1_q17_dr25_sup_koi,NO_COMMENT,31.7848157,0.0001006,-0.0001006,135.87105,0.00269,-0.00269,2454968.871,0.00269,-0.00269,0.0,,,,,,0.015,0.413,-0.015,8.8077,0.0806,-0.0806,,,,444.5,8.0,-8.0,0.019205,0.000497,-0.000206,0.41554,5e-05,-0.14163,LS+MCMC,3.55,0.54,-0.87,0.2029,,,89.97,,,752.0,,,75.59,32.87,-36.0,28.10164,0.00338,-0.00338,Claret (2011 A&A 529 75) ATLAS LS,0.0,0.0,0.2904,0.3534,q1_q17_dr25_koi,9.3149,39.803574,57.6,5,42.0,3.0,q1_q17_dr25_tce,11111111111111111000000000000000,0.3425,Mandel and Agol (2002 ApJ 580 171),,,009/009458/009458613/dv/kplr009458613-20160209194854_dvr.pdf,009/009458/009458613/dv/kplr009458613-003-20160209194854_dvs.pdf,5900.0,117.0,-117.0,4.022,0.195,-0.09,0.0,0.15,-0.15,1.694,0.257,-0.418,1.1,0.124,-0.112,,,,q1_q17_dr25_stellar,289.07755,46.005219,13.988,14.392,13.943,13.815,13.741,12.871,12.62,12.591,0.0,19.2718551,6.7e-06,46.005341,6.5e-05,0.72,0.25,0.43,0.23,-0.00026,0.00011,-0.00021,0.0001,-0.08,0.18,0.11,0.24,0.14,0.22,-0.04,0.19,0.08,0.22,0.09,0.22,kplr009458613,Kepler-33e,16,"(45, 54)","(0.018518518518518517, 0.022222222222222223)"
3499,9530945,K00708.01,Kepler-216 c,CONFIRMED,Done,2018-08-16,CANDIDATE,1.0,0,0,0,0,q1_q17_dr25_sup_koi,NO_COMMENT,17.40665216,3.36e-05,-3.36e-05,171.00688,0.00158,-0.00158,2455004.007,0.00158,-0.00158,0.0,,,,,,0.022,0.332,-0.022,6.864,0.0518,-0.0518,,,,586.9,7.4,-7.4,0.022193,0.000376,-0.000159,0.48517,0.00391,-0.12441,LS+MCMC,2.95,0.5,-0.46,0.1321,,,89.94,,,814.0,,,104.04,51.4,-36.02,19.807,0.16,-0.16,Claret (2011 A&A 529 75) ATLAS LS,0.0,0.0,0.2916,0.3447,q1_q17_dr25_koi,9.342437,57.129204,85.7,2,76.0,1.0,q1_q17_dr25_tce,11111111111111111000000000000000,0.5461,Mandel and Agol (2002 ApJ 580 171),,,009/009530/009530945/dv/kplr009530945-20160209194854_dvr.pdf,009/009530/009530945/dv/kplr009530945-001-20160209194854_dvs.pdf,6086.0,134.0,-134.0,4.274,0.143,-0.117,-0.16,0.2,-0.15,1.216,0.207,-0.188,1.013,0.093,-0.068,,,,q1_q17_dr25_stellar,293.72806,46.12915,13.998,14.372,13.948,13.837,13.79,12.956,12.695,12.621,0.002,19.5818711,4.1e-06,46.129152,4.7e-05,-0.01,0.15,0.01,0.17,-1.3e-05,9.1e-05,-0.00019,0.0001,-0.02,0.12,0.03,0.16,0.04,0.14,0.03,0.12,-0.09,0.17,0.1,0.16,kplr009530945,Kepler-216c,16,"(45, 54)","(0.018518518518518517, 0.022222222222222223)"
3502,6062088,K00658.02,Kepler-203 c,CONFIRMED,Done,2018-08-16,CANDIDATE,1.0,0,0,0,0,q1_q17_dr25_sup_koi,NO_COMMENT,5.370639542,6.665e-06,-6.665e-06,172.23815,0.000955,-0.000955,2455005.238,0.000955,-0.000955,0.0,,,,,,0.667,0.264,-0.452,2.1121,0.0362,-0.0362,,,,491.3,9.2,-9.2,0.021479,0.003636,-0.001141,2.233,2.71924,-0.01489,LS+MCMC,2.54,0.38,-0.34,0.0595,,,87.46,,,1096.0,,,341.68,141.56,-105.73,15.04,6.1,-6.1,Claret (2011 A&A 529 75) ATLAS LS,0.0,0.0,0.2622,0.4035,q1_q17_dr25_koi,7.8899655,50.1357,58.8,3,232.0,2.0,q1_q17_dr25_tce,11111111111111111000000000000000,0.622,Mandel and Agol (2002 ApJ 580 171),,,006/006062/006062088/dv/kplr006062088-20160209194854_dvr.pdf,006/006062/006062088/dv/kplr006062088-002-20160209194854_dvs.pdf,5821.0,105.0,-117.0,4.355,0.121,-0.11,-0.02,0.15,-0.15,1.085,0.16,-0.146,0.972,0.074,-0.066,,,,q1_q17_dr25_stellar,297.09,41.388031,13.989,14.456,13.924,13.789,13.697,12.859,12.47,12.445,,19.8059937,4.4e-06,41.388137,4.9e-05,-0.23,0.18,0.39,0.18,0.000121,8.9e-05,,,-0.02,0.13,-0.04,0.15,0.05,0.15,-0.07,0.12,0.11,0.14,0.13,0.13,kplr006062088,Kepler-203c,16,"(45, 54)","(0.018518518518518517, 0.022222222222222223)"
3505,6267535,K00660.01,Kepler-638 b,CONFIRMED,Done,2018-08-16,CANDIDATE,1.0,0,0,0,0,q1_q17_dr25_sup_koi,NO_COMMENT,6.07972016,1.398e-05,-1.398e-05,170.58389,0.00177,-0.00177,2455003.584,0.00177,-0.00177,0.0,,,,,,0.471,0.372,-0.272,7.1228,0.0618,-0.0618,,,,290.8,4.4,-4.4,0.015794,0.001725,-0.000382,0.1057,0.05028,-0.00066,LS+MCMC,2.32,0.41,-0.55,0.0632,,,85.43,,,1111.0,,,360.77,181.51,-163.35,5.91,2.8,-2.8,Claret (2011 A&A 529 75) ATLAS LS,0.0,0.0,0.2329,0.4554,q1_q17_dr25_koi,6.483906,48.483234,77.9,1,173.0,1.0,q1_q17_dr25_tce,11110111011101110000000000000000,0.4322,Mandel and Agol (2002 ApJ 580 171),,,006/006267/006267535/dv/kplr006267535-20160209194854_dvr.pdf,006/006267/006267535/dv/kplr006267535-001-20160209194854_dvs.pdf,5460.0,120.0,-76.0,4.139,0.252,-0.108,0.08,0.15,-0.1,1.346,0.234,-0.322,0.911,0.079,-0.036,,,,q1_q17_dr25_stellar,284.91943,41.617191,13.532,14.115,13.488,13.283,13.188,12.181,11.765,11.683,0.092,18.9946295,4.8e-06,41.617152,4.8e-05,0.01,0.19,-0.14,0.17,-3.9e-05,5.3e-05,5e-05,4.7e-05,0.05,0.13,-0.05,0.14,0.07,0.13,-0.03,0.14,-0.01,0.17,0.03,0.16,kplr006267535,Kepler-638b,17,"(54, 65)","(0.015384615384615385, 0.018518518518518517)"
3508,9530945,K00708.02,Kepler-216 b,CONFIRMED,Done,2018-08-16,CANDIDATE,1.0,0,0,0,0,q1_q17_dr25_sup_koi,NO_COMMENT,7.69363627,2.057e-05,-2.057e-05,176.5035,0.00224,-0.00224,2455009.504,0.00224,-0.00224,0.0,,,,,,0.366,0.142,-0.366,5.0324,0.0656,-0.0656,,,,295.1,6.0,-6.0,0.015935,0.000317,-0.000433,0.43582,0.11411,-0.11699,LS+MCMC,2.12,0.36,-0.33,0.0767,,,88.11,,,1069.0,,,308.61,152.48,-106.84,11.09,2.9,-2.9,Claret (2011 A&A 529 75) ATLAS LS,0.0,0.0,0.2916,0.3447,q1_q17_dr25_koi,6.3000517,41.43756,55.1,2,168.0,2.0,q1_q17_dr25_tce,11111111111111111000000000000000,0.465,Mandel and Agol (2002 ApJ 580 171),,,009/009530/009530945/dv/kplr009530945-20160209194854_dvr.pdf,009/009530/009530945/dv/kplr009530945-002-20160209194854_dvs.pdf,6086.0,134.0,-134.0,4.274,0.143,-0.117,-0.16,0.2,-0.15,1.216,0.207,-0.188,1.013,0.093,-0.068,,,,q1_q17_dr25_stellar,293.72806,46.12915,13.998,14.372,13.948,13.837,13.79,12.956,12.695,12.621,0.313,19.5818635,6.2e-06,46.129081,7e-05,-0.29,0.23,-0.25,0.25,7.6e-05,6.8e-05,-2.1e-05,7.4e-05,-0.09,0.12,0.03,0.15,0.09,0.12,-0.05,0.11,-0.08,0.17,0.1,0.17,kplr009530945,Kepler-216b,17,"(54, 65)","(0.015384615384615385, 0.018518518518518517)"
3509,9578686,K00709.01,Kepler-651 b,CONFIRMED,Done,2018-08-16,CANDIDATE,1.0,0,0,0,0,q1_q17_dr25_sup_koi,NO_COMMENT,21.3851584,3.579e-05,-3.579e-05,178.78285,0.00132,-0.00132,2455011.783,0.00132,-0.00132,0.0,,,,,,0.518,0.063,-0.393,4.0819,0.0447,-0.0447,,,,663.9,11.4,-11.4,0.02406,0.002815,-0.000748,1.82855,1.00319,-0.05226,LS+MCMC,2.17,0.18,-0.15,0.1409,,,89.16,,,574.0,,,25.63,6.91,-5.12,35.36,9.7,-9.7,Claret (2011 A&A 529 75) ATLAS LS,0.0,0.0,0.2434,0.4341,q1_q17_dr25_koi,11.118899,58.81958,67.3,1,64.0,1.0,q1_q17_dr25_tce,11111111111111111000000000000000,0.6016,Mandel and Agol (2002 ApJ 580 171),,,009/009578/009578686/dv/kplr009578686-20160209194854_dvr.pdf,009/009578/009578686/dv/kplr009578686-001-20160209194854_dvs.pdf,5376.0,106.0,-106.0,4.516,0.06,-0.06,-0.16,0.15,-0.15,0.825,0.069,-0.057,0.814,0.057,-0.042,,,,q1_q17_dr25_stellar,287.33279,46.20351,13.94,14.46,13.895,13.716,13.662,12.719,12.397,12.27,0.023,19.1555136,5.2e-06,46.203531,5.4e-05,-0.24,0.2,0.08,0.2,0.00028,0.00013,1e-05,0.00013,-0.05,0.13,0.02,0.18,0.05,0.16,-0.12,0.12,-0.08,0.19,0.14,0.11,kplr009578686,Kepler-651b,15,"(37, 45)","(0.022222222222222223, 0.02702702702702703)"
3516,4832837,K00605.01,Kepler-621 b,CONFIRMED,Done,2018-08-16,CANDIDATE,1.0,0,0,0,0,q1_q17_dr25_sup_koi,NO_COMMENT,2.628117322,1.77e-06,-1.77e-06,169.718913,0.000539,-0.000539,2455002.719,0.000539,-0.000539,0.0,,,,,,0.612,0.029,-0.496,1.8289,0.0292,-0.0292,,,,936.8,11.4,-11.4,0.029172,0.004684,-0.001284,2.07457,1.77578,-0.31978,LS+MCMC,1.77,0.23,-0.27,0.031,,,86.15,,,737.0,,,69.56,48.7,-32.16,9.12,3.9,-3.9,Claret (2011 A&A 529 75) ATLAS LS,0.0,0.0,0.188,0.5516,q1_q17_dr25_koi,6.5842304,62.24406,98.1,2,508.0,1.0,q1_q17_dr25_tce,11111111111111111000000000000000,0.9792,Mandel and Agol (2002 ApJ 580 171),,,004/004832/004832837/dv/kplr004832837-20160209194854_dvr.pdf,004/004832/004832837/dv/kplr004832837-001-20160209194854_dvs.pdf,3939.0,297.0,-267.0,4.705,0.078,-0.052,-0.04,0.2,-0.15,0.557,0.071,-0.087,0.575,0.077,-0.085,,,,q1_q17_dr25_stellar,290.92731,39.91415,14.915,15.959,14.843,14.468,14.234,13.153,12.529,12.407,0.007,19.3951443,3.3e-06,39.914146,3.6e-05,-0.37,0.14,-0.01,0.13,0.00026,0.00012,3e-05,0.00012,0.031,0.081,0.064,0.083,0.071,0.083,-0.119,0.085,0.026,0.085,0.121,0.085,kplr004832837,Kepler-621b,14,"(31, 37)","(0.02702702702702703, 0.03225806451612903)"
3521,6365156,K00662.01,Kepler-639 b,CONFIRMED,Done,2018-08-16,CANDIDATE,1.0,0,0,0,0,q1_q17_dr25_sup_koi,NO_COMMENT,10.21418792,2.014e-05,-2.014e-05,170.70466,0.00149,-0.00149,2455003.705,0.00149,-0.00149,0.0,,,,,,0.016,0.393,-0.016,5.8201,0.0495,-0.0495,,,,303.8,4.5,-4.5,0.015775,0.000386,-0.000164,0.45909,0.00887,-0.12196,LS+MCMC,2.29,0.38,-0.37,0.0966,,,89.93,,,957.0,,,198.34,90.06,-70.39,13.63,0.263,-0.263,Claret (2011 A&A 529 75) ATLAS LS,0.0,0.0,0.257,0.4213,q1_q17_dr25_koi,8.866341,57.729088,78.6,1,131.0,1.0,q1_q17_dr25_tce,11111111111111111000000000000000,0.4159,Mandel and Agol (2002 ApJ 580 171),,,006/006365/006365156/dv/kplr006365156-20160209194854_dvr.pdf,006/006365/006365156/dv/kplr006365156-001-20160209194854_dvs.pdf,5843.0,105.0,-117.0,4.25,0.137,-0.112,0.3,0.1,-0.15,1.332,0.218,-0.218,1.151,0.077,-0.094,,,,q1_q17_dr25_stellar,292.18689,41.727051,13.336,13.729,13.273,13.168,13.114,12.212,11.948,11.89,0.007,19.4791304,4.8e-06,41.727097,4.8e-05,0.18,0.19,0.17,0.17,-8.3e-05,5.7e-05,-6.4e-05,5.1e-05,-0.13,0.11,-0.1,0.17,0.17,0.13,-0.25,0.11,-0.26,0.17,0.36,0.15,kplr006365156,Kepler-639b,17,"(54, 65)","(0.015384615384615385, 0.018518518518518517)"
3522,6425957,K00663.01,Kepler-205 b,CONFIRMED,Done,2018-08-16,CANDIDATE,0.073,0,0,0,0,q1_q17_dr25_sup_koi,CENT_KIC_POS,2.755637216,1.909e-06,-1.909e-06,170.845854,0.000558,-0.000558,2455003.846,0.000558,-0.000558,0.0,,,,,,0.717,0.166,-0.479,1.8559,0.0281,-0.0281,,,,536.7,6.4,-6.4,0.022754,0.000821,-0.00153,1.43487,2.0631,-0.8296,LS+MCMC,1.37,0.08,-0.07,0.0319,,,85.06,,,757.0,,,77.57,15.0,-14.12,8.32,4.0,-4.0,Claret (2011 A&A 529 75) ATLAS LS,0.0,0.0,0.2887,0.4242,q1_q17_dr25_koi,12.496906,86.821,99.8,2,372.0,1.0,q1_q17_dr25_tce,11110111011101110000000000000000,0.6257,Mandel and Agol (2002 ApJ 580 171),,,006/006425/006425957/dv/kplr006425957-20160209194854_dvr.pdf,006/006425/006425957/dv/kplr006425957-001-20160209194854_dvs.pdf,4121.0,74.0,-91.0,4.709,0.024,-0.03,-0.34,0.15,-0.15,0.553,0.03,-0.03,0.57,0.028,-0.037,,,,q1_q17_dr25_stellar,285.28711,41.861172,13.506,14.649,13.469,13.016,12.748,11.608,10.962,10.833,,19.0191158,2.8e-06,41.860995,3.1e-05,-1.02,0.11,-0.63,0.11,3.7e-05,6e-05,,,0.03,0.11,-0.004,0.073,0.03,0.11,-0.89,0.11,-0.683,0.082,1.13,0.11,kplr006425957,Kepler-205b,15,"(37, 45)","(0.022222222222222223, 0.02702702702702703)"
3524,2444412,K00103.01,Kepler-1710 b,CONFIRMED,Done,2018-08-16,CANDIDATE,1.0,0,0,0,0,q1_q17_dr25_sup_koi,NO_COMMENT,14.91095177,1.275e-05,-1.275e-05,141.336726,0.000711,-0.000711,2454974.337,0.000711,-0.000711,0.0,,,,,,0.014,0.339,-0.014,3.325,0.024,-0.024,,,,864.5,8.7,-8.7,0.026641,0.000444,-0.000197,3.70254,0.01272,-0.8871,LS+MCMC,2.62,0.33,-0.17,0.1159,,,89.98,,,694.0,,,54.87,19.92,-10.44,35.174,0.121,-0.121,Claret (2011 A&A 529 75) ATLAS LS,0.0,0.0,0.2622,0.4035,q1_q17_dr25_koi,20.151493,107.95887,116.9,1,93.0,1.0,q1_q17_dr25_tce,11111111111111111000000000000000,0.0145,Mandel and Agol (2002 ApJ 580 171),,,002/002444/002444412/dv/kplr002444412-20160209194854_dvr.pdf,002/002444/002444412/dv/kplr002444412-001-20160209194854_dvs.pdf,5650.0,101.0,-112.0,4.5,0.045,-0.105,-0.04,0.15,-0.15,0.899,0.114,-0.057,0.932,0.051,-0.068,,,,q1_q17_dr25_stellar,291.68335,37.751591,12.593,13.045,12.543,12.399,12.32,11.42,11.078,11.047,0.017,19.4455509,2e-06,37.751499,3.1e-05,-0.272,0.086,-0.33,0.11,4.5e-05,7.7e-05,-0.00014,0.0001,0.004,0.088,0.15,0.14,0.15,0.14,-0.17,0.087,-0.1,0.12,0.198,0.097,kplr002444412,Kepler-1710b,15,"(37, 45)","(0.022222222222222223, 0.02702702702702703)"
3525,6425957,K00663.02,Kepler-205 c,CONFIRMED,Done,2018-08-16,CANDIDATE,0.008,0,0,0,0,q1_q17_dr25_sup_koi,CENT_KIC_POS,20.30652862,2.951e-05,-2.951e-05,172.6581,0.00122,-0.00122,2455005.658,0.00122,-0.00122,0.0,,,,,,0.714,0.031,-0.5,2.8014,0.0457,-0.0457,,,,715.4,12.8,-12.8,0.026202,0.002288,-0.001745,3.1262,4.57723,-2.07881,LS+MCMC,1.58,0.09,-0.08,0.1209,,,89.0,,,389.0,,,5.4,1.04,-0.98,40.8,19.9,-19.9,Claret (2011 A&A 529 75) ATLAS LS,0.0,0.0,0.2887,0.4242,q1_q17_dr25_koi,12.287402,50.225945,60.8,2,48.0,2.0,q1_q17_dr25_tce,11110111011101110000000000000000,0.6921,Mandel and Agol (2002 ApJ 580 171),,,006/006425/006425957/dv/kplr006425957-20160209194854_dvr.pdf,006/006425/006425957/dv/kplr006425957-002-20160209194854_dvs.pdf,4121.0,74.0,-91.0,4.709,0.024,-0.03,-0.34,0.15,-0.15,0.553,0.03,-0.03,0.57,0.028,-0.037,,,,q1_q17_dr25_stellar,285.28711,41.861172,13.506,14.649,13.469,13.016,12.748,11.608,10.962,10.833,,19.0191274,4.7e-06,41.861037,5.1e-05,-0.56,0.19,-0.48,0.18,-0.00028,0.00014,,,-0.03,0.11,-0.05,0.11,0.06,0.13,-0.96,0.12,-0.75,0.13,1.22,0.15,kplr006425957,Kepler-205c,15,"(37, 45)","(0.022222222222222223, 0.02702702702702703)"
3526,9597345,K00711.01,Kepler-218 c,CONFIRMED,Done,2018-08-16,CANDIDATE,0.483,0,0,0,0,q1_q17_dr25_sup_koi,CENT_KIC_POS,44.6996563,0.0001145,-0.0001145,174.82144,0.00194,-0.00194,2455007.821,0.00194,-0.00194,0.0,,,,,,0.472,0.021,-0.431,6.2289,0.071,-0.071,,,,837.7,12.3,-12.3,0.02674,0.003296,-0.000682,1.18352,0.55533,-0.09426,LS+MCMC,3.05,0.47,-0.32,0.2457,,,89.46,,,500.0,,,14.81,6.52,-3.89,50.0,23.5,-23.5,Claret (2011 A&A 529 75) ATLAS LS,0.0,0.0,0.2193,0.4785,q1_q17_dr25_koi,15.035866,58.786575,71.3,3,26.0,1.0,q1_q17_dr25_tce,11111111111111111000000000000000,0.1501,Mandel and Agol (2002 ApJ 580 171),,,009/009597/009597345/dv/kplr009597345-20160209194854_dvr.pdf,009/009597/009597345/dv/kplr009597345-001-20160209194854_dvs.pdf,5497.0,109.0,-109.0,4.394,0.09,-0.11,0.38,0.1,-0.15,1.046,0.161,-0.111,0.988,0.049,-0.055,,,,q1_q17_dr25_stellar,295.41281,46.266472,13.967,14.507,13.891,13.735,13.652,12.732,12.386,12.311,0.053,19.6941942,5.4e-06,46.266563,6.1e-05,0.28,0.2,0.33,0.22,-0.00012,0.00017,-0.00021,0.00019,-0.03,0.13,0.16,0.24,0.16,0.24,0.2,0.15,0.5,0.21,0.54,0.2,kplr009597345,Kepler-218c,15,"(37, 45)","(0.022222222222222223, 0.02702702702702703)"
3542,6685609,K00665.01,Kepler-207 d,CONFIRMED,Done,2018-08-16,CANDIDATE,1.0,0,0,0,0,q1_q17_dr25_sup_koi,NO_COMMENT,5.868066282,6.925e-06,-6.925e-06,170.324046,0.000949,-0.000949,2455003.324,0.000949,-0.000949,0.0,,,,,,0.801,0.002,-0.595,4.1246,0.0292,-0.0292,,,,436.5,4.8,-4.8,0.021224,0.000239,-0.001797,0.18418,0.4708,-0.00022,LS+MCMC,3.6,0.62,-0.75,0.0674,,,83.38,,,1254.0,,,584.32,275.6,-246.71,6.95,3.0,-3.0,Claret (2011 A&A 529 75) ATLAS LS,0.0,0.0,0.2865,0.3671,q1_q17_dr25_koi,9.295554,75.933205,97.6,3,224.0,1.0,q1_q17_dr25_tce,11111111111111111000000000000000,0.2954,Mandel and Agol (2002 ApJ 580 171),,,006/006685/006685609/dv/kplr006685609-20160209194854_dvr.pdf,006/006685/006685609/dv/kplr006685609-001-20160209194854_dvs.pdf,5918.0,107.0,-119.0,4.127,0.168,-0.098,0.21,0.15,-0.15,1.555,0.265,-0.324,1.181,0.113,-0.113,,,,q1_q17_dr25_stellar,290.03052,42.16605,13.182,13.594,13.129,13.005,12.982,12.1,11.841,11.805,0.077,19.3353683,2.5e-06,42.166114,2.9e-05,0.01,0.1,0.23,0.1,-1.2e-05,4.4e-05,-5.5e-05,4.6e-05,-0.09,0.17,-0.01,0.16,0.09,0.18,-0.17,0.16,0.15,0.14,0.22,0.15,kplr006685609,Kepler-207d,16,"(45, 54)","(0.018518518518518517, 0.022222222222222223)"
3544,9450647,K00110.01,Kepler-465 b,CONFIRMED,Done,2018-08-16,CANDIDATE,1.0,0,0,0,0,q1_q17_dr25_sup_koi,NO_COMMENT,9.940666412,6.982e-06,-6.982e-06,135.21559,0.000582,-0.000582,2454968.216,0.000582,-0.000582,0.0,,,,,,0.02,0.229,-0.02,3.9092,0.0181,-0.0181,,,,520.2,3.8,-3.8,0.020908,0.000184,-8.5e-05,1.4944,0.03946,-0.14901,LS+MCMC,2.87,0.5,-0.29,0.0953,,,89.94,,,996.0,,,233.04,111.7,-60.9,19.837,0.524,-0.524,Claret (2011 A&A 529 75) ATLAS LS,0.0,0.0,0.3024,0.3288,q1_q17_dr25_koi,17.204899,144.28577,161.4,1,138.0,1.0,q1_q17_dr25_tce,11111111111111111000000000000000,0.4918,Mandel and Agol (2002 ApJ 580 171),,,009/009450/009450647/dv/kplr009450647-20160209194854_dvr.pdf,009/009450/009450647/dv/kplr009450647-001-20160209194854_dvs.pdf,6215.0,111.0,-136.0,4.305,0.08,-0.12,0.08,0.15,-0.15,1.259,0.219,-0.128,1.17,0.093,-0.093,,,,q1_q17_dr25_stellar,284.55573,46.063831,12.663,12.937,12.615,12.545,12.563,11.735,11.516,11.456,0.049,18.9703842,1.9e-06,46.063898,1.9e-05,0.108,0.072,0.244,0.068,9e-06,3.8e-05,4.6e-05,3.6e-05,-0.11,0.1,0.03,0.12,0.11,0.1,0.031,0.099,0.26,0.16,0.26,0.16,kplr009450647,Kepler-465b,16,"(45, 54)","(0.018518518518518517, 0.022222222222222223)"
3545,9702072,K00714.01,Kepler-652 b,CONFIRMED,Done,2018-08-16,CANDIDATE,1.0,0,0,0,0,q1_q17_dr25_sup_koi,NO_COMMENT,4.182001885,2.014e-06,-2.014e-06,172.789576,0.000384,-0.000384,2455005.79,0.000384,-0.000384,0.0,,,,,,0.015,0.377,-0.015,2.2209,0.0156,-0.0156,,,,847.4,6.3,-6.3,0.02602,0.000597,-0.000295,3.48511,0.05195,-0.83621,LS+MCMC,2.46,0.26,-0.1,0.0503,,,89.94,,,974.0,,,213.29,69.18,-32.08,14.77,0.22,-0.22,Claret (2011 A&A 529 75) ATLAS LS,0.0,0.0,0.1828,0.5324,q1_q17_dr25_koi,15.738635,165.43068,160.3,1,321.0,1.0,q1_q17_dr25_tce,11111111111111111000000000000000,0.365,Mandel and Agol (2002 ApJ 580 171),,,009/009702/009702072/dv/kplr009702072-20160209194854_dvr.pdf,009/009702/009702072/dv/kplr009702072-001-20160209194854_dvs.pdf,5328.0,106.0,-106.0,4.551,0.018,-0.102,0.32,0.1,-0.15,0.865,0.092,-0.035,0.971,0.025,-0.074,,,,q1_q17_dr25_stellar,288.00812,46.47356,13.393,13.881,13.294,13.184,13.081,12.192,11.848,11.737,0.0,19.2005432,2e-06,46.473638,1.7e-05,0.07,0.074,0.281,0.061,-0.000238,6.4e-05,-5e-05,5.5e-05,-0.021,0.07,0.007,0.077,0.022,0.071,-0.09,0.07,0.229,0.079,0.247,0.078,kplr009702072,Kepler-652b,15,"(37, 45)","(0.022222222222222223, 0.02702702702702703)"
3553,7368664,K00614.01,Kepler-434 b,CONFIRMED,Done,2018-08-16,CANDIDATE,1.0,0,0,0,0,q1_q17_dr25_sup_koi,NO_COMMENT,12.874712426,4.38e-06,-4.38e-06,170.022499,0.000269,-0.000269,2455003.022,0.000269,-0.000269,0.0,,,,,,0.932,0.007,-0.006,2.2491,0.0234,-0.0234,,,,3860.7,29.9,-29.9,0.072414,0.002025,-0.001884,1.42468,0.05994,-0.13751,LS+MCMC,11.26,1.97,-1.97,0.115,,,87.7,,,926.0,,,173.5,79.09,-61.59,23.198,0.976,-0.976,Claret (2011 A&A 529 75) ATLAS LS,0.0,0.0,0.2845,0.3747,q1_q17_dr25_koi,32.12367,217.3461,218.5,1,102.0,1.0,q1_q17_dr25_tce,11111111111111111000000000000000,0.28,Mandel and Agol (2002 ApJ 580 171),,,007/007368/007368664/dv/kplr007368664-20160209194854_dvr.pdf,007/007368/007368664/dv/kplr007368664-001-20160209194854_dvs.pdf,5963.0,80.0,-80.0,4.218,0.143,-0.117,0.34,0.1,-0.15,1.424,0.249,-0.249,1.22,0.086,-0.086,,,,q1_q17_dr25_stellar,293.58636,42.928909,14.517,14.97,14.445,14.322,14.277,13.4,13.035,13.039,0.001,19.5724247,1.5e-06,42.928891,1.6e-05,0.001,0.059,-0.069,0.057,0.00016,0.00048,0.00042,0.00061,0.108,0.07,0.033,0.071,0.112,0.071,0.101,0.07,-0.012,0.071,0.102,0.07,kplr007368664,Kepler-434b,9,"(12, 15)","(0.06666666666666667, 0.08333333333333333)"
3556,6707835,K00666.01,Kepler-640 b,CONFIRMED,Done,2018-08-16,CANDIDATE,1.0,0,0,0,0,q1_q17_dr25_sup_koi,NO_COMMENT,22.24814617,3.661e-05,-3.661e-05,174.13676,0.00128,-0.00128,2455007.137,0.00128,-0.00128,0.0,,,,,,0.868,0.029,-0.6,4.1483,0.0709,-0.0709,,,,613.7,9.5,-9.5,0.026424,0.000907,-0.003415,0.43351,2.24047,-0.13306,LS+MCMC,2.72,0.41,-0.13,0.1566,,,87.79,,,609.0,,,32.58,13.65,-5.65,22.5,10.6,-10.6,Claret (2011 A&A 529 75) ATLAS LS,0.0,0.0,0.2514,0.4282,q1_q17_dr25_koi,12.264328,63.322964,74.2,1,62.0,1.0,q1_q17_dr25_tce,11111111111111111000000000000000,0.7154,Mandel and Agol (2002 ApJ 580 171),,,006/006707/006707835/dv/kplr006707835-20160209194854_dvr.pdf,006/006707/006707835/dv/kplr006707835-001-20160209194854_dvs.pdf,5629.0,101.0,-123.0,4.503,0.03,-0.12,0.26,0.15,-0.15,0.943,0.141,-0.047,1.033,0.05,-0.074,,,,q1_q17_dr25_stellar,296.0322,42.131672,13.721,14.197,13.634,13.518,13.418,12.507,12.18,12.113,0.423,19.7354819,3.9e-06,42.131774,4.6e-05,0.11,0.16,0.37,0.16,-8.8e-05,9.8e-05,-3e-05,0.0001,0.0,0.12,-0.16,0.11,0.16,0.11,0.08,0.12,0.077,0.098,0.11,0.11,kplr006707835,Kepler-640b,15,"(37, 45)","(0.022222222222222223, 0.02702702702702703)"
3560,10318874,K00104.01,Kepler-94 b,CONFIRMED,Done,2018-08-16,CANDIDATE,1.0,0,0,0,0,q1_q17_dr25_sup_koi,CENT_KIC_POS,2.508057497,3.78e-07,-3.78e-07,135.000657,0.000124,-0.000124,2454968.001,0.000124,-0.000124,0.0,,,,,,0.742,0.047,-0.143,1.1134,0.0167,-0.0167,,,,1507.6,6.2,-6.2,0.039108,0.000397,-0.002635,5.95213,3.33995,-1.9443,LS+MCMC,3.25,0.16,-0.12,0.034,,,86.61,,,997.0,,,234.06,45.09,-33.11,12.56,3.5,-3.5,Claret (2011 A&A 529 75) ATLAS LS,0.0,0.0,0.0989,0.6441,q1_q17_dr25_koi,22.645512,284.4772,312.7,1,540.0,1.0,q1_q17_dr25_tce,11111111111111111000000000000000,0.8125,Mandel and Agol (2002 ApJ 580 171),,,010/010318/010318874/dv/kplr010318874-20160209194854_dvr.pdf,010/010318/010318874/dv/kplr010318874-001-20160209194854_dvs.pdf,4780.0,95.0,-95.0,4.597,0.015,-0.051,0.34,0.1,-0.15,0.761,0.038,-0.027,0.835,0.02,-0.047,,,,q1_q17_dr25_stellar,281.19473,47.497131,12.895,13.814,12.778,12.501,12.322,11.181,10.681,10.594,0.018,18.7463091,1.4e-06,47.497211,1.2e-05,-0.251,0.05,0.292,0.044,0.000163,7.9e-05,4e-06,7.7e-05,-0.026,0.08,0.039,0.082,0.047,0.091,-0.1,0.086,0.411,0.085,0.423,0.091,kplr010318874,Kepler-94b,13,"(26, 31)","(0.03225806451612903, 0.038461538461538464)"
3563,9884104,K00718.01,Kepler-219 b,CONFIRMED,Done,2018-08-16,CANDIDATE,1.0,0,0,0,0,q1_q17_dr25_sup_koi,NO_COMMENT,4.585466941,5.58e-06,-5.58e-06,169.86095,0.001,-0.001,2455002.861,0.001,-0.001,0.0,,,,,,0.823,0.018,-0.591,3.4437,0.0262,-0.0262,,,,383.5,5.1,-5.1,0.020175,0.000306,-0.002172,0.21462,0.72806,-0.01859,LS+MCMC,3.29,0.54,-0.71,0.0571,,,82.38,,,1307.0,,,688.54,313.04,-300.02,6.2,3.0,-3.0,Claret (2011 A&A 529 75) ATLAS LS,0.0,0.0,0.257,0.4213,q1_q17_dr25_koi,10.435508,62.9034,84.8,3,297.0,1.0,q1_q17_dr25_tce,11111111111111111000000000000000,0.4425,Mandel and Agol (2002 ApJ 580 171),,,009/009884/009884104/dv/kplr009884104-20160209194854_dvr.pdf,009/009884/009884104/dv/kplr009884104-001-20160209194854_dvs.pdf,5788.0,104.0,-115.0,4.16,0.162,-0.108,0.26,0.15,-0.15,1.495,0.245,-0.326,1.179,0.093,-0.139,,,,q1_q17_dr25_stellar,288.73898,46.762562,13.764,14.174,13.692,13.588,13.537,12.678,12.4,12.389,0.139,19.2492684,3.8e-06,46.762554,3.8e-05,0.12,0.14,-0.02,0.14,-6.8e-05,5.3e-05,3.3e-05,5.1e-05,-0.06,0.13,0.1,0.13,0.12,0.13,-0.15,0.13,0.22,0.13,0.26,0.13,kplr009884104,Kepler-219b,16,"(45, 54)","(0.018518518518518517, 0.022222222222222223)"
3564,9884104,K00718.02,Kepler-219 c,CONFIRMED,Done,2018-08-16,CANDIDATE,1.0,0,0,0,0,q1_q17_dr25_sup_koi,NO_COMMENT,22.71443351,5.038e-05,-5.038e-05,147.29684,0.00183,-0.00183,2454980.297,0.00183,-0.00183,0.0,,,,,,0.816,0.025,-0.566,6.0875,0.0786,-0.0786,,,,575.1,8.2,-8.2,0.024589,0.000458,-0.002379,0.20336,0.60063,-0.10582,LS+MCMC,4.01,0.66,-0.87,0.1659,,,87.36,,,766.0,,,81.57,37.08,-35.54,17.7,8.7,-8.7,Claret (2011 A&A 529 75) ATLAS LS,0.0,0.0,0.257,0.4213,q1_q17_dr25_koi,9.991616,46.50063,74.4,3,55.0,2.0,q1_q17_dr25_tce,11111111111111111000000000000000,0.4075,Mandel and Agol (2002 ApJ 580 171),,,009/009884/009884104/dv/kplr009884104-20160209194854_dvr.pdf,009/009884/009884104/dv/kplr009884104-002-20160209194854_dvs.pdf,5788.0,104.0,-115.0,4.16,0.162,-0.108,0.26,0.15,-0.15,1.495,0.245,-0.326,1.179,0.093,-0.139,,,,q1_q17_dr25_stellar,288.73898,46.762562,13.764,14.174,13.692,13.588,13.537,12.678,12.4,12.389,0.092,19.2492643,4.5e-06,46.762527,4.4e-05,-0.04,0.17,-0.12,0.16,-1.8e-05,9.4e-05,0.000103,9.1e-05,0.11,0.17,0.0,0.17,0.11,0.17,0.04,0.17,0.12,0.18,0.13,0.18,kplr009884104,Kepler-219c,15,"(37, 45)","(0.022222222222222223, 0.02702702702702703)"
3566,9950612,K00719.01,Kepler-220 c,CONFIRMED,Done,2018-08-16,CANDIDATE,1.0,0,0,0,0,q1_q17_dr25_sup_koi,NO_COMMENT,9.034190783,6.305e-06,-6.305e-06,171.015329,0.000557,-0.000557,2455004.015,0.000557,-0.000557,0.0,,,,,,0.846,0.018,-0.597,1.5501,0.0174,-0.0174,,,,577.6,8.2,-8.2,0.025742,0.000141,-0.003889,3.99034,16.05862,-0.72926,LS+MCMC,1.8,0.07,-0.09,0.0733,,,88.12,,,586.0,,,27.87,4.67,-4.66,25.8,11.5,-11.5,Claret (2011 A&A 529 75) ATLAS LS,0.0,0.0,0.0833,0.6584,q1_q17_dr25_koi,11.350411,84.98935,82.1,4,147.0,1.0,q1_q17_dr25_tce,11111111111111111000000000000000,0.995,Mandel and Agol (2002 ApJ 580 171),,,009/009950/009950612/dv/kplr009950612-20160209194854_dvr.pdf,009/009950/009950612/dv/kplr009950612-001-20160209194854_dvs.pdf,4499.0,89.0,-89.0,4.635,0.032,-0.02,-0.26,0.15,-0.15,0.639,0.025,-0.032,0.643,0.035,-0.032,,,,q1_q17_dr25_stellar,291.50616,46.895741,13.177,13.823,13.125,12.899,,11.206,10.672,10.55,0.082,19.4337423,3.9e-06,46.895609,3.4e-05,-0.09,0.15,-0.48,0.12,-3.6e-05,8.2e-05,8.8e-05,7.1e-05,-0.1,0.12,-0.02,0.11,0.11,0.12,-0.27,0.11,-0.35,0.14,0.44,0.14,kplr009950612,Kepler-220c,15,"(37, 45)","(0.022222222222222223, 0.02702702702702703)"
3569,10353968,K00618.01,Kepler-623 b,CONFIRMED,Done,2018-08-16,CANDIDATE,1.0,0,0,0,0,q1_q17_dr25_sup_koi,NO_COMMENT,9.07098164,1.314e-05,-1.314e-05,178.3435,0.00111,-0.00111,2455011.343,0.00111,-0.00111,0.0,,,,,,0.013,0.406,-0.013,2.6903,0.0418,-0.0418,,,,1026.2,20.2,-20.2,0.028977,0.000837,-0.00036,4.2829,0.11331,-1.34953,LS+MCMC,2.94,0.83,-0.28,0.0854,,,89.97,,,825.0,,,109.61,91.6,-30.13,26.509,0.701,-0.701,Claret (2011 A&A 529 75) ATLAS LS,0.0,0.0,0.2602,0.4096,q1_q17_dr25_koi,8.294868,48.7044,59.1,1,117.0,1.0,q1_q17_dr25_tce,11111101110111011000000000000000,0.2049,Mandel and Agol (2002 ApJ 580 171),,,010/010353/010353968/dv/kplr010353968-20160209194854_dvr.pdf,010/010353/010353968/dv/kplr010353968-001-20160209194854_dvs.pdf,5672.0,154.0,-171.0,4.506,0.05,-0.2,0.14,0.25,-0.3,0.929,0.264,-0.088,1.008,0.1,-0.12,,,,q1_q17_dr25_stellar,296.98672,47.47739,14.959,15.54,14.896,14.71,14.613,13.729,13.321,13.211,0.0,19.7991148,5.2e-06,47.477271,5.8e-05,0.0,0.19,-0.43,0.21,-0.00116,0.0002,-0.00044,0.00023,0.099,0.095,0.08,0.14,0.13,0.12,0.09,0.1,-0.004,0.09,0.09,0.1,kplr010353968,Kepler-623b,14,"(31, 37)","(0.02702702702702703, 0.03225806451612903)"
3571,11773022,K00620.01,Kepler-51 b,CONFIRMED,Done,2018-08-16,CANDIDATE,0.978,0,0,0,0,q1_q17_dr25_sup_koi,NO_COMMENT,45.15535633,2.431e-05,-2.431e-05,159.10544,0.000437,-0.000437,2454992.105,0.000437,-0.000437,0.0,,,,,,0.063,0.165,-0.063,5.7845,0.0216,-0.0216,,,,6208.7,24.7,-24.7,0.072072,0.000391,-0.000221,2.41249,0.01536,-0.22187,LS+MCMC,7.65,2.36,-0.79,0.2528,,,89.94,,,523.0,,,17.68,15.97,-5.23,63.828,0.406,-0.406,Claret (2011 A&A 529 75) ATLAS LS,0.0,0.0,0.2889,0.3511,q1_q17_dr25_koi,43.76758,176.52367,285.1,3,29.0,2.0,q1_q17_dr25_tce,11111111111111111000000000000000,0.0863,Mandel and Agol (2002 ApJ 580 171),,,011/011773/011773022/dv/kplr011773022-20160209194854_dvr.pdf,011/011773/011773022/dv/kplr011773022-002-20160209194854_dvs.pdf,6046.0,162.0,-198.0,4.486,0.052,-0.221,-0.08,0.25,-0.35,0.972,0.3,-0.1,1.053,0.129,-0.142,,,,q1_q17_dr25_stellar,296.47977,49.937679,14.669,15.14,14.628,14.467,14.431,13.562,13.219,13.197,0.0,19.7653149,1.3e-06,49.937492,2e-05,-0.106,0.044,-0.675,0.072,-0.0026,0.00059,-0.00813,0.00093,-0.035,0.071,0.203,0.074,0.206,0.074,-0.041,0.071,0.052,0.071,0.066,0.071,kplr011773022,Kepler-51b,9,"(12, 15)","(0.06666666666666667, 0.08333333333333333)"
3579,6678383,K00111.01,Kepler-104 b,CONFIRMED,Done,2018-08-16,CANDIDATE,0.999,0,0,0,0,q1_q17_dr25_sup_koi,CENT_KIC_POS,11.427550984,8.15e-06,-8.15e-06,137.613711,0.000557,-0.000557,2454970.614,0.000557,-0.000557,0.0,,,,,,0.608,0.04,-0.409,4.6074,0.0175,-0.0175,,,,500.9,3.3,-3.3,0.021404,8e-06,-0.000804,0.5464,0.42632,-0.06106,LS+MCMC,2.35,0.32,-0.27,0.0964,,,87.76,,,852.0,,,124.31,48.42,-34.01,15.57,6.1,-6.1,Claret (2011 A&A 529 75) ATLAS LS,0.0,0.0,0.2965,0.3342,q1_q17_dr25_koi,27.960602,148.07864,165.5,4,116.0,1.0,q1_q17_dr25_tce,11111111111111111000000000000000,0.7306,Mandel and Agol (2002 ApJ 580 171),,,006/006678/006678383/dv/kplr006678383-20160209194854_dvr.pdf,006/006678/006678383/dv/kplr006678383-001-20160209194854_dvs.pdf,5979.0,108.0,-120.0,4.394,0.11,-0.11,-0.34,0.15,-0.15,1.005,0.138,-0.113,0.913,0.058,-0.058,,,,q1_q17_dr25_stellar,287.60461,42.166779,12.596,12.956,12.557,12.442,12.397,11.558,11.251,11.209,0.0,19.1736418,1.9e-06,42.166576,2.3e-05,0.019,0.077,-0.734,0.082,-8.1e-05,3.8e-05,0.000106,4.1e-05,0.079,0.091,-0.132,0.096,0.154,0.088,0.089,0.089,-0.794,0.093,0.799,0.093,kplr006678383,Kepler-104b,16,"(45, 54)","(0.018518518518518517, 0.022222222222222223)"
3584,5780885,K00097.01,Kepler-7 b,CONFIRMED,Done,2018-08-16,CANDIDATE,0.999,0,1,0,0,q1_q17_dr25_sup_koi,MOD_SEC_DV---PLANET_OCCULT_DV---MOD_SEC_ALT---PLANET_OCCULT_ALT---HAS_SEC_TCE,4.885488596,2.66e-07,-2.66e-07,134.2768785,4.53e-05,-4.53e-05,2454967.277,4.53e-05,-4.53e-05,0.0,,,,,,0.361,0.014,-0.017,5.16165,0.00597,-0.00597,,,,7458.4,3.7,-3.7,0.079898,9.4e-05,-0.000126,0.32016,0.00633,-0.00596,LS+MCMC,16.66,1.04,-0.7,0.0605,,,87.2,,,1496.0,,,1182.79,223.79,-147.95,7.392,0.146,-0.146,Claret (2011 A&A 529 75) ATLAS LS,0.0,0.0,0.2891,0.3589,q1_q17_dr25_koi,185.89848,2252.0361,2590.1,1,277.0,1.0,q1_q17_dr25_tce,11111111111111111000000000000000,0.2698,Mandel and Agol (2002 ApJ 580 171),,,005/005780/005780885/dv/kplr005780885-20160209194854_dvr.pdf,005/005780/005780885/dv/kplr005780885-001-20160209194854_dvs.pdf,6036.0,78.0,-72.0,3.968,0.02,-0.016,0.1,0.1,-0.1,1.909,0.12,-0.08,1.236,0.154,-0.066,,,,q1_q17_dr25_stellar,288.58151,41.089809,12.885,13.26,12.815,12.724,12.683,11.833,11.601,11.535,0.0,19.238767697,8.9e-08,41.08975656,9.5e-07,-0.0123,0.0036,-0.1924,0.0034,0.000285,7.8e-05,-2e-05,0.0001,-0.037,0.067,0.015,0.067,0.039,0.067,-0.035,0.069,-0.212,0.068,0.215,0.068,kplr005780885,Kepler-7b,9,"(12, 15)","(0.06666666666666667, 0.08333333333333333)"
3585,11773022,K00620.02,Kepler-51 d,CONFIRMED,Done,2018-08-16,CANDIDATE,1.0,0,0,0,0,q1_q17_dr25_sup_koi,NO_COMMENT,130.17802962,7.629e-05,-7.629e-05,212.032638,0.000459,-0.000459,2455045.033,0.000459,-0.000459,0.0,,,,,,0.022,0.144,-0.022,8.4534,0.0213,-0.0213,,,,11571.0,34.3,-34.3,0.098365,0.00036,-0.000139,2.40696,0.0079,-0.13583,LS+MCMC,10.44,3.22,-1.07,0.5121,,,89.99,,,367.0,,,4.31,3.89,-1.27,129.19,0.424,-0.424,Claret (2011 A&A 529 75) ATLAS LS,0.0,0.0,0.2889,0.3511,q1_q17_dr25_koi,77.47073,203.99986,365.2,3,10.0,1.0,q1_q17_dr25_tce,11111111111111111000000000000000,0.5976,Mandel and Agol (2002 ApJ 580 171),,,011/011773/011773022/dv/kplr011773022-20160209194854_dvr.pdf,011/011773/011773022/dv/kplr011773022-001-20160209194854_dvs.pdf,6046.0,162.0,-198.0,4.486,0.052,-0.221,-0.08,0.25,-0.35,0.972,0.3,-0.1,1.053,0.129,-0.142,,,,q1_q17_dr25_stellar,296.47977,49.937679,14.669,15.14,14.628,14.467,14.431,13.562,13.219,13.197,0.0,19.7653172,1.2e-06,49.937557,2e-05,-0.026,0.04,-0.444,0.073,-0.0058,0.0019,-0.018,0.0029,-0.048,0.078,0.139,0.072,0.147,0.073,-0.073,0.077,0.069,0.081,0.101,0.079,kplr011773022,Kepler-51d,8,"(10, 12)","(0.08333333333333333, 0.1)"
3590,7115785,K00672.01,Kepler-209 b,CONFIRMED,Done,2018-08-16,CANDIDATE,1.0,0,0,0,0,q1_q17_dr25_sup_koi,NO_COMMENT,16.08786246,2.474e-05,-2.474e-05,172.81384,0.00127,-0.00127,2455005.814,0.00127,-0.00127,0.0,,,,,,0.824,0.045,-0.574,3.095,0.042,-0.042,,,,612.5,10.4,-10.4,0.025603,0.00024,-0.002777,1.04191,3.50269,-0.05647,LS+MCMC,2.56,0.31,-0.21,0.1207,,,88.05,,,668.0,,,47.17,17.03,-10.12,24.2,11.6,-11.6,Claret (2011 A&A 529 75) ATLAS LS,0.0,0.0,0.2327,0.4526,q1_q17_dr25_koi,6.8654904,47.687958,63.7,3,83.0,2.0,q1_q17_dr25_tce,11111111111111111000000000000000,0.5546,Mandel and Agol (2002 ApJ 580 171),,,007/007115/007115785/dv/kplr007115785-20160209194854_dvr.pdf,007/007115/007115785/dv/kplr007115785-002-20160209194854_dvs.pdf,5506.0,110.0,,4.473,0.064,-0.096,0.04,0.15,-0.15,0.914,0.111,-0.074,0.904,0.056,-0.05,,,,q1_q17_dr25_stellar,291.16953,42.640808,13.998,14.536,13.944,13.768,13.685,12.797,12.432,12.362,0.0,19.4113054,7e-06,42.640714,6.3e-05,0.14,0.28,-0.35,0.23,-0.00038,0.00017,0.0003,0.00014,-0.02,0.13,-0.29,0.089,0.29,0.089,-0.16,0.13,-0.433,0.085,0.462,0.093,kplr007115785,Kepler-209b,15,"(37, 45)","(0.022222222222222223, 0.02702702702702703)"
3592,7115785,K00672.02,Kepler-209 c,CONFIRMED,Done,2018-08-16,CANDIDATE,1.0,0,0,0,0,q1_q17_dr25_sup_koi,NO_COMMENT,41.74938613,6.622e-05,-6.622e-05,153.84636,0.00126,-0.00126,2454986.846,0.00126,-0.00126,0.0,,,,,,0.226,0.203,-0.226,5.6098,0.0573,-0.0573,,,,1055.4,11.6,-11.6,0.029414,0.00059,-0.000474,2.02141,0.22137,-0.42801,LS+MCMC,2.94,0.35,-0.24,0.228,,,89.77,,,486.0,,,13.22,4.77,-2.84,57.11,6.3,-6.3,Claret (2011 A&A 529 75) ATLAS LS,0.0,0.0,0.2327,0.4526,q1_q17_dr25_koi,16.59695,67.47628,95.0,3,34.0,1.0,q1_q17_dr25_tce,11111111111111111000000000000000,0.4664,Mandel and Agol (2002 ApJ 580 171),,,007/007115/007115785/dv/kplr007115785-20160209194854_dvr.pdf,007/007115/007115785/dv/kplr007115785-001-20160209194854_dvs.pdf,5506.0,110.0,0.0,4.473,0.064,-0.096,0.04,0.15,-0.15,0.914,0.111,-0.074,0.904,0.056,-0.05,,,,q1_q17_dr25_stellar,291.16953,42.640808,13.998,14.536,13.944,13.768,13.685,12.797,12.432,12.362,0.024,19.411298,5.8e-06,42.640906,4.9e-05,-0.16,0.23,0.34,0.18,-0.00036,0.00024,-0.00019,0.00019,-0.03,0.12,0.02,0.15,0.04,0.13,-0.19,0.12,-0.13,0.15,0.23,0.12,kplr007115785,Kepler-209c,14,"(31, 37)","(0.02702702702702703, 0.03225806451612903)"
3595,8711794,K00105.01,Kepler-463 b,CONFIRMED,Done,2018-08-16,CANDIDATE,1.0,0,0,0,0,q1_q17_dr25_sup_koi,CENT_KIC_POS,8.981014925,3.085e-06,-3.085e-06,136.649307,0.000279,-0.000279,2454969.649,0.000279,-0.000279,0.0,,,,,,0.097,0.242,-0.097,1.8478,0.0116,-0.0116,,,,1059.3,6.4,-6.4,0.029697,0.000371,-0.000184,12.93802,0.45831,-2.10373,LS+MCMC,3.14,0.43,-0.48,0.078,,,89.85,,,880.0,,,141.77,58.27,-46.97,38.07,1.3,-1.3,Claret (2011 A&A 529 75) ATLAS LS,0.0,0.0,0.2865,0.3556,q1_q17_dr25_koi,21.907341,183.9084,198.3,1,153.0,1.0,q1_q17_dr25_tce,11111111111111111000000000000000,0.7502,Mandel and Agol (2002 ApJ 580 171),,,008/008711/008711794/dv/kplr008711794-20160209194854_dvr.pdf,008/008711/008711794/dv/kplr008711794-001-20160209194854_dvs.pdf,5666.0,124.0,-102.0,4.362,0.156,-0.104,-0.4,0.15,-0.1,0.967,0.133,-0.147,0.785,0.073,-0.028,,,,q1_q17_dr25_stellar,298.93704,44.85791,12.87,13.386,12.85,12.649,12.539,11.65,11.232,11.209,0.171,19.9291265,2.3e-06,44.857885,2e-05,-0.364,0.087,-0.091,0.073,5e-06,9.4e-05,8e-05,8e-05,0.067,0.093,-0.059,0.089,0.09,0.075,-0.329,0.096,-0.137,0.089,0.36,0.1,kplr008711794,Kepler-463b,14,"(31, 37)","(0.02702702702702703, 0.03225806451612903)"
3596,7277317,K00674.01,Kepler-643 b,CONFIRMED,Done,2018-08-16,CANDIDATE,1.0,0,0,0,0,q1_q17_dr25_sup_koi,CENT_KIC_POS,16.33888067,1.882e-05,-1.882e-05,177.917586,0.000902,-0.000902,2455010.918,0.000902,-0.000902,0.0,,,,,,0.256,0.099,-0.256,9.3599,0.0485,-0.0485,,,,1718.4,9.7,-9.7,0.036942,0.000396,-0.000564,0.17114,0.01777,-0.02446,LS+MCMC,10.47,1.1,-0.8,0.1295,,,88.91,,,963.0,,,203.31,58.11,-37.26,13.42,1.4,-1.4,Claret (2011 A&A 529 75) ATLAS LS,0.0,0.0,0.1585,0.5703,q1_q17_dr25_koi,29.594252,151.49889,201.9,1,40.0,1.0,q1_q17_dr25_tce,01010101010101010000000000000000,0.2601,Mandel and Agol (2002 ApJ 580 171),,,007/007277/007277317/dv/kplr007277317-20160209194854_dvr.pdf,007/007277/007277317/dv/kplr007277317-001-20160209194854_dvs.pdf,4877.0,63.0,-53.0,3.645,0.06,-0.066,0.16,0.1,-0.1,2.595,0.273,-0.198,1.085,0.13,-0.095,,,,q1_q17_dr25_stellar,290.32733,42.898281,13.781,14.588,13.72,13.435,13.274,12.212,11.672,11.583,0.534,19.3551496,1.7e-06,42.898213,1.9e-05,-0.202,0.069,-0.241,0.067,8e-05,0.00013,-3e-05,0.00013,-0.022,0.092,-0.019,0.07,0.029,0.083,-0.34,0.082,-0.1,0.1,0.354,0.076,kplr007277317,Kepler-643b,13,"(26, 31)","(0.03225806451612903, 0.038461538461538464)"
3601,9964801,K00721.01,Kepler-654 b,CONFIRMED,Done,2018-08-16,CANDIDATE,1.0,0,0,0,0,q1_q17_dr25_sup_koi,NO_COMMENT,13.72462702,4.917e-05,-4.917e-05,180.64807,0.00259,-0.00259,2455013.648,0.00259,-0.00259,0.0,,,,,,0.748,0.163,-0.506,6.9758,0.0953,-0.0953,,,,281.8,6.3,-6.3,0.016659,0.001643,-0.00128,0.11232,0.21761,-0.00821,LS+MCMC,2.13,0.32,-0.32,0.1116,,,85.87,,,831.0,,,112.82,47.91,-37.97,10.38,5.0,-5.0,Claret (2011 A&A 529 75) ATLAS LS,0.0,0.0,0.2622,0.4035,q1_q17_dr25_koi,6.698336,37.43401,50.1,1,77.0,1.0,q1_q17_dr25_tce,11111101110111011000000000000000,0.7431,Mandel and Agol (2002 ApJ 580 171),,,009/009964/009964801/dv/kplr009964801-20160209194854_dvr.pdf,009/009964/009964801/dv/kplr009964801-001-20160209194854_dvs.pdf,5817.0,104.0,-116.0,4.293,0.143,-0.104,0.0,0.15,-0.15,1.171,0.178,-0.178,0.982,0.081,-0.066,,,,q1_q17_dr25_stellar,297.06842,46.834278,13.645,14.124,13.594,13.439,13.396,12.516,12.202,12.158,0.0,19.8045585,7.2e-06,46.83425,6.4e-05,-0.11,0.26,-0.11,0.23,0.000181,7.4e-05,-0.000194,6.5e-05,-0.07,0.2,0.15,0.26,0.17,0.2,-0.08,0.2,-0.05,0.26,0.1,0.28,kplr009964801,Kepler-654b,17,"(54, 65)","(0.015384615384615385, 0.018518518518518517)"
3602,9965439,K00722.01,Kepler-655 b,CONFIRMED,Done,2018-08-16,CANDIDATE,0.995,0,0,0,0,q1_q17_dr25_sup_koi,NO_COMMENT,46.40626,0.0001701,-0.0001701,192.99633,0.00248,-0.00248,2455025.996,0.00248,-0.00248,0.0,,,,,,0.018,0.365,-0.018,7.0281,0.0852,-0.0852,,,,469.1,10.8,-10.8,0.019827,0.000491,-0.000247,1.19551,0.03815,-0.33024,LS+MCMC,2.66,0.47,-0.39,0.2559,,,89.98,,,588.0,,,28.23,14.6,-9.43,51.44,1.6,-1.6,Claret (2011 A&A 529 75) ATLAS LS,0.0,0.0,0.2889,0.3511,q1_q17_dr25_koi,11.401152,42.091286,51.2,1,25.0,1.0,q1_q17_dr25_tce,11111101110111011000000000000000,0.0151,Mandel and Agol (2002 ApJ 580 171),,,009/009965/009965439/dv/kplr009965439-20160209194854_dvr.pdf,009/009965/009965439/dv/kplr009965439-001-20160209194854_dvs.pdf,6086.0,134.0,-134.0,4.276,0.137,-0.112,-0.1,0.2,-0.15,1.227,0.22,-0.18,1.037,0.096,-0.064,,,,q1_q17_dr25_stellar,297.25909,46.843189,13.489,13.83,13.427,13.343,13.332,12.495,12.243,12.214,0.324,19.8172615,7.4e-06,46.843113,8e-05,-0.43,0.27,-0.28,0.29,0.00013,0.00013,7e-05,0.00014,-0.08,0.31,0.04,0.19,0.08,0.29,-0.18,0.31,0.0,0.19,0.18,0.31,kplr009965439,Kepler-655b,16,"(45, 54)","(0.018518518518518517, 0.022222222222222223)"
3607,3541946,K00624.01,Kepler-198 b,CONFIRMED,Done,2018-08-16,CANDIDATE,1.0,0,0,0,0,q1_q17_dr25_sup_koi,NO_COMMENT,17.79001678,3.203e-05,-3.203e-05,182.43745,0.00143,-0.00143,2455015.437,0.00143,-0.00143,0.0,,,,,,0.182,0.214,-0.182,4.4116,0.0481,-0.0481,,,,871.4,13.7,-13.7,0.026716,0.000543,-0.000378,1.80367,0.16964,-0.35595,LS+MCMC,2.7,0.36,-0.19,0.1304,,,89.66,,,655.0,,,43.5,16.78,-8.87,31.13,2.9,-2.9,Claret (2011 A&A 529 75) ATLAS LS,0.0,0.0,0.2291,0.4603,q1_q17_dr25_koi,12.067978,66.874435,67.2,3,75.0,1.0,q1_q17_dr25_tce,11111111111111111000000000000000,0.4176,Mandel and Agol (2002 ApJ 580 171),,,003/003541/003541946/dv/kplr003541946-20160209194854_dvr.pdf,003/003541/003541946/dv/kplr003541946-001-20160209194854_dvs.pdf,5569.0,111.0,-111.0,4.474,0.059,-0.11,0.07,0.15,-0.15,0.927,0.122,-0.066,0.935,0.057,-0.057,,,,q1_q17_dr25_stellar,290.67313,38.69101,13.597,14.081,13.543,13.39,13.346,12.421,12.067,12.027,0.078,19.3782109,2.8e-06,38.69108,4.1e-05,0.07,0.12,0.25,0.15,-7e-05,0.00011,-0.00015,0.00014,-0.125,0.099,0.13,0.13,0.18,0.12,-0.102,0.1,0.2,0.13,0.23,0.13,kplr003541946,Kepler-198b,15,"(37, 45)","(0.022222222222222223, 0.02702702702702703)"
3609,10264660,K00098.01,Kepler-14 b,CONFIRMED,Done,2018-08-16,CANDIDATE,0.994,0,0,0,0,q1_q17_dr25_sup_koi,NO_COMMENT,6.790120801,1.905e-06,-1.905e-06,138.088199,0.000231,-0.000231,2454971.088,0.000231,-0.000231,0.0,,,,,,0.486,0.051,-0.095,6.0437,0.0285,-0.0285,,,,2302.3,5.7,-5.7,0.045139,0.00023,-0.000507,0.2079,0.03217,-0.02217,LS+MCMC,9.86,0.72,-0.36,0.0769,,,86.5,,,1434.0,,,998.97,206.95,-122.3,7.97,1.2,-1.2,Claret (2011 A&A 529 75) ATLAS LS,0.0,0.0,0.305,0.3201,q1_q17_dr25_koi,60.592434,598.46545,526.1,1,198.0,1.0,q1_q17_dr25_tce,11111111111111111000000000000000,0.5173,Mandel and Agol (2002 ApJ 580 171),,,010/010264/010264660/dv/kplr010264660-20160209194854_dvr.pdf,010/010264/010264660/dv/kplr010264660-001-20160209194854_dvs.pdf,6372.0,76.0,-89.0,3.954,0.02,-0.02,0.04,0.15,-0.15,2.001,0.146,-0.073,1.313,0.17,-0.085,,,,q1_q17_dr25_stellar,287.70883,47.33305,12.128,12.363,12.063,12.024,12.031,11.202,11.068,10.988,0.0,19.18058613,2.7e-07,47.3330176,2.6e-06,-0.0684,0.0098,-0.1168,0.0094,0.00016,3e-05,-0.000227,3.6e-05,-0.084,0.068,0.093,0.086,0.125,0.076,-0.152,0.069,-0.136,0.086,0.204,0.079,kplr010264660,Kepler-14b,12,"(22, 26)","(0.038461538461538464, 0.045454545454545456)"
3611,7447200,K00676.01,Kepler-210 c,CONFIRMED,Done,2018-08-16,CANDIDATE,0.378,0,0,0,0,q1_q17_dr25_sup_koi,NO_COMMENT,7.972510087,3.652e-06,-3.652e-06,171.585057,0.000358,-0.000358,2455004.585,0.000358,-0.000358,0.0,,,,,,0.739,0.043,-0.11,2.9754,0.0569,-0.0569,,,,3139.0,18.8,-18.8,0.055326,0.00035,-0.002356,1.09862,0.53502,-0.241,LS+MCMC,3.22,0.19,-0.21,0.0642,,,87.26,,,497.0,,,14.45,3.12,-2.91,15.45,7.5,-7.5,Claret (2011 A&A 529 75) ATLAS LS,0.0,0.0,0.2238,0.5081,q1_q17_dr25_koi,46.0098,336.3128,206.7,2,166.0,1.0,q1_q17_dr25_tce,11111111111111111000000000000000,0.0003,Mandel and Agol (2002 ApJ 580 171),,,007/007447/007447200/dv/kplr007447200-20160209194854_dvr.pdf,007/007447/007447200/dv/kplr007447200-001-20160209194854_dvs.pdf,3912.0,78.0,-86.0,4.728,0.03,-0.033,-0.12,0.15,-0.15,0.533,0.032,-0.035,0.556,0.032,-0.039,,,,q1_q17_dr25_stellar,292.50339,43.083149,13.822,14.874,13.756,13.371,13.142,11.992,11.449,11.313,0.012,19.50022735,7.1e-07,43.0832436,7.4e-06,0.053,0.028,0.337,0.026,-0.00013,0.00013,-0.0001,0.00016,0.033,0.068,0.014,0.077,0.035,0.069,0.112,0.068,0.254,0.077,0.277,0.076,kplr007447200,Kepler-210c,11,"(18, 22)","(0.045454545454545456, 0.05555555555555555)"
3612,7447200,K00676.02,Kepler-210 b,CONFIRMED,Done,2018-08-16,CANDIDATE,1.0,0,0,0,0,q1_q17_dr25_sup_koi,NO_COMMENT,2.453236139,9.91e-07,-9.91e-07,170.892059,0.000314,-0.000314,2455003.892,0.000314,-0.000314,0.0,,,,,,0.496,0.246,-0.297,1.6691,0.0186,-0.0186,,,,1723.2,12.9,-12.9,0.038903,0.002047,-0.00085,3.40726,1.6956,-0.01269,LS+MCMC,2.26,0.14,-0.14,0.0293,,,87.23,,,737.0,,,69.36,14.99,-13.96,10.27,5.1,-5.1,Claret (2011 A&A 529 75) ATLAS LS,0.0,0.0,0.2238,0.5081,q1_q17_dr25_koi,25.26523,277.99185,158.0,2,500.0,2.0,q1_q17_dr25_tce,11111111111111111000000000000000,0.1881,Mandel and Agol (2002 ApJ 580 171),,,007/007447/007447200/dv/kplr007447200-20160209194854_dvr.pdf,007/007447/007447200/dv/kplr007447200-002-20160209194854_dvs.pdf,3912.0,78.0,-86.0,4.728,0.03,-0.033,-0.12,0.15,-0.15,0.533,0.032,-0.035,0.556,0.032,-0.039,,,,q1_q17_dr25_stellar,292.50339,43.083149,13.822,14.874,13.756,13.371,13.142,11.992,11.449,11.313,0.002,19.50022756,9.4e-07,43.0832515,9.7e-06,0.061,0.037,0.366,0.035,-8.5e-05,7.5e-05,-0.000101,8.1e-05,-0.013,0.07,0.016,0.071,0.021,0.07,0.07,0.077,0.254,0.072,0.264,0.074,kplr007447200,Kepler-210b,13,"(26, 31)","(0.03225806451612903, 0.038461538461538464)"
3616,10002866,K00723.01,Kepler-222 b,CONFIRMED,Done,2018-08-16,CANDIDATE,1.0,0,0,0,0,q1_q17_dr25_sup_koi,NO_COMMENT,3.936993144,4.457e-06,-4.457e-06,169.650592,0.000903,-0.000903,2455002.651,0.000903,-0.000903,0.0,,,,,,0.801,0.08,-0.555,1.887,0.0387,-0.0387,,,,1266.0,24.6,-24.6,0.036449,0.002086,-0.003685,1.41824,3.8922,-0.18337,LS+MCMC,3.36,0.74,-0.25,0.048,,,85.63,,,1004.0,,,240.16,162.89,-57.82,10.51,4.8,-4.8,Claret (2011 A&A 529 75) ATLAS LS,0.0,0.0,0.2291,0.4603,q1_q17_dr25_koi,14.770489,76.264,59.3,3,331.0,2.0,q1_q17_dr25_tce,11111111111111111000000000000000,0.4371,Mandel and Agol (2002 ApJ 580 171),,,010/010002/010002866/dv/kplr010002866-20160209194854_dvr.pdf,010/010002/010002866/dv/kplr010002866-002-20160209194854_dvs.pdf,5431.0,164.0,-164.0,4.563,0.029,-0.152,0.12,0.25,-0.25,0.843,0.186,-0.062,0.945,0.065,-0.098,,,,q1_q17_dr25_stellar,287.9061,46.937771,15.063,15.689,14.988,14.795,14.729,13.717,13.341,13.235,0.082,19.1937437,3.5e-06,46.937771,3.3e-05,0.14,0.13,0.01,0.12,-0.00019,0.00017,-0.00014,0.00017,-0.05,0.083,-0.005,0.081,0.05,0.084,-0.021,0.084,-0.031,0.087,0.037,0.091,kplr010002866,Kepler-222b,13,"(26, 31)","(0.03225806451612903, 0.038461538461538464)"
3617,10002866,K00723.02,Kepler-222 d,CONFIRMED,Done,2018-08-16,CANDIDATE,1.0,0,0,0,0,q1_q17_dr25_sup_koi,NO_COMMENT,28.08185982,6.972e-05,-6.972e-05,194.91696,0.00194,-0.00194,2455027.917,0.00194,-0.00194,0.0,,,,,,0.425,0.428,-0.23,4.5288,0.0785,-0.0785,,,,1840.3,38.8,-38.8,0.039445,0.000254,-0.001453,2.17808,0.81094,-0.21286,LS+MCMC,3.63,0.8,-0.27,0.1777,,,89.46,,,522.0,,,17.52,11.89,-4.22,44.9,16.7,-16.7,Claret (2011 A&A 529 75) ATLAS LS,0.0,0.0,0.2291,0.4603,q1_q17_dr25_koi,13.206105,58.22654,50.8,3,43.0,3.0,q1_q17_dr25_tce,11111111111111111000000000000000,0.0504,Mandel and Agol (2002 ApJ 580 171),,,010/010002/010002866/dv/kplr010002866-20160209194854_dvr.pdf,010/010002/010002866/dv/kplr010002866-003-20160209194854_dvs.pdf,5431.0,164.0,-164.0,4.563,0.029,-0.152,0.12,0.25,-0.25,0.843,0.186,-0.062,0.945,0.065,-0.098,,,,q1_q17_dr25_stellar,287.9061,46.937771,15.063,15.689,14.988,14.795,14.729,13.717,13.341,13.235,0.598,19.1937403,4.2e-06,46.937717,4e-05,0.01,0.16,-0.19,0.14,-4e-05,0.00031,0.00014,0.00032,-0.019,0.089,0.1,0.1,0.106,0.097,0.021,0.088,0.086,0.095,0.088,0.098,kplr010002866,Kepler-222d,12,"(22, 26)","(0.038461538461538464, 0.045454545454545456)"
3618,6678383,K00111.02,Kepler-104 c,CONFIRMED,Done,2018-08-16,CANDIDATE,1.0,0,0,0,0,q1_q17_dr25_sup_koi,CENT_KIC_POS,23.66834635,3.003e-05,-3.003e-05,132.71421,0.00104,-0.00104,2454965.714,0.00104,-0.00104,0.0,,,,,,0.758,0.085,-0.542,5.8297,0.0378,-0.0378,,,,449.4,4.2,-4.2,0.021099,0.000762,-0.001355,0.32337,0.63792,-0.14647,LS+MCMC,2.32,0.31,-0.26,0.1566,,,87.95,,,668.0,,,47.11,18.34,-12.89,21.2,10.5,-10.5,Claret (2011 A&A 529 75) ATLAS LS,0.0,0.0,0.2965,0.3342,q1_q17_dr25_koi,17.811987,99.441605,112.8,4,52.0,3.0,q1_q17_dr25_tce,11111111111111111000000000000000,0.0226,Mandel and Agol (2002 ApJ 580 171),,,006/006678/006678383/dv/kplr006678383-20160209194854_dvr.pdf,006/006678/006678383/dv/kplr006678383-003-20160209194854_dvs.pdf,5979.0,108.0,-120.0,4.394,0.11,-0.11,-0.34,0.15,-0.15,1.005,0.138,-0.113,0.913,0.058,-0.058,,,,q1_q17_dr25_stellar,287.60461,42.166779,12.596,12.956,12.557,12.442,12.397,11.558,11.251,11.209,0.001,19.1736453,2.8e-06,42.166613,3.3e-05,0.16,0.11,-0.6,0.12,-0.000137,5e-05,3.6e-05,5.4e-05,0.22,0.12,0.15,0.16,0.27,0.13,0.22,0.13,-0.49,0.15,0.54,0.15,kplr006678383,Kepler-104c,16,"(45, 54)","(0.018518518518518517, 0.022222222222222223)"
3619,10002866,K00723.03,Kepler-222 c,CONFIRMED,Done,2018-08-16,CANDIDATE,1.0,0,0,0,0,q1_q17_dr25_sup_koi,NO_COMMENT,10.08881066,1.177e-05,-1.177e-05,173.083353,0.000921,-0.000921,2455006.083,0.000921,-0.000921,0.0,,,,,,0.921,0.028,-0.654,1.7726,0.0874,-0.0874,,,,1995.9,43.9,-43.9,0.05115,0.001702,-0.009471,1.9835,23.62831,-0.80399,LS+MCMC,4.71,1.04,-0.35,0.0898,,,87.6,,,734.0,,,68.62,46.54,-16.52,22.0,10.9,-10.9,Claret (2011 A&A 529 75) ATLAS LS,0.0,0.0,0.2291,0.4603,q1_q17_dr25_koi,18.110556,82.97855,51.4,3,132.0,1.0,q1_q17_dr25_tce,11111111111111111000000000000000,0.1408,Mandel and Agol (2002 ApJ 580 171),,,010/010002/010002866/dv/kplr010002866-20160209194854_dvr.pdf,010/010002/010002866/dv/kplr010002866-001-20160209194854_dvs.pdf,5431.0,164.0,-164.0,4.563,0.029,-0.152,0.12,0.25,-0.25,0.843,0.186,-0.062,0.945,0.065,-0.098,,,,q1_q17_dr25_stellar,287.9061,46.937771,15.063,15.689,14.988,14.795,14.729,13.717,13.341,13.235,0.04,19.1937386,3.9e-06,46.937793,3.6e-05,-0.05,0.14,0.08,0.13,8e-05,0.00033,-0.00039,0.00035,0.047,0.083,0.049,0.097,0.07,0.1,0.084,0.084,0.02,0.1,0.087,0.092,kplr010002866,Kepler-222c,11,"(18, 22)","(0.045454545454545456, 0.05555555555555555)"
3624,4478168,K00626.01,Kepler-624 b,CONFIRMED,Done,2018-08-16,CANDIDATE,1.0,0,0,0,0,q1_q17_dr25_sup_koi,NO_COMMENT,14.58649856,2.849e-05,-2.849e-05,172.22185,0.00165,-0.00165,2455005.222,0.00165,-0.00165,0.0,,,,,,0.665,0.218,-0.442,4.0249,0.0559,-0.0559,,,,378.7,7.7,-7.7,0.018838,0.002196,-0.000966,0.87025,0.93314,-0.64421,LS+MCMC,2.45,0.39,-0.39,0.1172,,,88.22,,,852.0,,,124.89,56.57,-44.0,21.39,7.6,-7.6,Claret (2011 A&A 529 75) ATLAS LS,0.0,0.0,0.2889,0.3511,q1_q17_dr25_koi,9.193604,42.768753,53.0,2,74.0,1.0,q1_q17_dr25_tce,11111011101110111000000000000000,0.568,Mandel and Agol (2002 ApJ 580 171),,,004/004478/004478168/dv/kplr004478168-20160209194854_dvr.pdf,004/004478/004478168/dv/kplr004478168-001-20160209194854_dvs.pdf,6063.0,121.0,-133.0,4.29,0.137,-0.112,-0.14,0.15,-0.15,1.191,0.189,-0.189,1.009,0.082,-0.067,,,,q1_q17_dr25_stellar,295.19339,39.539669,13.49,13.843,13.447,13.339,13.289,12.514,12.195,12.205,,19.6795641,7.7e-06,39.539671,9.2e-05,0.2,0.32,0.0,0.33,,,6e-05,0.00013,0.14,0.18,0.04,0.22,0.14,0.2,0.08,0.19,0.15,0.21,0.17,0.23,kplr004478168,Kepler-624b,16,"(45, 54)","(0.018518518518518517, 0.022222222222222223)"
3627,4563268,K00627.01,Kepler-625 b,CONFIRMED,Done,2018-08-16,CANDIDATE,1.0,0,0,0,0,q1_q17_dr25_sup_koi,NO_COMMENT,7.75192755,1.067e-05,-1.067e-05,176.17197,0.00112,-0.00112,2455009.172,0.00112,-0.00112,0.0,,,,,,0.546,0.247,-0.359,3.5413,0.0353,-0.0353,,,,407.3,5.7,-5.7,0.018961,0.001299,-0.000671,0.94148,0.51763,-0.48774,LS+MCMC,1.89,0.26,-0.09,0.0768,,,87.83,,,852.0,,,124.47,49.05,-20.9,14.41,4.0,-4.0,Claret (2011 A&A 529 75) ATLAS LS,0.0,0.0,0.224,0.4695,q1_q17_dr25_koi,8.888451,61.51071,77.3,2,175.0,1.0,q1_q17_dr25_tce,11111111111111111000000000000000,0.8874,Mandel and Agol (2002 ApJ 580 171),,,004/004563/004563268/dv/kplr004563268-20160209194854_dvr.pdf,004/004563/004563268/dv/kplr004563268-001-20160209194854_dvs.pdf,5604.0,101.0,-124.0,4.52,0.028,-0.112,0.18,0.15,-0.15,0.912,0.127,-0.042,1.004,0.043,-0.081,,,,q1_q17_dr25_stellar,292.15045,39.637581,13.307,13.746,13.249,13.119,13.078,12.203,11.938,11.905,0.0,19.4766828,7.3e-06,39.637513,4.7e-05,-0.6,0.3,-0.24,0.17,-0.00052,0.00012,-7.1e-05,6.8e-05,0.22,0.39,0.12,0.3,0.25,0.48,-0.08,0.37,0.02,0.28,0.08,0.31,kplr004563268,Kepler-625b,16,"(45, 54)","(0.018518518518518517, 0.022222222222222223)"
3628,7515212,K00679.01,Kepler-212 c,CONFIRMED,Done,2018-08-16,CANDIDATE,0.995,0,0,0,0,q1_q17_dr25_sup_koi,NO_COMMENT,31.80475991,9.045e-05,-9.045e-05,190.25413,0.00224,-0.00224,2455023.254,0.00224,-0.00224,0.0,,,,,,0.87,0.078,-0.652,8.699,0.122,-0.122,,,,360.6,5.2,-5.2,0.020187,0.00092,-0.002693,0.06174,0.33682,-0.05473,LS+MCMC,2.99,0.47,-0.57,0.2061,,,86.65,,,664.0,,,45.9,19.95,-18.4,14.89,7.4,-7.4,Claret (2011 A&A 529 75) ATLAS LS,0.0,0.0,0.26,0.4133,q1_q17_dr25_koi,9.540769,45.075916,73.4,2,44.0,1.0,q1_q17_dr25_tce,11111111111111111000000000000000,0.1558,Mandel and Agol (2002 ApJ 580 171),,,007/007515/007515212/dv/kplr007515212-20160209194854_dvr.pdf,007/007515/007515212/dv/kplr007515212-001-20160209194854_dvs.pdf,5867.0,104.0,-128.0,4.235,0.143,-0.117,0.24,0.15,-0.15,1.356,0.212,-0.259,1.153,0.081,-0.111,,,,q1_q17_dr25_stellar,287.62082,43.141647,13.178,13.504,13.111,13.038,,11.931,11.699,11.62,0.439,19.1747259,4.6e-06,43.141626,5.4e-05,0.17,0.18,-0.08,0.19,-2.2e-05,6.3e-05,4.3e-05,6.8e-05,0.06,0.38,0.04,0.7,0.08,0.69,0.12,0.38,0.07,0.7,0.14,0.66,kplr007515212,Kepler-212c,16,"(45, 54)","(0.018518518518518517, 0.022222222222222223)"
3630,7529266,K00680.01,Kepler-435 b,CONFIRMED,Done,2018-08-16,CANDIDATE,0.999,0,0,0,0,q1_q17_dr25_sup_koi,NO_COMMENT,8.600153929,1.532e-06,-1.532e-06,177.642421,0.000143,-0.000143,2455010.642,0.000143,-0.000143,0.0,,,,,,0.296,0.037,-0.051,9.0015,0.0166,-0.0166,,,,4510.2,4.8,-4.8,0.062067,0.000115,-0.000224,0.10675,0.00502,-0.00368,LS+MCMC,26.52,3.6,-9.36,0.0975,,,87.73,,,1703.0,,,1986.75,716.55,-1198.77,7.473,0.351,-0.351,Claret (2011 A&A 529 75) ATLAS LS,0.0,0.0,0.2941,0.3391,q1_q17_dr25_koi,129.52345,1015.3578,1208.1,1,156.0,1.0,q1_q17_dr25_tce,11111111111111111000000000000000,0.0884,Mandel and Agol (2002 ApJ 580 171),,,007/007529/007529266/dv/kplr007529266-20160209194854_dvr.pdf,007/007529/007529266/dv/kplr007529266-001-20160209194854_dvs.pdf,6093.0,82.0,-82.0,3.475,0.285,-0.095,-0.18,0.15,-0.15,3.913,0.531,-1.381,1.667,0.15,-0.351,,,,q1_q17_dr25_stellar,292.28732,43.197281,13.643,14.013,13.61,13.485,13.448,12.593,12.345,12.291,0.001,19.48582074,2.6e-07,43.1972937,2.9e-06,-0.049,0.01,0.049,0.011,-6.1e-05,7.3e-05,8.4e-05,9.1e-05,0.005,0.067,0.007,0.07,0.009,0.07,-0.013,0.068,-0.011,0.072,0.016,0.071,kplr007529266,Kepler-435b,10,"(15, 18)","(0.05555555555555555, 0.06666666666666667)"
3951,8416523,K04441.01,Kepler-1604 b,CONFIRMED,Done,2018-08-16,CANDIDATE,0.996,0,0,0,0,q1_q17_dr25_sup_koi,MOD_SEC_DV---MOD_SEC_ALT---PLANET_PERIOD_IS_HALF_ALT---HAS_SEC_TCE,0.341842017,2.28e-07,-2.28e-07,131.660336,0.000545,-0.000545,2454964.66,0.000545,-0.000545,0.0,,,,,,0.957,0.115,-0.721,1.1554,0.0417,-0.0417,,,,285.6,5.3,-5.3,0.021058,0.00319,-0.005567,0.3297,2.65191,-0.46806,LS+MCMC,1.72,0.2,-0.14,0.0089,,,40.98,,,2023.0,,,3991.16,1597.04,-949.26,1.268,0.6,-0.6,Claret (2011 A&A 529 75) ATLAS LS,0.0,0.0,0.153,0.5684,q1_q17_dr25_koi,3.1660922,12.533853,70.1,1,1956.0,1.0,q1_q17_dr25_tce,11111111111111111000000000000000,0.9704,Mandel and Agol (2002 ApJ 580 171),,,008/008416/008416523/dv/kplr008416523-20160209194854_dvr.pdf,008/008416/008416523/dv/kplr008416523-001-20160209194854_dvs.pdf,5016.0,151.0,-136.0,4.601,0.03,-0.07,0.02,0.25,-0.3,0.747,0.086,-0.058,0.817,0.057,-0.078,,,,q1_q17_dr25_stellar,285.41061,44.412209,14.915,15.673,14.844,14.59,14.452,13.389,12.924,12.821,0.0,19.027417,1.4e-05,44.41201,0.00017,1.62,0.53,-0.7,0.61,-0.000213,7.2e-05,0.000211,8.3e-05,0.22,0.14,-0.1,0.1,0.24,0.13,0.25,0.14,0.122,0.1,0.28,0.13,kplr008416523,Kepler-1604b,16,"(45, 54)","(0.018518518518518517, 0.022222222222222223)"
4798,11189311,K03220.01,Kepler-1442 b,CONFIRMED,Done,2018-08-16,CANDIDATE,0.899,0,0,0,0,q1_q17_dr25_sup_koi,NO_COMMENT,81.4160138,0.0004882,-0.0004882,160.86387,0.00515,-0.00515,2454993.864,0.00515,-0.00515,0.0,,,,,,0.911,0.045,-0.531,14.175,0.764,-0.764,,,,762.3,16.1,-16.1,0.030244,0.000213,-0.004663,0.02705,0.24237,-0.01719,LS+MCMC,4.63,0.87,-0.44,0.4039,,,87.53,,,522.0,,,17.53,9.01,-4.37,21.2,10.5,-10.5,Claret (2011 A&A 529 75) ATLAS LS,0.0,0.0,0.3016,0.3403,q1_q17_dr25_koi,10.735117,32.46188,54.3,1,17.0,1.0,q1_q17_dr25_tce,11111111111111111000000000000000,0.2034,Mandel and Agol (2002 ApJ 580 171),,,011/011189/011189311/dv/kplr011189311-20160209194854_dvr.pdf,011/011189/011189311/dv/kplr011189311-001-20160209194854_dvs.pdf,6352.0,113.0,-139.0,4.267,0.063,-0.117,0.32,0.1,-0.2,1.401,0.263,-0.132,1.323,0.098,-0.088,,,,q1_q17_dr25_stellar,291.25562,48.846924,12.146,12.517,12.078,11.989,,11.215,11.031,10.967,0.004,19.4170434,2.1e-06,48.84696,2.2e-05,0.09,0.075,0.134,0.08,-3.1e-05,5.7e-05,-8.8e-05,6.8e-05,0.04,0.11,0.36,0.26,0.36,0.26,0.0,0.12,0.45,0.23,0.45,0.23,kplr011189311,Kepler-1442b,14,"(31, 37)","(0.02702702702702703, 0.03225806451612903)"
5061,11551692,K01781.03,Kepler-411 d,CONFIRMED,Done,2018-08-16,CANDIDATE,0.967,0,0,0,0,q1_q17_dr25_sup_koi,CENT_KIC_POS,58.0198583,0.0001432,-0.0001432,151.85007,0.00188,-0.00188,2454984.85,0.00188,-0.00188,0.0,,,,,,0.951,0.014,-0.011,5.348,0.182,-0.182,,,,1286.6,34.8,-34.8,0.044054,0.003564,-0.002648,0.25545,0.01862,-0.0946,LS+MCMC,3.46,0.29,-0.1,0.2711,,,88.47,,,354.0,,,3.7,0.99,-0.49,35.69,2.6,-2.6,Claret (2011 A&A 529 75) ATLAS LS,0.0,0.0,0.1496,0.5746,q1_q17_dr25_koi,23.154446,46.58143,66.0,3,16.0,3.0,q1_q17_dr25_tce,11111110111011101000000000000000,0.0968,Mandel and Agol (2002 ApJ 580 171),,,011/011551/011551692/dv/kplr011551692-20160209194854_dvr.pdf,011/011551/011551692/dv/kplr011551692-003-20160209194854_dvs.pdf,4920.0,98.0,-98.0,4.62,0.01,-0.059,0.07,0.15,-0.15,0.72,0.059,-0.022,0.822,0.03,-0.059,,,,q1_q17_dr25_stellar,287.60559,49.523258,12.231,13.041,12.163,11.884,11.744,10.641,10.161,10.062,0.618,19.1737094,2.6e-06,49.523402,2.8e-05,0.143,0.09,0.512,0.1,5e-05,0.00014,6e-05,0.00018,0.04,0.12,0.15,0.23,0.15,0.21,0.22,0.14,0.62,0.21,0.65,0.19,kplr011551692,Kepler-411d,12,"(22, 26)","(0.038461538461538464, 0.045454545454545456)"
5088,3326377,K01830.02,Kepler-967 c,CONFIRMED,Done,2018-08-16,CANDIDATE,1.0,0,0,0,0,q1_q17_dr25_sup_koi,CENT_KIC_POS,198.7106251,0.0007117,-0.0007117,156.51819,0.00303,-0.00303,2454989.518,0.00303,-0.00303,0.0,,,,,,0.026,0.387,-0.026,8.638,0.115,-0.115,,,,2094.8,35.7,-35.7,0.040799,0.001215,-0.000504,2.92892,0.1231,-0.74699,LS+MCMC,3.56,0.24,-0.19,0.6253,,,89.99,,,258.0,,,1.05,0.25,-0.18,182.85,7.7,-7.7,Claret (2011 A&A 529 75) ATLAS LS,0.0,0.0,0.1959,0.5086,q1_q17_dr25_koi,18.796495,44.26747,62.1,2,8.0,2.0,q1_q17_dr25_tce,11111111111111111000000000000000,0.0471,Mandel and Agol (2002 ApJ 580 171),,,003/003326/003326377/dv/kplr003326377-20160209194854_dvr.pdf,003/003326/003326377/dv/kplr003326377-002-20160209194854_dvs.pdf,5180.0,103.0,-103.0,4.548,0.036,-0.054,0.0,0.15,-0.15,0.8,0.054,-0.043,0.825,0.046,-0.046,,,,q1_q17_dr25_stellar,286.55807,38.405369,14.443,15.107,14.404,14.159,13.973,12.991,12.539,12.396,0.033,19.103857,6.7e-06,38.405283,6.3e-05,-0.64,0.28,-0.31,0.23,-4e-05,0.00065,-0.00069,0.00059,0.07,0.17,0.19,0.23,0.2,0.26,-0.14,0.17,-0.11,0.22,0.18,0.25,kplr003326377,Kepler-967c,12,"(22, 26)","(0.038461538461538464, 0.045454545454545456)"
5312,4150804,K03678.01,Kepler-1513 b,CONFIRMED,Done,2018-08-16,CANDIDATE,1.0,0,0,0,0,q1_q17_dr25_sup_koi,CENT_KIC_POS,160.88451966,8.794e-05,-8.794e-05,277.504342,0.000404,-0.000404,2455110.504,0.000404,-0.000404,0.0,,,,,,0.284,0.061,-0.103,10.8771,0.0369,-0.0369,,,,7590.4,17.6,-17.6,0.079769,0.000131,-0.000652,1.19188,0.11162,-0.04863,LS+MCMC,9.09,3.04,-2.02,0.5416,,,89.86,,,346.0,,,3.39,3.48,-1.6,117.7,11.0,-11.0,Claret (2011 A&A 529 75) ATLAS LS,0.0,0.0,0.2787,0.3728,q1_q17_dr25_koi,147.75606,288.8604,526.1,1,9.0,1.0,q1_q17_dr25_tce,11111111111111111000000000000000,0.6479,Mandel and Agol (2002 ApJ 580 171),,,004/004150/004150804/dv/kplr004150804-20160209194854_dvr.pdf,004/004150/004150804/dv/kplr004150804-001-20160209194854_dvs.pdf,5650.0,186.0,-186.0,4.313,0.225,-0.225,-0.28,0.3,-0.25,1.044,0.349,-0.232,0.818,0.127,-0.058,,,,q1_q17_dr25_stellar,289.7916,39.285328,12.888,13.571,12.844,12.594,,11.758,11.397,11.309,0.001,19.31944868,3.7e-07,39.2853028,5.1e-06,0.4,0.015,-0.091,0.019,-0.00033,0.00048,7e-05,0.00062,0.012,0.068,0.007,0.071,0.014,0.069,0.421,0.069,-0.084,0.082,0.429,0.07,kplr004150804,Kepler-1513b,9,"(12, 15)","(0.06666666666666667, 0.08333333333333333)"
5314,9025971,K03680.01,Kepler-1657 b,CONFIRMED,Done,2018-08-16,CANDIDATE,0.999,0,0,0,0,q1_q17_dr25_sup_koi,NO_COMMENT,141.2415405,9.485e-05,-9.485e-05,256.205347,0.000585,-0.000585,2455089.205,0.000585,-0.000585,0.0,,,,,,0.12,0.068,-0.12,6.7645,0.0216,-0.0216,,,,12990.0,39.4,-39.4,0.103416,0.000364,-0.000305,5.07822,0.0974,-0.31619,LS+MCMC,11.49,1.66,-1.21,0.5205,,,89.96,,,352.0,,,3.62,1.48,-0.95,174.95,3.4,-3.4,Claret (2011 A&A 529 75) ATLAS LS,0.0,0.0,0.2622,0.4035,q1_q17_dr25_koi,157.80336,336.2867,380.9,1,8.0,1.0,q1_q17_dr25_tce,11111111111111111000000000000000,0.5417,Mandel and Agol (2002 ApJ 580 171),,,009/009025/009025971/dv/kplr009025971-20160209194854_dvr.pdf,009/009025/009025971/dv/kplr009025971-001-20160209194854_dvs.pdf,5705.0,104.0,-115.0,4.397,0.095,-0.105,0.0,0.15,-0.15,1.017,0.147,-0.107,0.941,0.068,-0.056,,,,q1_q17_dr25_stellar,293.28156,45.309669,14.524,14.989,14.465,14.325,14.27,13.384,13.041,13.101,0.001,19.5521013,9.1e-07,45.3096888,9.9e-06,-0.102,0.034,0.068,0.036,0.0013,0.0017,-0.0005,0.0024,0.018,0.068,0.013,0.069,0.022,0.068,-0.017,0.068,0.061,0.075,0.063,0.075,kplr009025971,Kepler-1657b,8,"(10, 12)","(0.08333333333333333, 0.1)"
5315,2581316,K03681.01,Kepler-1514 b,CONFIRMED,Done,2018-08-16,CANDIDATE,0.86,0,0,0,0,q1_q17_dr25_sup_koi,NO_COMMENT,217.83184293,8.507e-05,-8.507e-05,238.820035,0.000304,-0.000304,2455071.82,0.000304,-0.000304,0.0,,,,,,0.004,0.079,-0.004,21.306,0.0132,-0.0132,,,,9148.7,7.8,-7.8,0.08768,8.5e-05,-3.4e-05,0.24445,0.00064,-0.00267,LS+MCMC,11.17,2.03,-0.81,0.7545,,,90.0,,,343.0,,,3.29,1.6,-0.7,84.956,0.222,-0.222,Claret (2011 A&A 529 75) ATLAS LS,0.0,0.0,0.3024,0.3288,q1_q17_dr25_koi,223.5288,326.3096,1244.4,2,7.0,1.0,q1_q17_dr25_tce,11111111111111111000000000000000,0.72,Mandel and Agol (2002 ApJ 580 171),,,002/002581/002581316/dv/kplr002581316-20160209194854_dvr.pdf,002/002581/002581316/dv/kplr002581316-001-20160209194854_dvs.pdf,6259.0,99.0,-136.0,4.385,0.034,-0.128,0.14,0.15,-0.15,1.167,0.212,-0.085,1.21,0.084,-0.093,,,,q1_q17_dr25_stellar,292.62747,37.860142,11.69,12.454,11.774,,,10.953,10.728,10.688,0.172,19.50849912,2.6e-07,37.8601511,4.3e-06,0.082,0.011,0.029,0.015,0.00012,0.00053,-6e-05,0.00067,-0.025,0.084,-0.09,0.1,0.09,0.092,0.023,0.071,0.14,0.14,0.14,0.14,kplr002581316,Kepler-1514b,8,"(10, 12)","(0.08333333333333333, 0.1)"
5326,2581554,K03835.01,Kepler-1521 b,CONFIRMED,Done,2018-08-16,CANDIDATE,0.995,0,0,0,0,q1_q17_dr25_sup_koi,NO_COMMENT,47.1484324,8.172e-05,-8.172e-05,175.2689,0.00138,-0.00138,2455008.269,0.00138,-0.00138,0.0,,,,,,0.668,0.228,-0.449,3.1347,0.0603,-0.0603,,,,1113.8,23.9,-23.9,0.032227,0.004567,-0.00216,6.29958,7.30375,-0.60626,LS+MCMC,2.58,0.14,-0.13,0.2317,,,89.58,,,391.0,,,5.5,1.11,-0.95,90.5,35.0,-35.0,Claret (2011 A&A 529 75) ATLAS LS,0.0,0.0,0.1611,0.5575,q1_q17_dr25_koi,15.571971,57.135143,54.5,1,29.0,1.0,q1_q17_dr25_tce,11111111111111111000000000000000,0.9479,Mandel and Agol (2002 ApJ 580 171),,,002/002581/002581554/dv/kplr002581554-20160209194854_dvr.pdf,002/002581/002581554/dv/kplr002581554-001-20160209194854_dvs.pdf,4975.0,100.0,-100.0,4.579,0.038,-0.031,-0.14,0.15,-0.15,0.734,0.039,-0.039,0.746,0.047,-0.036,,,,q1_q17_dr25_stellar,292.69028,37.83498,12.86,13.61,12.792,12.538,12.389,11.415,10.936,10.84,0.431,19.5126833,3.7e-06,37.834999,5.2e-05,-0.08,0.16,0.07,0.19,0.00017,0.00019,-3e-05,0.00023,0.05,0.15,0.06,0.13,0.078,0.098,0.23,0.1,0.264,0.094,0.347,0.097,kplr002581554,Kepler-1521b,14,"(31, 37)","(0.02702702702702703, 0.03225806451612903)"
5328,10363115,K03908.01,Kepler-1929 b,CONFIRMED,Done,2018-08-16,CANDIDATE,0.618,0,0,0,0,q1_q17_dr25_sup_koi,NO_COMMENT,59.3627946,0.0003499,-0.0003499,184.14711,0.00477,-0.00477,2455017.147,0.00477,-0.00477,0.0,,,,,,0.001,0.376,0.0,13.972,0.138,-0.138,,,,233.6,5.2,-5.2,0.013889,0.000352,-0.000166,0.19141,0.00662,-0.04408,LS+MCMC,2.23,0.35,-0.49,0.2987,,,90.0,,,566.0,,,24.33,10.99,-10.5,32.91,1.1,-1.1,Claret (2011 A&A 529 75) ATLAS LS,0.0,0.0,0.2678,0.3958,q1_q17_dr25_koi,8.8641615,27.835306,51.5,1,19.0,1.0,q1_q17_dr25_tce,11111101110111011000000000000000,0.3346,Mandel and Agol (2002 ApJ 580 171),,,010/010363/010363115/dv/kplr010363115-20160209194854_dvr.pdf,010/010363/010363115/dv/kplr010363115-001-20160209194854_dvs.pdf,5786.0,115.0,-104.0,4.106,0.188,-0.101,-0.02,0.15,-0.15,1.471,0.233,-0.321,1.006,0.098,-0.08,,,,q1_q17_dr25_stellar,299.58337,47.448078,12.07,12.594,12.034,11.846,11.764,10.836,10.536,10.453,0.581,19.972215,1e-05,47.448145,9.5e-05,-0.39,0.38,0.24,0.34,6.9e-05,8.5e-05,-9e-06,7.6e-05,0.4,1.3,0.89,0.5,0.98,0.77,0.2,1.3,1.06,0.51,1.08,0.57,kplr010363115,Kepler-1929b,18,"(65, 78)","(0.01282051282051282, 0.015384615384615385)"
5336,10795103,K03683.01,Kepler-1515 b,CONFIRMED,Done,2018-08-16,CANDIDATE,1.0,0,0,0,0,q1_q17_dr25_sup_koi,NO_COMMENT,214.3120439,0.0001427,-0.0001427,336.330158,0.000427,-0.000427,2455169.33,0.000427,-0.000427,0.0,,,,,,0.016,0.146,-0.015,16.2938,0.0251,-0.0251,,,,4523.4,9.6,-9.6,0.06189,0.000184,-6.9e-05,0.5002,0.00014,-0.02622,LS+MCMC,9.17,1.64,-0.93,0.7655,,,89.99,,,380.0,,,4.93,2.42,-1.29,106.6907,0.0299,-0.0299,Claret (2011 A&A 529 75) ATLAS LS,0.0,0.0,0.3155,0.3031,q1_q17_dr25_koi,128.51825,221.83395,562.8,1,6.0,1.0,q1_q17_dr25_tce,11111111111111111000000000000000,0.6586,Mandel and Agol (2002 ApJ 580 171),,,010/010795/010795103/dv/kplr010795103-20160209194854_dvr.pdf,010/010795/010795103/dv/kplr010795103-001-20160209194854_dvs.pdf,6471.0,116.0,-141.0,4.287,0.063,-0.117,0.16,0.15,-0.2,1.357,0.242,-0.138,1.303,0.095,-0.105,,,,q1_q17_dr25_stellar,290.97394,48.178162,12.04,12.31,11.989,11.924,11.924,11.163,10.942,10.886,0.363,19.3982615,4.6e-07,48.1782099,4.3e-06,-0.018,0.016,0.18,0.015,7e-05,0.0002,-3e-05,0.00028,0.025,0.079,-0.013,0.073,0.028,0.078,-0.115,0.077,0.232,0.095,0.258,0.092,kplr010795103,Kepler-1515b,10,"(15, 18)","(0.05555555555555555, 0.06666666666666667)"
5365,11518142,K03762.01,Kepler-1519 b,CONFIRMED,Done,2018-08-16,CANDIDATE,0.999,0,0,0,0,q1_q17_dr25_sup_koi,NO_COMMENT,240.7990472,0.0006333,-0.0006333,334.14037,0.00191,-0.00191,2455167.14,0.00191,-0.00191,0.0,,,,,,0.647,0.04,-0.069,16.666,0.185,-0.185,,,,5022.9,35.5,-35.5,0.068165,0.000666,-0.00128,0.26927,0.05562,-0.03756,LS+MCMC,10.31,1.73,-2.11,0.7655,,,89.6,,,342.0,,,3.22,1.41,-1.3,93.8,19.4,-19.4,Claret (2011 A&A 529 75) ATLAS LS,0.0,0.0,0.2638,0.4046,q1_q17_dr25_koi,70.18339,151.85294,170.1,1,6.0,1.0,q1_q17_dr25_tce,11111111111111111000000000000000,0.3101,Mandel and Agol (2002 ApJ 580 171),,,011/011518/011518142/dv/kplr011518142-20160209194854_dvr.pdf,011/011518/011518142/dv/kplr011518142-001-20160209194854_dvs.pdf,5758.0,78.0,-86.0,4.168,0.182,-0.098,0.12,0.15,-0.15,1.385,0.232,-0.283,1.029,0.09,-0.073,,,,q1_q17_dr25_stellar,296.66791,49.461861,14.822,15.322,14.78,14.607,14.546,13.642,13.257,13.189,0.0,19.7778676,2.3e-06,49.462162,2.8e-05,0.268,0.08,1.09,0.1,-0.00189,0.00057,0.00617,0.0008,0.049,0.082,-0.06,0.095,0.078,0.09,0.014,0.083,-0.15,0.17,0.15,0.17,kplr011518142,Kepler-1519b,10,"(15, 18)","(0.05555555555555555, 0.06666666666666667)"
5397,12784167,K03848.01,Kepler-1522 b,CONFIRMED,Done,2018-08-16,CANDIDATE,1.0,0,0,0,0,q1_q17_dr25_sup_koi,NO_COMMENT,1.847892736,2.457e-06,-2.457e-06,132.19915,0.00106,-0.00106,2454965.199,0.00106,-0.00106,0.0,,,,,,0.036,0.386,-0.036,1.8904,0.0359,-0.0359,,,,323.3,7.3,-7.3,0.016387,0.000432,-0.000255,2.43968,0.07749,-0.80712,LS+MCMC,1.51,0.35,-0.15,0.0288,,,89.73,,,1374.0,,,843.8,574.04,-224.12,7.608,0.242,-0.242,Claret (2011 A&A 529 75) ATLAS LS,0.0,0.0,0.2711,0.3858,q1_q17_dr25_koi,5.266364,43.869167,53.3,1,722.0,1.0,q1_q17_dr25_tce,11111111111111111000000000000000,0.2861,Mandel and Agol (2002 ApJ 580 171),,,012/012784/012784167/dv/kplr012784167-20160209194854_dvr.pdf,012/012784/012784167/dv/kplr012784167-001-20160209194854_dvs.pdf,5763.0,138.0,-155.0,4.557,0.042,-0.168,-0.2,0.3,-0.3,0.842,0.199,-0.08,0.937,0.09,-0.11,,,,q1_q17_dr25_stellar,289.84323,52.07016,14.216,14.692,14.159,14.013,13.952,13.097,12.729,12.621,0.502,19.3228827,8.8e-06,52.070553,7.2e-05,0.02,0.29,1.41,0.26,1.4e-05,8.8e-05,5.1e-05,7.8e-05,-0.06,0.1,0.119,0.098,0.13,0.1,0.009,0.09,0.36,0.1,0.36,0.1,kplr012784167,Kepler-1522b,17,"(54, 65)","(0.015384615384615385, 0.018518518518518517)"
5488,5437945,K03791.01,Kepler-460 b,CONFIRMED,Done,2018-08-16,CANDIDATE,0.0,0,0,0,0,q1_q17_dr25_sup_koi,MOD_SEC_DV---MOD_SEC_ALT,440.7843755,0.0009208,-0.0009208,139.3535,0.00167,-0.00167,2454972.354,0.00167,-0.00167,0.0,,,,,,0.424,0.039,-0.275,21.693,0.13,-0.13,,,,2579.0,16.1,-16.1,0.047554,0.00108,-0.000628,0.32019,0.07305,-0.11381,LS+MCMC,7.23,2.0,-2.0,1.1455,,,89.84,,,308.0,,,2.14,1.74,-1.16,148.7,33.9,-33.9,Claret (2011 A&A 529 75) ATLAS LS,0.0,0.0,0.3036,0.3098,q1_q17_dr25_koi,45.36241,79.50336,181.0,2,4.0,1.0,q1_q17_dr25_tce,11111111111111111000000000000000,0.2929,Mandel and Agol (2002 ApJ 580 171),,,005/005437/005437945/dv/kplr005437945-20160209194854_dvr.pdf,005/005437/005437945/dv/kplr005437945-001-20160209194854_dvs.pdf,6340.0,171.0,-209.0,4.163,0.246,-0.164,-0.38,0.3,-0.3,1.393,0.385,-0.385,1.031,0.171,-0.128,,,,q1_q17_dr25_stellar,288.47485,40.65136,13.771,14.146,13.736,13.611,13.568,12.667,12.43,12.367,0.0,19.2316582,1.5e-06,40.651276,1.8e-05,0.09,0.063,-0.301,0.064,-0.00107,0.00024,-1e-05,0.00029,0.42,0.16,0.15,0.13,0.45,0.16,0.32,0.2,0.0,0.14,0.32,0.2,kplr005437945,Kepler-460b,11,"(18, 22)","(0.045454545454545456, 0.05555555555555555)"
5508,12557548,K03794.01,Kepler-1520 b,CONFIRMED,Done,2018-08-16,CANDIDATE,0.761,0,0,0,0,q1_q17_dr25_sup_koi,NO_COMMENT,0.65355361,1.65e-07,-1.65e-07,132.058957,0.000206,-0.000206,2454965.059,0.000206,-0.000206,0.0,,,,,,1.226,1.048,-0.08,1.63,0.0124,-0.0124,,,,4595.9,26.7,-26.7,0.318427,1.023676,-0.073893,0.32692,0.74544,-0.03418,LS+MCMC,22.95,1.88,-1.88,0.0129,,,50.98,,,1437.0,,,1004.07,317.94,-254.34,1.947,0.888,-0.888,Claret (2011 A&A 529 75) ATLAS LS,0.0,0.0,0.0775,0.666,q1_q17_dr25_koi,17.320908,156.91629,217.4,1,2040.0,1.0,q1_q17_dr25_tce,11111111111111111000000000000000,0.7783,Mandel and Agol (2002 ApJ 580 171),,,012/012557/012557548/dv/kplr012557548-20160209194854_dvr.pdf,012/012557/012557548/dv/kplr012557548-001-20160209194854_dvs.pdf,4550.0,136.0,-136.0,4.622,0.042,-0.032,-0.18,0.3,-0.3,0.66,0.054,-0.054,0.666,0.067,-0.055,,,,q1_q17_dr25_stellar,290.96622,51.504719,15.692,16.693,15.614,15.264,15.085,14.021,13.433,13.319,0.001,19.3977496,1.7e-06,51.504994,1.5e-05,0.055,0.056,0.986,0.052,-0.00072,0.00039,-7e-05,0.00056,0.005,0.069,-0.023,0.072,0.024,0.072,-0.048,0.07,0.191,0.082,0.197,0.082,kplr012557548,Kepler-1520b,2,"(3, 4)","(0.25, 0.3333333333333333)"
5518,9517393,K02076.02,Kepler-1085 b,CONFIRMED,Done,2018-08-16,CANDIDATE,1.0,0,0,0,0,q1_q17_dr25_sup_koi,CENT_FEW_DIFFS,219.3215562,0.0008517,-0.0008517,320.72862,0.00218,-0.00218,2455153.729,0.00218,-0.00218,0.0,,,,,,0.244,0.078,-0.244,12.4124,0.0964,-0.0964,,,,3628.7,41.2,-41.2,0.055313,0.00049,-0.00062,1.04654,0.1008,-0.13393,LS+MCMC,6.11,1.52,-0.65,0.7391,,,89.9,,,313.0,,,2.27,1.71,-0.67,138.6,13.3,-13.3,Claret (2011 A&A 529 75) ATLAS LS,0.0,0.0,0.2844,0.3661,q1_q17_dr25_koi,30.562717,55.7129,93.8,2,5.0,1.0,q1_q17_dr25_tce,11111111111111111000000000000000,0.9405,Mandel and Agol (2002 ApJ 580 171),,,009/009517/009517393/dv/kplr009517393-20160209194854_dvr.pdf,009/009517/009517393/dv/kplr009517393-001-20160209194854_dvs.pdf,6063.0,181.0,-181.0,4.476,0.055,-0.165,0.07,0.2,-0.35,1.012,0.252,-0.108,1.117,0.12,-0.16,,,,q1_q17_dr25_stellar,287.47763,46.141178,15.273,15.695,15.207,15.092,15.041,14.2,13.914,13.891,0.0,19.1651733,5.2e-06,46.141174,5.3e-05,-0.1,0.19,-0.02,0.19,-0.00034,0.00086,-0.00212,0.001,0.11,0.25,-0.04,0.13,0.11,0.24,0.11,0.24,-0.09,0.18,0.14,0.29,kplr009517393,Kepler-1085b,11,"(18, 22)","(0.045454545454545456, 0.05555555555555555)"
5542,4472818,K03878.01,Kepler-1524 b,CONFIRMED,Done,2018-08-16,CANDIDATE,0.982,0,0,0,0,q1_q17_dr25_sup_koi,NO_COMMENT,70.9672087,0.0001847,-0.0001847,182.66991,0.00202,-0.00202,2455015.67,0.00202,-0.00202,0.0,,,,,,0.545,0.035,-0.419,6.9623,0.0704,-0.0704,,,,784.7,12.3,-12.3,0.026365,0.002218,-0.000871,1.16776,0.62685,-0.66208,LS+MCMC,2.84,0.42,-0.15,0.3392,,,89.54,,,438.0,,,8.66,3.43,-1.31,67.7,18.2,-18.2,Claret (2011 A&A 529 75) ATLAS LS,0.0,0.0,0.2602,0.4096,q1_q17_dr25_koi,11.8449955,31.67353,69.3,2,16.0,1.0,q1_q17_dr25_tce,11111011101110111000000000000000,0.8771,Mandel and Agol (2002 ApJ 580 171),,,004/004472/004472818/dv/kplr004472818-20160209194854_dvr.pdf,004/004472/004472818/dv/kplr004472818-001-20160209194854_dvs.pdf,5818.0,78.0,-78.0,4.464,0.04,-0.12,0.1,0.15,-0.15,0.986,0.148,-0.053,1.032,0.057,-0.063,,,,q1_q17_dr25_stellar,293.88541,39.51981,12.72,13.157,12.668,12.532,12.459,11.622,11.324,11.263,0.019,19.5923588,4.9e-06,39.519736,4.9e-05,-0.05,0.2,-0.27,0.17,0.00026,0.00016,0.00011,0.00015,-0.37,0.14,0.21,0.21,0.42,0.16,-0.39,0.11,0.39,0.22,0.55,0.17,kplr004472818,Kepler-1524b,15,"(37, 45)","(0.022222222222222223, 0.02702702702702703)"
5572,7515679,K03728.01,Kepler-1517 b,CONFIRMED,Done,2018-08-16,CANDIDATE,0.0,0,0,0,0,q1_q17_dr25_sup_koi,HAS_SEC_TCE,5.546083089,8.258e-06,-8.258e-06,133.50348,0.00123,-0.00123,2454966.503,0.00123,-0.00123,0.0,,,,,,0.902,0.013,-0.629,2.717,0.11,-0.11,,,,2211.0,45.5,-45.5,0.050506,0.001074,-0.006259,0.37243,3.10626,-0.08815,LS+MCMC,22.27,2.2,-12.5,0.078,,,83.88,,,2336.0,,,7027.09,2437.78,-5901.49,8.46,4.2,-4.2,Claret (2011 A&A 529 75) ATLAS LS,0.0,0.0,0.3221,0.2457,q1_q17_dr25_koi,29.96207,154.73193,56.4,1,238.0,1.0,q1_q17_dr25_tce,11111111111111111000000000000000,0.1774,Mandel and Agol (2002 ApJ 580 171),,,007/007515/007515679/dv/kplr007515679-20160209194854_dvr.pdf,007/007515/007515679/dv/kplr007515679-001-20160209194854_dvs.pdf,7358.0,203.0,-330.0,3.538,0.58,-0.061,-0.08,0.25,-0.3,4.037,0.4,-2.266,2.054,0.11,-0.585,,,,q1_q17_dr25_stellar,287.80722,43.188782,12.252,12.395,12.204,12.196,12.203,11.505,11.346,11.303,0.0,19.18715072,5e-07,43.1888299,5.8e-06,0.107,0.02,0.18,0.021,8.5e-05,6.4e-05,3.4e-05,8.3e-05,-0.014,0.07,0.014,0.072,0.02,0.068,0.028,0.07,0.128,0.072,0.131,0.073,kplr007515679,Kepler-1517b,11,"(18, 22)","(0.045454545454545456, 0.05555555555555555)"
5614,12735740,K03663.01,Kepler-86 b,CONFIRMED,Done,2018-08-16,CANDIDATE,0.963,0,0,0,0,q1_q17_dr25_sup_koi,NO_COMMENT,282.5253558,0.0001219,-0.0001219,363.071925,0.000289,-0.000289,2455196.072,0.000289,-0.000289,0.0,,,,,,0.248,0.05,-0.075,10.7965,0.0292,-0.0292,,,,9746.4,16.7,-16.7,0.090074,0.00018,-0.000458,2.2641,0.13156,-0.07375,LS+MCMC,8.98,1.31,-0.47,0.836,,,89.93,,,264.0,,,1.15,0.47,-0.2,212.2,12.3,-12.3,Claret (2011 A&A 529 75) ATLAS LS,0.0,0.0,0.2622,0.4035,q1_q17_dr25_koi,247.31813,471.11786,696.0,1,5.0,1.0,q1_q17_dr25_tce,11111111111111111000000000000000,0.9138,Mandel and Agol (2002 ApJ 580 171),,,012/012735/012735740/dv/kplr012735740-20160209194854_dvr.pdf,012/012735/012735740/dv/kplr012735740-001-20160209194854_dvs.pdf,5725.0,102.0,-113.0,4.506,0.038,-0.113,0.0,0.15,-0.15,0.913,0.133,-0.048,0.974,0.054,-0.074,,,,q1_q17_dr25_stellar,289.76361,51.962601,12.62,13.038,12.56,12.441,12.408,11.501,11.182,11.116,0.189,19.31757255,6.3e-07,51.9627119,8e-06,-0.025,0.021,0.403,0.029,0.0003,0.0005,3e-05,0.00079,-0.008,0.07,0.043,0.088,0.044,0.086,0.011,0.072,0.32,0.12,0.32,0.12,kplr012735740,Kepler-86b,8,"(10, 12)","(0.08333333333333333, 0.1)"
5625,8552719,K01792.01,Kepler-953 b,CONFIRMED,Done,2018-08-16,CANDIDATE,0.927,0,0,0,0,q1_q17_dr25_sup_koi,CENT_KIC_POS,88.40678718,8.035e-05,-8.035e-05,176.274619,0.000709,-0.000709,2455009.275,0.000709,-0.000709,0.0,,,,,,0.535,0.056,-0.198,12.3079,0.0782,-0.0782,,,,1724.4,5.5,-5.5,0.03884,0.001384,-0.000858,0.28257,0.10254,-0.04004,LS+MCMC,4.55,0.73,-0.45,0.392,,,89.37,,,410.0,,,6.65,2.97,-1.67,48.9,17.7,-17.7,Claret (2011 A&A 529 75) ATLAS LS,0.0,0.0,0.2193,0.4785,q1_q17_dr25_koi,53.879288,153.93245,328.0,3,16.0,1.0,q1_q17_dr25_tce,11111111111111111000000000000000,0.4502,Mandel and Agol (2002 ApJ 580 171),,,008/008552/008552719/dv/kplr008552719-20160209194854_dvr.pdf,008/008552/008552719/dv/kplr008552719-001-20160209194854_dvs.pdf,5611.0,100.0,-112.0,4.388,0.08,-0.12,0.36,0.1,-0.15,1.073,0.173,-0.106,1.026,0.057,-0.057,,,,q1_q17_dr25_stellar,288.97165,44.624531,12.16,12.726,12.042,11.918,11.84,10.77,10.395,10.295,0.0,19.2647771,1e-06,44.624635,1.1e-05,0.016,0.04,0.377,0.04,0.000826,8.3e-05,-0.000327,9.6e-05,-0.461,0.091,0.157,0.096,0.487,0.092,-0.022,0.093,0.453,0.098,0.454,0.098,kplr008552719,Kepler-953b,13,"(26, 31)","(0.03225806451612903, 0.038461538461538464)"
5697,9886255,K01846.01,Kepler-976 b,CONFIRMED,Done,2018-08-16,CANDIDATE,1.0,0,0,0,0,q1_q17_dr25_sup_koi,CENT_KIC_POS,105.9566815,0.0003911,-0.0003911,182.05127,0.00308,-0.00308,2455015.051,0.00308,-0.00308,0.0,,,,,,0.322,0.083,-0.322,6.9988,0.099,-0.099,,,,2286.4,49.6,-49.6,0.043403,0.000675,-0.001114,2.54944,0.47924,-0.52076,LS+MCMC,3.79,0.58,-0.31,0.4217,,,89.84,,,324.0,,,2.59,1.29,-0.66,114.8,21.6,-21.6,Claret (2011 A&A 529 75) ATLAS LS,0.0,0.0,0.1959,0.5086,q1_q17_dr25_koi,14.776184,35.39178,51.8,1,13.0,1.0,q1_q17_dr25_tce,11111111111111111000000000000000,0.1844,Mandel and Agol (2002 ApJ 580 171),,,009/009886/009886255/dv/kplr009886255-20160209194854_dvr.pdf,009/009886/009886255/dv/kplr009886255-001-20160209194854_dvs.pdf,5327.0,159.0,-159.0,4.581,0.035,-0.105,0.02,0.25,-0.3,0.8,0.122,-0.066,0.891,0.061,-0.104,,,,q1_q17_dr25_stellar,289.86963,46.72971,15.795,16.445,15.715,15.517,15.378,14.361,13.973,13.887,0.2,19.3246527,6.9e-06,46.729476,7.3e-05,0.37,0.25,-0.84,0.26,0.00072,0.00067,-0.00029,0.00077,-1.03,0.15,1.27,0.18,1.63,0.17,-0.1,0.12,0.0,0.17,0.1,0.12,kplr009886255,Kepler-976b,12,"(22, 26)","(0.038461538461538464, 0.045454545454545456)"
5901,7679812,K03943.01,Kepler-1931 b,CONFIRMED,Done,2018-08-16,CANDIDATE,0.974,0,0,0,0,q1_q17_dr25_sup_koi,NO_COMMENT,38.5763483,0.0002012,-0.0002012,167.85725,0.0044,-0.0044,2455000.857,0.0044,-0.0044,0.0,,,,,,0.015,0.304,-0.015,19.861,0.114,-0.114,,,,282.1,4.2,-4.2,0.015366,0.000231,-0.000162,0.04356,0.00062,-0.00749,LS+MCMC,2.05,0.36,-0.22,0.2356,,,89.94,,,619.0,,,34.77,17.02,-9.52,15.076,0.215,-0.215,Claret (2011 A&A 529 75) ATLAS LS,0.0,0.0,0.3024,0.3288,q1_q17_dr25_koi,5.621471,22.407873,76.3,1,33.0,1.0,q1_q17_dr25_tce,11111111111111111000000000000000,0.3655,Mandel and Agol (2002 ApJ 580 171),,,007/007679/007679812/dv/kplr007679812-20160209194854_dvr.pdf,007/007679/007679812/dv/kplr007679812-001-20160209194854_dvs.pdf,6167.0,111.0,-136.0,4.333,0.076,-0.123,0.12,0.15,-0.15,1.221,0.217,-0.133,1.174,0.086,-0.096,,,,q1_q17_dr25_stellar,290.87228,43.333,12.626,12.933,12.58,12.494,12.485,11.581,11.361,11.33,0.0,19.391482,2.1e-06,43.333239,2.9e-05,-0.157,0.083,0.86,0.1,1e-06,2.5e-05,9.7e-05,3.1e-05,-0.22,0.43,0.88,0.51,0.91,0.41,-0.47,0.37,0.72,0.4,0.86,0.22,kplr007679812,Kepler-1931b,18,"(65, 78)","(0.01282051282051282, 0.015384615384615385)"
5908,7375348,K00266.01,Kepler-508 b,CONFIRMED,Done,2018-08-16,CANDIDATE,1.0,0,0,0,0,q1_q17_dr25_sup_koi,CENT_SATURATED,25.30893566,6.707e-05,-6.707e-05,171.50611,0.00222,-0.00222,2455004.506,0.00222,-0.00222,0.0,,,,,,0.799,0.005,-0.588,5.7704,0.0711,-0.0711,,,,153.7,3.2,-3.2,0.01257,0.001403,-0.00116,0.26856,0.72017,-0.08031,LS+MCMC,1.77,0.29,-0.28,0.1763,,,87.81,,,710.0,,,60.2,27.0,-21.16,20.87,9.3,-9.3,Claret (2011 A&A 529 75) ATLAS LS,0.0,0.0,0.2826,0.3729,q1_q17_dr25_koi,8.029724,41.147057,54.2,2,52.0,1.0,q1_q17_dr25_tce,11111111111111111000000000000000,0.7205,Mandel and Agol (2002 ApJ 580 171),,,007/007375/007375348/dv/kplr007375348-20160209194854_dvr.pdf,007/007375/007375348/dv/kplr007375348-001-20160209194854_dvs.pdf,5949.0,106.0,-118.0,4.272,0.12,-0.12,0.18,0.15,-0.15,1.292,0.209,-0.209,1.14,0.079,-0.099,,,,q1_q17_dr25_stellar,295.40433,42.981422,11.472,12.453,11.599,,,10.674,10.425,10.379,0.101,19.6936221,5.5e-06,42.981424,5.7e-05,0.0,0.22,0.0,0.21,-1.5e-05,3.4e-05,-3.6e-05,3.2e-05,0.26,0.28,-0.01,0.21,0.26,0.28,0.11,0.28,-0.33,0.21,0.35,0.24,kplr007375348,Kepler-508b,19,"(78, 93)","(0.010752688172043012, 0.01282051282051282)"
5924,8636434,K03946.01,Kepler-1533 b,CONFIRMED,Done,2018-08-16,CANDIDATE,0.988,0,0,0,0,q1_q17_dr25_sup_koi,NO_COMMENT,308.544422,0.001547,-0.001547,296.0738,0.00403,-0.00403,2455129.074,0.00403,-0.00403,0.0,,,,,,0.022,0.308,-0.022,18.503,0.127,-0.127,,,,586.8,11.8,-11.8,0.022233,0.00044,-0.0002,0.43857,0.00163,-0.11497,LS+MCMC,3.28,0.75,-0.38,0.9625,,,89.99,,,330.0,,,2.81,1.64,-0.73,130.198,0.484,-0.484,Claret (2011 A&A 529 75) ATLAS LS,0.0,0.0,0.3024,0.3288,q1_q17_dr25_koi,13.056906,25.56327,56.8,1,5.0,1.0,q1_q17_dr25_tce,11111111111111111000000000000000,0.006,Mandel and Agol (2002 ApJ 580 171),,,008/008636/008636434/dv/kplr008636434-20160209194854_dvr.pdf,008/008636/008636434/dv/kplr008636434-001-20160209194854_dvs.pdf,6325.0,69.0,-88.0,4.274,0.081,-0.15,0.14,0.15,-0.2,1.349,0.311,-0.156,1.252,0.101,-0.111,,,,q1_q17_dr25_stellar,295.97556,44.713451,13.215,13.539,13.159,13.076,13.052,12.224,11.965,11.926,0.751,19.7317044,6.6e-06,44.713427,6.3e-05,0.02,0.25,-0.08,0.23,-5e-05,0.00015,-4e-05,0.00014,0.23,0.33,0.07,0.44,0.24,0.25,0.2,0.31,-0.13,0.35,0.24,0.39,kplr008636434,Kepler-1533b,16,"(45, 54)","(0.018518518518518517, 0.022222222222222223)"
6011,4570949,K01658.01,Kepler-76 b,CONFIRMED,Done,2018-08-16,CANDIDATE,1.0,0,1,0,0,q1_q17_dr25_sup_koi,MOD_SEC_DV---PLANET_OCCULT_DV---HAS_SEC_TCE,1.544928892,6.3e-08,-6.3e-08,133.5487914,3.33e-05,-3.33e-05,2454966.549,3.33e-05,-3.33e-05,0.0,,,,,,0.918,0.003,-0.003,1.43586,0.00557,-0.00557,,,,5817.3,9.1,-9.1,0.087071,0.000904,-0.000834,0.92015,0.01804,-0.03022,LS+MCMC,13.43,2.41,-2.42,0.0274,,,79.15,,,1997.0,,,3765.46,1865.84,-1429.2,4.8783,0.0956,-0.0956,Claret (2011 A&A 529 75) ATLAS LS,0.0,0.0,0.303,0.3166,q1_q17_dr25_koi,78.916046,1154.6663,1109.7,1,692.0,1.0,q1_q17_dr25_tce,11111011101110111000000000000000,0.9144,Mandel and Agol (2002 ApJ 580 171),,,004/004570/004570949/dv/kplr004570949-20160209194854_dvr.pdf,004/004570/004570949/dv/kplr004570949-001-20160209194854_dvs.pdf,6309.0,114.0,-126.0,4.199,0.149,-0.122,-0.1,0.15,-0.15,1.412,0.254,-0.254,1.15,0.105,-0.096,,,,q1_q17_dr25_stellar,294.19211,39.618999,13.308,13.644,13.25,13.164,13.121,12.343,12.134,12.092,,19.61279424,2.9e-07,39.6188884,3.3e-06,-0.572,0.012,-0.402,0.012,,,-0.00424,0.00022,0.1,0.19,0.11,0.18,0.15,0.25,0.003,0.067,-0.033,0.068,0.033,0.068,kplr004570949,Kepler-76b,8,"(10, 12)","(0.08333333333333333, 0.1)"
6045,10005758,K01783.02,Kepler-1662 c,CONFIRMED,Done,2018-08-16,CANDIDATE,0.991,0,0,0,0,q1_q17_dr25_sup_koi,NO_COMMENT,284.063137,0.001795,-0.001795,200.83619,0.00336,-0.00336,2455033.836,0.00336,-0.00336,0.0,,,,,,0.888,0.065,-0.015,8.297,0.55,-0.55,,,,1628.1,49.6,-49.6,0.043589,0.003956,-0.002147,0.69068,0.04573,-0.51343,LS+MCMC,6.36,0.99,-1.22,0.8453,,,89.65,,,321.0,,,2.51,1.13,-0.98,143.36,9.5,-9.5,Claret (2011 A&A 529 75) ATLAS LS,0.0,0.0,0.2678,0.3958,q1_q17_dr25_koi,32.993294,58.095493,53.5,2,5.0,2.0,q1_q17_dr25_tce,11111111111111111000000000000000,0.0517,Mandel and Agol (2002 ApJ 580 171),,,010/010005/010005758/dv/kplr010005758-20160209194854_dvr.pdf,010/010005/010005758/dv/kplr010005758-002-20160209194854_dvs.pdf,5791.0,117.0,-105.0,4.185,0.182,-0.098,0.02,0.15,-0.15,1.336,0.209,-0.256,0.996,0.093,-0.07,,,,q1_q17_dr25_stellar,289.34143,46.988239,13.929,14.293,13.883,13.774,13.75,12.917,12.654,12.621,0.016,19.2894327,7e-06,46.988282,6.3e-05,0.17,0.26,0.15,0.23,0.0001,0.00045,-0.0006,0.00043,-0.19,0.16,-0.02,0.33,0.19,0.16,-0.03,0.17,-0.24,0.3,0.24,0.3,kplr010005758,Kepler-1662c,12,"(22, 26)","(0.038461538461538464, 0.045454545454545456)"
6133,5437945,K03791.02,Kepler-460 c,CONFIRMED,Done,2018-08-16,CANDIDATE,0.902,0,0,0,0,q1_q17_dr25_sup_koi,NO_COMMENT,220.142913,0.001289,-0.001289,245.94139,0.00284,-0.00284,2455078.941,0.00284,-0.00284,0.0,,,,,,0.023,0.334,-0.023,19.528,0.173,-0.173,,,,1796.4,15.7,-15.7,0.039068,0.000542,-0.000237,0.27951,0.01134,-0.0554,LS+MCMC,5.94,1.65,-1.64,0.7211,,,89.99,,,389.0,,,5.4,4.38,-2.93,89.46,3.6,-3.6,Claret (2011 A&A 529 75) ATLAS LS,0.0,0.0,0.3036,0.3098,q1_q17_dr25_koi,30.25709,56.63339,121.2,2,7.0,2.0,q1_q17_dr25_tce,11111111111111111000000000000000,0.0,Mandel and Agol (2002 ApJ 580 171),,,005/005437/005437945/dv/kplr005437945-20160209194854_dvr.pdf,005/005437/005437945/dv/kplr005437945-002-20160209194854_dvs.pdf,6340.0,171.0,-209.0,4.163,0.246,-0.164,-0.38,0.3,-0.3,1.393,0.385,-0.385,1.031,0.171,-0.128,,,,q1_q17_dr25_stellar,288.47485,40.65136,13.771,14.146,13.736,13.611,13.568,12.667,12.43,12.367,0.0,19.2316559,2.2e-06,40.651279,2.4e-05,-0.006,0.09,-0.293,0.086,-0.00054,0.00019,-2e-05,0.00021,0.37,0.16,0.08,0.41,0.38,0.23,0.27,0.15,-0.07,0.49,0.28,0.2,kplr005437945,Kepler-460c,13,"(26, 31)","(0.03225806451612903, 0.038461538461538464)"
6166,1873513,K04928.01,Kepler-1624 b,CONFIRMED,Done,2018-08-16,CANDIDATE,0.998,0,0,0,0,q1_q17_dr25_sup_koi,CENT_KIC_POS,3.290304098,4.432e-06,-4.432e-06,131.90944,0.00178,-0.00178,2454964.909,0.00178,-0.00178,0.0,,,,,,0.09,0.183,-0.09,1.7215,0.0126,-0.0126,,,,13553.0,64.8,-64.8,0.105209,0.000527,-0.000922,7.28769,0.05143,-0.96909,LS+MCMC,4.91,0.41,-0.11,0.0327,,,89.68,,,540.0,,,20.06,6.53,-1.58,16.097,0.114,-0.114,Claret (2011 A&A 529 75) ATLAS LS,0.0,0.0,0.2823,0.4558,q1_q17_dr25_koi,40.059727,234.08769,220.5,1,85.0,1.0,q1_q17_dr25_tce,00000000000001111000000000000000,0.9289,Mandel and Agol (2002 ApJ 580 171),,,001/001873/001873513/dv/kplr001873513-20160209194854_dvr.pdf,001/001873/001873513/dv/kplr001873513-001-20160209194854_dvs.pdf,3386.0,103.0,-33.0,4.81,0.01,-0.02,0.48,0.05,-0.15,0.427,0.036,-0.009,0.43,0.046,-0.009,,,,q1_q17_dr25_stellar,292.57986,37.376411,15.669,17.291,15.983,14.975,14.469,13.141,12.504,12.312,0.0,19.5053268,1.5e-06,37.375996,1.5e-05,0.062,0.063,-1.491,0.055,0.0019,0.0039,-0.0017,0.0049,-0.007,0.069,0.002,0.07,0.007,0.07,-0.105,0.068,-0.67,0.13,0.67,0.13,kplr001873513,Kepler-1624b,8,"(10, 12)","(0.08333333333333333, 0.1)"
6300,4760478,K05084.01,Kepler-1625 b,CONFIRMED,Done,2018-08-16,CANDIDATE,0.988,0,0,0,0,q1_q17_dr25_sup_koi,CENT_FEW_DIFFS,287.377314,0.002487,-0.002487,348.83318,0.00729,-0.00729,2455181.833,0.00729,-0.00729,0.0,,,,,,0.015,0.264,-0.015,18.821,0.188,-0.188,,,,4376.9,84.0,-84.0,0.059597,0.001122,-0.000498,0.43238,0.01483,-0.05502,LS+MCMC,11.67,1.71,-3.18,0.8748,,,89.99,,,350.0,,,3.56,1.41,-1.77,123.59,4.2,-4.2,Claret (2011 A&A 529 75) ATLAS LS,0.0,0.0,0.2329,0.4554,q1_q17_dr25_koi,31.18514,48.159397,60.4,1,3.0,1.0,q1_q17_dr25_tce,00011011101110111000000000000000,0.1794,Mandel and Agol (2002 ApJ 580 171),,,004/004760/004760478/dv/kplr004760478-20160209194854_dvr.pdf,004/004760/004760478/dv/kplr004760478-001-20160209194854_dvs.pdf,5548.0,83.0,-72.0,3.964,0.217,-0.093,0.12,0.15,-0.1,1.793,0.263,-0.488,1.079,0.1,-0.138,,,,q1_q17_dr25_stellar,295.42935,39.886539,15.756,16.367,15.721,15.494,15.381,14.364,13.989,13.916,0.0,19.6952823,5.4e-06,39.886738,5.2e-05,-0.32,0.22,0.71,0.19,-0.0046,0.0014,0.0001,0.0016,0.549,0.073,-0.49,0.25,0.73,0.17,0.02,0.16,-0.25,0.14,0.25,0.14,kplr004760478,Kepler-1625b,10,"(15, 18)","(0.05555555555555555, 0.06666666666666667)"
